"package_name","release","release_downloads","url","hex_updated_at","hex_inserted_at","inserted_at"
"oas","0.1.0",32,"https://hex.pm/api/packages/oas/releases/0.1.0","2024-11-06T12:58:37.603Z","2024-11-06T12:58:34.981Z","2025-05-02T23:59:36.193Z"
"oas","0.2.0",32,"https://hex.pm/api/packages/oas/releases/0.2.0","2024-11-10T16:12:40.183Z","2024-11-10T16:12:37.312Z","2025-05-02T23:59:36.193Z"
"oas","0.2.1",32,"https://hex.pm/api/packages/oas/releases/0.2.1","2024-11-11T13:05:29.452Z","2024-11-11T13:05:26.090Z","2025-05-02T23:59:36.193Z"
"oas","1.0.0",36,"https://hex.pm/api/packages/oas/releases/1.0.0","2024-11-14T11:13:45.845Z","2024-11-14T11:13:43.076Z","2025-05-02T23:59:36.193Z"
"oas","1.0.1",36,"https://hex.pm/api/packages/oas/releases/1.0.1","2024-11-19T09:19:35.720Z","2024-11-19T09:19:32.876Z","2025-05-02T23:59:36.193Z"
"oas","1.0.2",63,"https://hex.pm/api/packages/oas/releases/1.0.2","2024-11-24T15:15:07.863Z","2024-11-24T15:15:05.077Z","2025-05-02T23:59:36.193Z"
"oas","1.0.3",39,"https://hex.pm/api/packages/oas/releases/1.0.3","2025-02-11T17:14:19.833Z","2025-02-11T17:14:14.851Z","2025-05-02T23:59:36.193Z"
"oas","2.0.0",14,"https://hex.pm/api/packages/oas/releases/2.0.0","2025-04-29T15:09:22.726Z","2025-04-29T15:09:16.735Z","2025-05-02T23:59:36.193Z"
"acrostic","1.0.0",24,"https://hex.pm/api/packages/acrostic/releases/1.0.0","2024-11-14T06:27:29.658Z","2024-11-14T06:27:24.754Z","2025-01-16T14:10:13.361Z"
"acrostic","1.1.0",22,"https://hex.pm/api/packages/acrostic/releases/1.1.0","2024-11-20T10:31:12.016Z","2024-11-20T10:31:08.785Z","2025-01-16T14:10:13.361Z"
"acrostic","1.2.0",28,"https://hex.pm/api/packages/acrostic/releases/1.2.0","2024-11-23T00:39:38.025Z","2024-11-23T00:39:34.191Z","2025-01-16T14:10:13.361Z"
"acrostic","1.2.1",18,"https://hex.pm/api/packages/acrostic/releases/1.2.1","2025-01-13T16:53:08.169Z","2025-01-13T16:53:03.331Z","2025-01-16T14:10:13.361Z"
"act","0.1.0",53,"https://hex.pm/api/packages/act/releases/0.1.0","2024-03-24T19:41:10.884Z","2024-03-24T19:41:08.503Z","2024-07-02T23:44:28.001Z"
"act","0.2.0",58,"https://hex.pm/api/packages/act/releases/0.2.0","2024-03-25T23:36:04.237Z","2024-03-25T23:36:01.680Z","2024-07-02T23:44:28.001Z"
"act","0.2.1",49,"https://hex.pm/api/packages/act/releases/0.2.1","2024-03-31T21:18:07.983Z","2024-03-31T21:18:05.714Z","2024-07-02T23:44:28.001Z"
"act","0.3.0",96,"https://hex.pm/api/packages/act/releases/0.3.0","2024-04-18T16:50:56.951Z","2024-04-18T16:50:54.351Z","2024-07-02T23:44:28.001Z"
"act","0.4.0",60,"https://hex.pm/api/packages/act/releases/0.4.0","2024-06-06T12:14:12.860Z","2024-06-06T12:14:10.150Z","2024-07-02T23:44:28.001Z"
"adglent","1.0.0",215,"https://hex.pm/api/packages/adglent/releases/1.0.0","2023-11-16T20:08:57.288Z","2023-11-16T20:08:54.997Z","2024-11-11T11:38:11.945Z"
"adglent","1.0.0-rc1",238,"https://hex.pm/api/packages/adglent/releases/1.0.0-rc1","2023-10-28T19:49:22.872Z","2023-10-28T19:49:20.595Z","2024-11-11T11:38:11.945Z"
"adglent","1.0.0-rc3",213,"https://hex.pm/api/packages/adglent/releases/1.0.0-rc3","2023-11-14T20:36:57.216Z","2023-11-14T20:36:55.022Z","2024-11-11T11:38:11.945Z"
"adglent","1.0.0-rc4",217,"https://hex.pm/api/packages/adglent/releases/1.0.0-rc4","2023-11-14T20:49:58.041Z","2023-11-14T20:49:55.881Z","2024-11-11T11:38:11.945Z"
"adglent","1.0.0-rc5",217,"https://hex.pm/api/packages/adglent/releases/1.0.0-rc5","2023-11-15T18:04:32.537Z","2023-11-15T18:04:30.345Z","2024-11-11T11:38:11.945Z"
"adglent","1.0.1",215,"https://hex.pm/api/packages/adglent/releases/1.0.1","2023-11-16T20:35:31.060Z","2023-11-16T20:35:28.668Z","2024-11-11T11:38:11.945Z"
"adglent","1.0.2",213,"https://hex.pm/api/packages/adglent/releases/1.0.2","2023-11-17T07:19:41.400Z","2023-11-17T07:19:39.348Z","2024-11-11T11:38:11.945Z"
"adglent","1.1.0",213,"https://hex.pm/api/packages/adglent/releases/1.1.0","2023-11-18T19:15:01.422Z","2023-11-18T19:14:59.072Z","2024-11-11T11:38:11.945Z"
"adglent","1.2.0",280,"https://hex.pm/api/packages/adglent/releases/1.2.0","2023-11-21T07:38:58.448Z","2023-11-21T07:38:56.169Z","2024-11-11T11:38:11.945Z"
"adglent","1.3.0",18,"https://hex.pm/api/packages/adglent/releases/1.3.0","2024-11-08T07:39:02.181Z","2024-11-08T07:38:59.251Z","2024-11-11T11:38:11.945Z"
"ag_html","0.1.0",103,"https://hex.pm/api/packages/ag_html/releases/0.1.0","2022-11-26T15:39:40.356Z","2022-11-26T15:39:39.647Z","2024-07-03T02:01:23.361Z"
"aham","1.0.0",14,"https://hex.pm/api/packages/aham/releases/1.0.0","2024-07-22T11:55:58.310Z","2024-07-22T11:55:55.930Z","2024-07-25T06:26:39.007Z"
"akaridb","1.0.0",10,"https://hex.pm/api/packages/akaridb/releases/1.0.0","2024-08-11T05:06:13.000Z","2024-08-11T05:06:09.569Z","2024-08-13T20:33:55.666Z"
"alpaca","1.0.1",0,"https://hex.pm/api/packages/alpaca/releases/1.0.1","2024-07-11T12:39:43.671Z","2024-07-11T12:39:40.690Z","2024-07-11T15:48:13.041Z"
"amber","0.1.0",22,"https://hex.pm/api/packages/amber/releases/0.1.0","2024-10-21T01:48:55.163Z","2024-10-21T01:48:52.578Z","2025-01-04T09:09:11.342Z"
"amber","0.2.0",22,"https://hex.pm/api/packages/amber/releases/0.2.0","2024-10-24T17:22:00.323Z","2024-10-24T17:21:57.624Z","2025-01-04T09:09:11.342Z"
"amber","0.2.0-rc1",24,"https://hex.pm/api/packages/amber/releases/0.2.0-rc1","2024-10-24T16:56:55.307Z","2024-10-24T16:56:52.609Z","2025-01-04T09:09:11.342Z"
"amber","0.2.0-rc2",24,"https://hex.pm/api/packages/amber/releases/0.2.0-rc2","2024-10-24T17:17:07.730Z","2024-10-24T17:17:05.019Z","2025-01-04T09:09:11.342Z"
"amber","0.3.0",22,"https://hex.pm/api/packages/amber/releases/0.3.0","2024-11-03T01:57:55.031Z","2024-11-03T01:57:52.345Z","2025-01-04T09:09:11.342Z"
"amber","0.4.0",22,"https://hex.pm/api/packages/amber/releases/0.4.0","2024-12-30T20:03:42.532Z","2024-12-30T20:03:39.666Z","2025-01-04T09:09:11.342Z"
"amber","0.5.0",20,"https://hex.pm/api/packages/amber/releases/0.5.0","2024-12-30T23:14:47.863Z","2024-12-30T23:14:45.237Z","2025-01-04T09:09:11.342Z"
"amf0","0.1.0",77,"https://hex.pm/api/packages/amf0/releases/0.1.0","2023-10-31T18:41:48.609Z","2023-10-31T18:41:48.609Z","2024-07-03T01:08:19.931Z"
"amnesiac","1.0.0",24,"https://hex.pm/api/packages/amnesiac/releases/1.0.0","2024-06-14T19:53:22.043Z","2024-06-14T19:53:19.501Z","2024-07-02T23:38:08.987Z"
"amnesiac","1.1.0",34,"https://hex.pm/api/packages/amnesiac/releases/1.1.0","2024-06-15T16:06:58.508Z","2024-06-15T16:06:55.957Z","2024-07-02T23:38:08.987Z"
"ansel","1.0.0",18,"https://hex.pm/api/packages/ansel/releases/1.0.0","2024-10-14T17:51:16.601Z","2024-10-14T17:51:14.235Z","2024-10-17T16:55:27.177Z"
"antigone","1.0.0",110,"https://hex.pm/api/packages/antigone/releases/1.0.0","2024-03-25T22:27:59.257Z","2024-03-25T22:27:56.851Z","2024-07-03T00:07:38.630Z"
"antigone","1.1.0",171,"https://hex.pm/api/packages/antigone/releases/1.1.0","2024-04-18T17:37:07.530Z","2024-04-18T17:37:04.984Z","2024-07-03T00:07:38.630Z"
"aoc_2024","1.0.0",18,"https://hex.pm/api/packages/aoc_2024/releases/1.0.0","2024-12-21T19:04:23.897Z","2024-12-21T19:04:21.104Z","2024-12-26T09:24:26.007Z"
"aonyx_graph","1.0.0-preview.0",20,"https://hex.pm/api/packages/aonyx_graph/releases/1.0.0-preview.0","2025-04-20T22:19:43.270Z","2025-04-20T22:19:40.916Z","2025-05-02T23:56:37.637Z"
"aonyx_graph","1.0.1",34,"https://hex.pm/api/packages/aonyx_graph/releases/1.0.1","2025-04-21T15:49:02.394Z","2025-04-21T15:01:17.226Z","2025-05-02T23:56:37.637Z"
"aonyx_graph","1.0.1-preview.3",20,"https://hex.pm/api/packages/aonyx_graph/releases/1.0.1-preview.3","2025-04-21T16:04:33.800Z","2025-04-21T09:57:28.644Z","2025-05-02T23:56:37.637Z"
"aonyx_graph","1.0.2",20,"https://hex.pm/api/packages/aonyx_graph/releases/1.0.2","2025-04-22T20:36:36.947Z","2025-04-22T20:36:34.346Z","2025-05-02T23:56:37.637Z"
"aonyx_graph","1.0.3",18,"https://hex.pm/api/packages/aonyx_graph/releases/1.0.3","2025-04-25T20:50:45.151Z","2025-04-25T20:50:42.813Z","2025-05-02T23:56:37.637Z"
"aonyx_graph","1.1.0",0,"https://hex.pm/api/packages/aonyx_graph/releases/1.1.0","2025-05-02T18:33:22.246Z","2025-05-02T18:33:18.927Z","2025-05-02T23:56:37.637Z"
"apollo","0.1.0",54,"https://hex.pm/api/packages/apollo/releases/0.1.0","2023-08-11T22:07:21.732Z","2023-08-11T22:07:19.430Z","2024-07-03T01:22:40.345Z"
"apollo","0.1.1",71,"https://hex.pm/api/packages/apollo/releases/0.1.1","2023-08-11T23:35:20.272Z","2023-08-11T23:35:17.620Z","2024-07-03T01:22:40.345Z"
"aragorn2","0.0.1",27,"https://hex.pm/api/packages/aragorn2/releases/0.0.1","2024-05-27T21:07:09.964Z","2024-05-27T21:07:07.427Z","2024-07-02T23:48:37.792Z"
"aragorn2","0.0.2",28,"https://hex.pm/api/packages/aragorn2/releases/0.0.2","2024-05-28T15:20:05.382Z","2024-05-28T15:20:03.036Z","2024-07-02T23:48:37.792Z"
"aragorn2","0.1.0",66,"https://hex.pm/api/packages/aragorn2/releases/0.1.0","2024-05-30T03:58:24.538Z","2024-05-30T03:58:21.603Z","2024-07-02T23:48:37.792Z"
"arcana_signals","0.0.1",39,"https://hex.pm/api/packages/arcana_signals/releases/0.0.1","2024-03-16T22:52:27.232Z","2024-03-16T22:52:24.995Z","2024-07-03T00:18:18.905Z"
"arcana_signals","0.0.2",45,"https://hex.pm/api/packages/arcana_signals/releases/0.0.2","2024-03-27T21:51:48.604Z","2024-03-27T21:51:46.540Z","2024-07-03T00:18:18.905Z"
"arctic","1.0.0",50,"https://hex.pm/api/packages/arctic/releases/1.0.0","2024-08-03T11:44:55.996Z","2024-08-03T11:44:52.625Z","2025-04-09T08:51:48.659Z"
"arctic","1.0.1",57,"https://hex.pm/api/packages/arctic/releases/1.0.1","2024-08-04T03:41:23.237Z","2024-08-04T03:41:20.466Z","2025-04-09T08:51:48.659Z"
"arctic","10.0.0",48,"https://hex.pm/api/packages/arctic/releases/10.0.0","2024-09-12T00:16:22.423Z","2024-09-12T00:16:19.650Z","2025-04-09T08:51:48.658Z"
"arctic","10.0.0-alpha",64,"https://hex.pm/api/packages/arctic/releases/10.0.0-alpha","2024-08-28T22:33:05.983Z","2024-08-28T22:33:03.063Z","2025-04-09T08:51:48.658Z"
"arctic","10.0.0-alpha2",52,"https://hex.pm/api/packages/arctic/releases/10.0.0-alpha2","2024-09-01T19:03:08.301Z","2024-09-01T19:03:04.923Z","2025-04-09T08:51:48.658Z"
"arctic","10.0.1",42,"https://hex.pm/api/packages/arctic/releases/10.0.1","2024-10-11T23:58:21.569Z","2024-10-11T23:58:19.101Z","2025-04-09T08:51:48.658Z"
"arctic","11.0.0",63,"https://hex.pm/api/packages/arctic/releases/11.0.0","2024-10-21T01:24:00.887Z","2024-10-21T01:23:58.018Z","2025-04-09T08:51:48.658Z"
"arctic","11.0.0-alpha",38,"https://hex.pm/api/packages/arctic/releases/11.0.0-alpha","2024-10-20T23:09:53.000Z","2024-10-20T23:09:50.012Z","2025-04-09T08:51:48.658Z"
"arctic","11.0.0-alpha2",38,"https://hex.pm/api/packages/arctic/releases/11.0.0-alpha2","2024-10-20T23:20:15.963Z","2024-10-20T23:20:13.053Z","2025-04-09T08:51:48.658Z"
"arctic","11.0.0-alpha3",38,"https://hex.pm/api/packages/arctic/releases/11.0.0-alpha3","2024-10-20T23:33:41.634Z","2024-10-20T23:33:38.890Z","2025-04-09T08:51:48.658Z"
"arctic","11.0.0-alpha4",40,"https://hex.pm/api/packages/arctic/releases/11.0.0-alpha4","2024-10-20T23:41:21.242Z","2024-10-20T23:41:18.200Z","2025-04-09T08:51:48.658Z"
"arctic","11.0.0-alpha5",48,"https://hex.pm/api/packages/arctic/releases/11.0.0-alpha5","2024-10-21T00:15:56.838Z","2024-10-21T00:15:53.955Z","2025-04-09T08:51:48.658Z"
"arctic","11.0.1",34,"https://hex.pm/api/packages/arctic/releases/11.0.1","2024-10-21T05:16:47.668Z","2024-10-21T05:16:44.934Z","2025-04-09T08:51:48.658Z"
"arctic","11.0.2",38,"https://hex.pm/api/packages/arctic/releases/11.0.2","2024-10-21T17:25:19.078Z","2024-10-21T17:25:16.368Z","2025-04-09T08:51:48.658Z"
"arctic","11.0.3",68,"https://hex.pm/api/packages/arctic/releases/11.0.3","2024-10-21T17:39:51.221Z","2024-10-21T17:39:48.325Z","2025-04-09T08:51:48.658Z"
"arctic","11.0.4",49,"https://hex.pm/api/packages/arctic/releases/11.0.4","2024-10-22T00:51:51.027Z","2024-10-22T00:51:48.067Z","2025-04-09T08:51:48.658Z"
"arctic","11.0.5",40,"https://hex.pm/api/packages/arctic/releases/11.0.5","2024-10-22T01:16:09.638Z","2024-10-22T01:16:06.610Z","2025-04-09T08:51:48.658Z"
"arctic","11.0.6",156,"https://hex.pm/api/packages/arctic/releases/11.0.6","2024-11-01T04:05:22.728Z","2024-11-01T04:05:19.854Z","2025-04-09T08:51:48.657Z"
"arctic","11.0.6-alpha",40,"https://hex.pm/api/packages/arctic/releases/11.0.6-alpha","2024-10-26T05:35:55.592Z","2024-10-26T05:35:52.646Z","2025-04-09T08:51:48.658Z"
"arctic","11.0.6-beta",46,"https://hex.pm/api/packages/arctic/releases/11.0.6-beta","2024-10-26T21:39:53.228Z","2024-10-26T21:39:50.672Z","2025-04-09T08:51:48.658Z"
"arctic","11.0.6-delta",34,"https://hex.pm/api/packages/arctic/releases/11.0.6-delta","2024-10-26T23:20:03.023Z","2024-10-26T23:20:00.145Z","2025-04-09T08:51:48.658Z"
"arctic","11.0.6-gamma",38,"https://hex.pm/api/packages/arctic/releases/11.0.6-gamma","2024-10-26T23:03:03.353Z","2024-10-26T23:03:00.546Z","2025-04-09T08:51:48.658Z"
"arctic","11.0.6-z1",38,"https://hex.pm/api/packages/arctic/releases/11.0.6-z1","2024-10-27T00:07:03.586Z","2024-10-27T00:07:00.766Z","2025-04-09T08:51:48.657Z"
"arctic","11.0.6-z2",38,"https://hex.pm/api/packages/arctic/releases/11.0.6-z2","2024-10-27T00:17:14.399Z","2024-10-27T00:17:10.277Z","2025-04-09T08:51:48.657Z"
"arctic","11.0.6-z3",38,"https://hex.pm/api/packages/arctic/releases/11.0.6-z3","2024-10-27T00:23:51.338Z","2024-10-27T00:23:48.711Z","2025-04-09T08:51:48.657Z"
"arctic","11.0.6-z4",40,"https://hex.pm/api/packages/arctic/releases/11.0.6-z4","2024-10-27T00:43:31.453Z","2024-10-27T00:43:28.134Z","2025-04-09T08:51:48.657Z"
"arctic","11.0.6-z5",39,"https://hex.pm/api/packages/arctic/releases/11.0.6-z5","2024-10-27T01:15:55.227Z","2024-10-27T01:15:52.320Z","2025-04-09T08:51:48.657Z"
"arctic","11.0.6-z6",88,"https://hex.pm/api/packages/arctic/releases/11.0.6-z6","2024-10-27T01:24:26.610Z","2024-10-27T01:24:23.920Z","2025-04-09T08:51:48.657Z"
"arctic","11.0.7",18,"https://hex.pm/api/packages/arctic/releases/11.0.7","2025-04-07T01:53:35.344Z","2025-04-07T01:53:32.514Z","2025-04-09T08:51:48.657Z"
"arctic","11.0.8",18,"https://hex.pm/api/packages/arctic/releases/11.0.8","2025-04-07T06:28:49.488Z","2025-04-07T06:28:46.168Z","2025-04-09T08:51:48.657Z"
"arctic","2.0.0",56,"https://hex.pm/api/packages/arctic/releases/2.0.0","2024-08-04T03:49:00.006Z","2024-08-04T03:48:57.391Z","2025-04-09T08:51:48.659Z"
"arctic","3.0.0",52,"https://hex.pm/api/packages/arctic/releases/3.0.0","2024-08-04T03:59:37.097Z","2024-08-04T03:59:34.514Z","2025-04-09T08:51:48.659Z"
"arctic","4.0.0",50,"https://hex.pm/api/packages/arctic/releases/4.0.0","2024-08-04T04:05:50.216Z","2024-08-04T04:05:47.362Z","2025-04-09T08:51:48.659Z"
"arctic","5.0.0",53,"https://hex.pm/api/packages/arctic/releases/5.0.0","2024-08-04T07:19:44.544Z","2024-08-04T07:19:40.850Z","2025-04-09T08:51:48.659Z"
"arctic","6.0.0",54,"https://hex.pm/api/packages/arctic/releases/6.0.0","2024-08-04T07:45:58.307Z","2024-08-04T07:45:55.669Z","2025-04-09T08:51:48.659Z"
"arctic","7.0.0",68,"https://hex.pm/api/packages/arctic/releases/7.0.0","2024-08-04T08:00:01.761Z","2024-08-04T07:59:59.107Z","2025-04-09T08:51:48.659Z"
"arctic","8.0.0",59,"https://hex.pm/api/packages/arctic/releases/8.0.0","2024-08-12T07:24:37.615Z","2024-08-12T07:23:57.922Z","2025-04-09T08:51:48.658Z"
"arctic","9.0.0",48,"https://hex.pm/api/packages/arctic/releases/9.0.0","2024-08-14T13:31:21.352Z","2024-08-14T13:08:27.703Z","2025-04-09T08:51:48.658Z"
"arctic","9.0.2",49,"https://hex.pm/api/packages/arctic/releases/9.0.2","2024-08-14T14:05:25.287Z","2024-08-14T14:05:17.488Z","2025-04-09T08:51:48.658Z"
"arctic","9.0.3",59,"https://hex.pm/api/packages/arctic/releases/9.0.3","2024-08-21T11:39:52.323Z","2024-08-21T11:39:48.939Z","2025-04-09T08:51:48.658Z"
"arctic","9.0.4",50,"https://hex.pm/api/packages/arctic/releases/9.0.4","2024-08-21T18:42:21.671Z","2024-08-21T18:42:18.147Z","2025-04-09T08:51:48.658Z"
"arctic","9.0.5",48,"https://hex.pm/api/packages/arctic/releases/9.0.5","2024-08-21T18:58:20.337Z","2024-08-21T18:58:16.833Z","2025-04-09T08:51:48.658Z"
"arctic_plugin_diagram","1.0.0",18,"https://hex.pm/api/packages/arctic_plugin_diagram/releases/1.0.0","2024-10-19T23:05:49.622Z","2024-10-19T23:05:46.670Z","2024-10-24T02:40:55.069Z"
"arctic_plugin_diagram","1.0.1",16,"https://hex.pm/api/packages/arctic_plugin_diagram/releases/1.0.1","2024-10-22T00:56:27.260Z","2024-10-22T00:56:24.585Z","2024-10-24T02:40:55.069Z"
"argamak","0.2.0",65,"https://hex.pm/api/packages/argamak/releases/0.2.0","2022-09-30T03:17:57.124Z","2022-09-30T03:17:53.376Z","2024-07-03T00:43:02.982Z"
"argamak","0.3.0",70,"https://hex.pm/api/packages/argamak/releases/0.3.0","2022-11-20T15:24:44.279Z","2022-11-20T15:24:43.563Z","2024-07-03T00:43:02.982Z"
"argamak","0.4.0",60,"https://hex.pm/api/packages/argamak/releases/0.4.0","2023-09-12T02:06:52.807Z","2023-09-12T02:06:50.188Z","2024-07-03T00:43:02.982Z"
"argamak","1.0.0",56,"https://hex.pm/api/packages/argamak/releases/1.0.0","2023-12-22T23:10:49.055Z","2023-12-22T23:10:46.718Z","2024-07-03T00:43:02.982Z"
"argamak","1.1.0",62,"https://hex.pm/api/packages/argamak/releases/1.1.0","2024-02-18T00:04:55.051Z","2024-02-18T00:04:52.622Z","2024-07-03T00:43:02.982Z"
"argus","1.0.0",60,"https://hex.pm/api/packages/argus/releases/1.0.0","2024-07-14T17:41:46.432Z","2024-07-14T17:41:43.790Z","2024-09-25T12:15:48.232Z"
"argus","1.0.1",136,"https://hex.pm/api/packages/argus/releases/1.0.1","2024-08-07T11:47:00.684Z","2024-08-07T11:46:58.177Z","2024-09-25T12:15:48.232Z"
"argus","1.0.2",20,"https://hex.pm/api/packages/argus/releases/1.0.2","2024-09-23T18:15:55.866Z","2024-09-23T18:15:53.460Z","2024-09-25T12:15:48.232Z"
"argv","1.0.0",48,"https://hex.pm/api/packages/argv/releases/1.0.0","2023-12-22T19:10:07.526Z","2023-12-22T19:10:05.086Z","2024-07-03T00:21:11.917Z"
"argv","1.0.1",4791,"https://hex.pm/api/packages/argv/releases/1.0.1","2023-12-26T08:37:45.070Z","2023-12-26T08:37:42.430Z","2024-07-03T00:21:11.917Z"
"argv","1.0.2",19525,"https://hex.pm/api/packages/argv/releases/1.0.2","2024-03-22T18:40:40.208Z","2024-03-22T18:40:37.963Z","2024-07-03T00:21:11.917Z"
"ask","0.1.0",36,"https://hex.pm/api/packages/ask/releases/0.1.0","2024-04-20T21:12:44.484Z","2024-04-20T15:48:07.925Z","2024-07-03T00:06:16.639Z"
"ask","0.1.1",38,"https://hex.pm/api/packages/ask/releases/0.1.1","2024-04-20T21:13:58.041Z","2024-04-20T21:13:55.855Z","2024-07-03T00:06:16.639Z"
"ask","0.2.0",64,"https://hex.pm/api/packages/ask/releases/0.2.0","2024-04-22T14:53:30.383Z","2024-04-22T14:53:28.114Z","2024-07-03T00:06:16.639Z"
"asterix","1.0.0",28,"https://hex.pm/api/packages/asterix/releases/1.0.0","2024-06-11T12:25:00.355Z","2024-06-11T12:24:57.212Z","2024-07-02T23:42:13.608Z"
"atomb","1.0.0",24,"https://hex.pm/api/packages/atomb/releases/1.0.0","2025-03-25T16:23:12.365Z","2025-03-25T16:23:10.012Z","2025-03-27T11:42:52.523Z"
"atomic_array","1.0.0",8,"https://hex.pm/api/packages/atomic_array/releases/1.0.0","2024-07-25T17:17:04.459Z","2024-07-25T17:17:01.866Z","2024-07-26T13:19:07.796Z"
"atto","1.0.0",20,"https://hex.pm/api/packages/atto/releases/1.0.0","2024-11-28T14:33:46.345Z","2024-11-28T01:35:45.506Z","2024-12-02T10:14:50.054Z"
"aws4_request","0.1.0",70,"https://hex.pm/api/packages/aws4_request/releases/0.1.0","2023-11-12T16:30:52.865Z","2023-11-12T16:30:50.567Z","2025-02-11T07:16:59.592Z"
"aws4_request","0.1.1",1914,"https://hex.pm/api/packages/aws4_request/releases/0.1.1","2024-01-16T13:47:25.559Z","2024-01-16T13:47:23.367Z","2025-02-11T07:16:59.592Z"
"aws4_request","0.1.2",38,"https://hex.pm/api/packages/aws4_request/releases/0.1.2","2024-08-29T11:04:05.188Z","2024-08-29T11:04:02.544Z","2025-02-11T07:16:59.592Z"
"aws4_request","1.0.0",2632,"https://hex.pm/api/packages/aws4_request/releases/1.0.0","2024-08-29T11:39:51.011Z","2024-08-29T11:39:48.458Z","2025-02-11T07:16:59.592Z"
"aws4_request","1.1.0",4020,"https://hex.pm/api/packages/aws4_request/releases/1.1.0","2024-09-17T13:56:31.206Z","2024-09-17T13:56:28.688Z","2025-02-11T07:16:59.592Z"
"aws4_request","1.2.0",3273,"https://hex.pm/api/packages/aws4_request/releases/1.2.0","2024-11-25T13:41:56.546Z","2024-11-25T13:41:53.922Z","2025-02-11T07:16:59.592Z"
"aws4_request","1.2.1",18,"https://hex.pm/api/packages/aws4_request/releases/1.2.1","2025-02-06T12:10:04.872Z","2025-02-06T12:10:00.754Z","2025-02-11T07:16:59.592Z"
"aws4_request","1.2.2",16,"https://hex.pm/api/packages/aws4_request/releases/1.2.2","2025-02-08T13:58:02.299Z","2025-02-08T13:57:59.298Z","2025-02-11T07:16:59.592Z"
"aws_api","0.1.0",31,"https://hex.pm/api/packages/aws_api/releases/0.1.0","2025-01-04T21:00:32.446Z","2024-08-30T21:53:17.374Z","2025-01-07T09:06:25.006Z"
"aws_api","0.1.1",38,"https://hex.pm/api/packages/aws_api/releases/0.1.1","2025-01-04T21:00:07.967Z","2024-08-30T22:26:28.324Z","2025-01-07T09:06:25.006Z"
"bare_package1","1.0.0",97,"https://hex.pm/api/packages/bare_package1/releases/1.0.0","2021-12-19T17:19:58.467Z","2021-12-19T17:19:58.467Z","2024-07-03T02:39:38.614Z"
"bare_package_one","1.0.0",90,"https://hex.pm/api/packages/bare_package_one/releases/1.0.0","2021-12-19T17:20:42.697Z","2021-12-19T17:20:40.013Z","2024-07-03T02:39:28.699Z"
"bare_package_one","2.0.0",102,"https://hex.pm/api/packages/bare_package_one/releases/2.0.0","2021-12-20T18:42:06.145Z","2021-12-20T18:42:03.036Z","2024-07-03T02:39:28.699Z"
"bare_package_two","1.0.0",89,"https://hex.pm/api/packages/bare_package_two/releases/1.0.0","2021-12-19T17:23:06.825Z","2021-12-19T17:23:03.952Z","2024-07-03T02:39:27.546Z"
"bare_package_two","2.0.0",105,"https://hex.pm/api/packages/bare_package_two/releases/2.0.0","2021-12-20T18:42:47.941Z","2021-12-20T18:42:44.981Z","2024-07-03T02:39:27.546Z"
"barnacle","1.0.0",42,"https://hex.pm/api/packages/barnacle/releases/1.0.0","2024-10-21T20:30:16.504Z","2024-10-21T20:30:13.865Z","2025-04-03T08:37:45.335Z"
"barnacle","1.1.0",62,"https://hex.pm/api/packages/barnacle/releases/1.1.0","2024-10-25T19:55:47.439Z","2024-10-25T19:55:44.530Z","2025-04-03T08:37:45.335Z"
"barnacle","2.0.0",78,"https://hex.pm/api/packages/barnacle/releases/2.0.0","2024-12-18T21:32:45.932Z","2024-12-18T21:32:43.115Z","2025-04-03T08:37:45.335Z"
"barnacle","2.0.1",18,"https://hex.pm/api/packages/barnacle/releases/2.0.1","2025-03-29T20:49:11.567Z","2025-03-29T20:49:08.825Z","2025-04-03T08:37:45.335Z"
"base_x_gleam","0.1.0",16,"https://hex.pm/api/packages/base_x_gleam/releases/0.1.0","2025-03-11T14:47:37.207Z","2025-03-11T14:34:11.311Z","2025-03-14T14:31:42.377Z"
"base_x_gleam","0.1.1",20,"https://hex.pm/api/packages/base_x_gleam/releases/0.1.1","2025-03-12T00:12:37.992Z","2025-03-12T00:12:35.625Z","2025-03-14T14:31:42.377Z"
"base_x_gleam","0.1.2",26,"https://hex.pm/api/packages/base_x_gleam/releases/0.1.2","2025-03-12T00:36:33.910Z","2025-03-12T00:36:31.404Z","2025-03-14T14:31:42.377Z"
"based","1.0.0",31,"https://hex.pm/api/packages/based/releases/1.0.0","2024-06-04T20:56:35.027Z","2024-06-04T20:56:32.279Z","2024-07-02T23:38:02.077Z"
"based","1.1.0",38,"https://hex.pm/api/packages/based/releases/1.1.0","2024-06-06T01:48:01.324Z","2024-06-06T01:47:58.424Z","2024-07-02T23:38:02.077Z"
"based","2.0.0",240,"https://hex.pm/api/packages/based/releases/2.0.0","2024-06-06T19:01:32.022Z","2024-06-06T19:01:29.046Z","2024-07-02T23:38:02.077Z"
"based","3.0.0",53,"https://hex.pm/api/packages/based/releases/3.0.0","2024-06-14T01:29:20.462Z","2024-06-14T01:29:17.846Z","2024-07-02T23:38:02.077Z"
"based","3.0.1",128,"https://hex.pm/api/packages/based/releases/3.0.1","2024-06-15T20:30:41.942Z","2024-06-15T20:30:39.446Z","2024-07-02T23:38:02.076Z"
"based_pg","1.0.0",28,"https://hex.pm/api/packages/based_pg/releases/1.0.0","2024-06-06T01:59:58.161Z","2024-06-06T01:59:55.433Z","2024-07-02T23:38:00.796Z"
"based_pg","2.0.0",168,"https://hex.pm/api/packages/based_pg/releases/2.0.0","2024-06-06T19:27:44.019Z","2024-06-06T19:27:41.349Z","2024-07-02T23:38:00.796Z"
"based_pg","3.0.0",20,"https://hex.pm/api/packages/based_pg/releases/3.0.0","2024-06-14T01:58:59.846Z","2024-06-14T01:58:57.135Z","2024-07-02T23:38:00.796Z"
"based_pg","3.0.1",20,"https://hex.pm/api/packages/based_pg/releases/3.0.1","2024-06-15T20:42:39.607Z","2024-06-15T20:42:36.937Z","2024-07-02T23:38:00.796Z"
"based_pg","4.0.0",27,"https://hex.pm/api/packages/based_pg/releases/4.0.0","2024-06-15T21:32:00.322Z","2024-06-15T21:31:57.763Z","2024-07-02T23:38:00.796Z"
"based_sqlite","1.0.0",31,"https://hex.pm/api/packages/based_sqlite/releases/1.0.0","2024-06-06T01:56:11.129Z","2024-06-06T01:56:07.722Z","2024-07-02T23:39:10.198Z"
"based_sqlite","2.0.0",200,"https://hex.pm/api/packages/based_sqlite/releases/2.0.0","2024-06-06T19:16:53.258Z","2024-06-06T19:16:50.352Z","2024-07-02T23:39:10.198Z"
"based_sqlite","3.0.0",114,"https://hex.pm/api/packages/based_sqlite/releases/3.0.0","2024-06-14T01:45:00.415Z","2024-06-14T01:44:57.680Z","2024-07-02T23:39:10.198Z"
"bath","1.0.0",22,"https://hex.pm/api/packages/bath/releases/1.0.0","2024-12-24T23:19:21.991Z","2024-12-24T23:19:19.163Z","2025-01-02T16:02:17.168Z"
"bath","2.0.0",34,"https://hex.pm/api/packages/bath/releases/2.0.0","2024-12-29T22:05:21.698Z","2024-12-29T22:05:18.717Z","2025-01-02T16:02:17.168Z"
"battlesnake","0.1.0",12,"https://hex.pm/api/packages/battlesnake/releases/0.1.0","2024-08-29T17:14:44.846Z","2024-08-29T17:14:42.297Z","2024-09-01T14:59:30.454Z"
"beecrypt","0.1.0",46,"https://hex.pm/api/packages/beecrypt/releases/0.1.0","2023-05-11T16:27:54.811Z","2023-05-11T16:26:12.618Z","2024-07-03T00:51:51.194Z"
"beecrypt","0.2.0",72,"https://hex.pm/api/packages/beecrypt/releases/0.2.0","2023-08-06T20:33:37.944Z","2023-08-06T20:33:35.479Z","2024-07-03T00:51:51.194Z"
"beecrypt","0.3.0",107,"https://hex.pm/api/packages/beecrypt/releases/0.3.0","2023-11-06T18:35:43.535Z","2023-11-06T18:35:41.286Z","2024-07-03T00:51:51.194Z"
"beecrypt","0.3.1",252,"https://hex.pm/api/packages/beecrypt/releases/0.3.1","2024-01-16T13:15:02.824Z","2024-01-16T13:15:00.299Z","2024-07-03T00:51:51.194Z"
"beencode","1.0.0",20,"https://hex.pm/api/packages/beencode/releases/1.0.0","2025-01-26T14:35:03.196Z","2025-01-26T09:34:45.357Z","2025-01-29T00:24:09.713Z"
"bg_jobs","0.1.0",26,"https://hex.pm/api/packages/bg_jobs/releases/0.1.0","2024-11-10T18:59:11.676Z","2024-11-10T18:59:08.752Z","2025-03-15T21:25:48.471Z"
"bg_jobs","0.2.0",28,"https://hex.pm/api/packages/bg_jobs/releases/0.2.0","2024-11-10T19:50:55.425Z","2024-11-10T19:50:52.889Z","2025-03-15T21:25:48.471Z"
"bg_jobs","0.3.0",28,"https://hex.pm/api/packages/bg_jobs/releases/0.3.0","2024-11-19T20:05:05.623Z","2024-11-19T20:05:03.147Z","2025-03-15T21:25:48.471Z"
"bg_jobs","0.4.0",34,"https://hex.pm/api/packages/bg_jobs/releases/0.4.0","2024-11-25T19:54:43.284Z","2024-11-25T19:54:40.615Z","2025-03-15T21:25:48.471Z"
"bg_jobs","0.5.0",32,"https://hex.pm/api/packages/bg_jobs/releases/0.5.0","2024-12-12T20:48:13.162Z","2024-12-12T20:48:10.515Z","2025-03-15T21:25:48.471Z"
"bg_jobs","0.5.1",70,"https://hex.pm/api/packages/bg_jobs/releases/0.5.1","2025-01-06T13:02:51.233Z","2025-01-06T13:02:48.754Z","2025-03-15T21:25:48.471Z"
"bg_jobs","0.5.2",14,"https://hex.pm/api/packages/bg_jobs/releases/0.5.2","2025-03-12T10:57:26.081Z","2025-03-12T10:57:23.653Z","2025-03-15T21:25:48.471Z"
"bibi","0.0.1",36,"https://hex.pm/api/packages/bibi/releases/0.0.1","2025-03-01T05:40:35.660Z","2025-03-01T05:40:32.648Z","2025-03-31T08:28:30.593Z"
"bibi","0.0.2",36,"https://hex.pm/api/packages/bibi/releases/0.0.2","2025-03-02T14:50:56.483Z","2025-03-02T14:50:53.661Z","2025-03-31T08:28:30.593Z"
"bibi","0.0.3",36,"https://hex.pm/api/packages/bibi/releases/0.0.3","2025-03-02T15:21:26.659Z","2025-03-02T15:21:23.865Z","2025-03-31T08:28:30.593Z"
"bibi","0.0.4",36,"https://hex.pm/api/packages/bibi/releases/0.0.4","2025-03-03T14:36:22.578Z","2025-03-03T14:36:19.553Z","2025-03-31T08:28:30.593Z"
"bibi","0.0.5",86,"https://hex.pm/api/packages/bibi/releases/0.0.5","2025-03-14T13:25:43.938Z","2025-03-14T13:25:41.018Z","2025-03-31T08:28:30.593Z"
"bibi","0.0.6",20,"https://hex.pm/api/packages/bibi/releases/0.0.6","2025-03-28T07:38:28.900Z","2025-03-28T07:38:25.475Z","2025-03-31T08:28:30.593Z"
"bidict","1.0.0",33,"https://hex.pm/api/packages/bidict/releases/1.0.0","2024-03-25T00:55:00.010Z","2024-03-25T00:54:57.760Z","2024-07-03T00:20:13.884Z"
"bigben","1.0.0",1107,"https://hex.pm/api/packages/bigben/releases/1.0.0","2024-04-13T02:39:42.182Z","2024-04-13T02:39:39.802Z","2024-07-03T00:09:37.948Z"
"bigdecimal","1.0.0",16,"https://hex.pm/api/packages/bigdecimal/releases/1.0.0","2024-10-20T07:52:53.002Z","2024-10-20T07:52:50.294Z","2024-10-24T02:40:43.122Z"
"bigdecimal","1.1.0",10,"https://hex.pm/api/packages/bigdecimal/releases/1.1.0","2024-10-22T08:21:18.245Z","2024-10-22T08:21:15.303Z","2024-10-24T02:40:43.122Z"
"bigi","1.0.0",80,"https://hex.pm/api/packages/bigi/releases/1.0.0","2024-02-04T14:41:43.641Z","2024-02-04T14:41:41.294Z","2025-03-18T21:32:58.513Z"
"bigi","2.0.0",74,"https://hex.pm/api/packages/bigi/releases/2.0.0","2024-02-15T19:35:24.675Z","2024-02-15T19:35:22.258Z","2025-03-18T21:32:58.513Z"
"bigi","2.1.0",133,"https://hex.pm/api/packages/bigi/releases/2.1.0","2024-02-16T21:32:05.973Z","2024-02-16T21:32:03.244Z","2025-03-18T21:32:58.513Z"
"bigi","3.0.0",2250,"https://hex.pm/api/packages/bigi/releases/3.0.0","2024-04-11T15:23:34.127Z","2024-04-11T15:23:23.989Z","2025-03-18T21:32:58.513Z"
"bigi","3.1.0",316,"https://hex.pm/api/packages/bigi/releases/3.1.0","2024-09-12T15:54:42.221Z","2024-09-12T15:54:39.846Z","2025-03-18T21:32:58.513Z"
"bigi","3.2.0",3043,"https://hex.pm/api/packages/bigi/releases/3.2.0","2024-10-04T08:51:27.832Z","2024-10-04T08:51:25.086Z","2025-03-18T21:32:58.513Z"
"bigi","3.2.1",92,"https://hex.pm/api/packages/bigi/releases/3.2.1","2025-03-13T20:10:42.943Z","2025-03-13T20:10:39.997Z","2025-03-18T21:32:58.513Z"
"binary_search","0.1.0",18,"https://hex.pm/api/packages/binary_search/releases/0.1.0","2024-05-25T05:33:31.615Z","2024-05-25T05:33:28.529Z","2024-07-02T23:51:32.976Z"
"binary_search","0.1.1",32,"https://hex.pm/api/packages/binary_search/releases/0.1.1","2024-05-25T05:35:21.912Z","2024-05-25T05:35:18.909Z","2024-07-02T23:51:32.976Z"
"birdie","1.0.0",123,"https://hex.pm/api/packages/birdie/releases/1.0.0","2024-01-27T11:03:12.639Z","2024-01-27T11:03:09.816Z","2025-04-29T23:47:28.506Z"
"birdie","1.0.1",138,"https://hex.pm/api/packages/birdie/releases/1.0.1","2024-01-27T11:53:26.795Z","2024-01-27T11:53:23.827Z","2025-04-29T23:47:28.506Z"
"birdie","1.0.2",129,"https://hex.pm/api/packages/birdie/releases/1.0.2","2024-01-28T14:26:11.423Z","2024-01-28T14:26:08.903Z","2025-04-29T23:47:28.506Z"
"birdie","1.0.3",124,"https://hex.pm/api/packages/birdie/releases/1.0.3","2024-02-01T13:56:28.580Z","2024-02-01T13:56:26.049Z","2025-04-29T23:47:28.506Z"
"birdie","1.0.4",285,"https://hex.pm/api/packages/birdie/releases/1.0.4","2024-02-01T21:32:30.130Z","2024-02-01T21:32:27.859Z","2025-04-29T23:47:28.506Z"
"birdie","1.1.0",417,"https://hex.pm/api/packages/birdie/releases/1.1.0","2024-03-12T13:35:56.032Z","2024-03-12T13:35:53.783Z","2025-04-29T23:47:28.506Z"
"birdie","1.1.1",152,"https://hex.pm/api/packages/birdie/releases/1.1.1","2024-04-07T17:23:03.902Z","2024-04-07T17:23:01.578Z","2025-04-29T23:47:28.506Z"
"birdie","1.1.2",325,"https://hex.pm/api/packages/birdie/releases/1.1.2","2024-04-11T08:47:03.770Z","2024-04-11T08:47:01.410Z","2025-04-29T23:47:28.506Z"
"birdie","1.1.3",207,"https://hex.pm/api/packages/birdie/releases/1.1.3","2024-04-20T13:21:14.177Z","2024-04-20T13:21:11.895Z","2025-04-29T23:47:28.506Z"
"birdie","1.1.4",383,"https://hex.pm/api/packages/birdie/releases/1.1.4","2024-04-26T06:50:24.893Z","2024-04-26T06:50:22.326Z","2025-04-29T23:47:28.506Z"
"birdie","1.1.5",689,"https://hex.pm/api/packages/birdie/releases/1.1.5","2024-05-10T09:38:37.058Z","2024-05-10T09:38:33.636Z","2025-04-29T23:47:28.506Z"
"birdie","1.1.6",2723,"https://hex.pm/api/packages/birdie/releases/1.1.6","2024-05-28T12:50:35.029Z","2024-05-28T12:50:32.251Z","2025-04-29T23:47:28.506Z"
"birdie","1.1.7",453,"https://hex.pm/api/packages/birdie/releases/1.1.7","2024-07-05T21:24:26.577Z","2024-07-05T21:24:24.338Z","2025-04-29T23:47:28.506Z"
"birdie","1.1.8",842,"https://hex.pm/api/packages/birdie/releases/1.1.8","2024-07-10T22:32:28.407Z","2024-07-10T22:32:26.094Z","2025-04-29T23:47:28.506Z"
"birdie","1.2.0",232,"https://hex.pm/api/packages/birdie/releases/1.2.0","2024-08-12T11:52:11.113Z","2024-08-12T11:52:08.683Z","2025-04-29T23:47:28.506Z"
"birdie","1.2.1",1030,"https://hex.pm/api/packages/birdie/releases/1.2.1","2024-08-20T16:48:24.676Z","2024-08-20T16:48:21.302Z","2025-04-29T23:47:28.505Z"
"birdie","1.2.2",42,"https://hex.pm/api/packages/birdie/releases/1.2.2","2024-09-06T07:16:56.634Z","2024-09-06T07:16:54.256Z","2025-04-29T23:47:28.505Z"
"birdie","1.2.3",2891,"https://hex.pm/api/packages/birdie/releases/1.2.3","2024-09-06T07:29:38.404Z","2024-09-06T07:29:35.155Z","2025-04-29T23:47:28.505Z"
"birdie","1.2.4",1060,"https://hex.pm/api/packages/birdie/releases/1.2.4","2024-11-20T18:22:05.484Z","2024-11-20T18:22:02.781Z","2025-04-29T23:47:28.505Z"
"birdie","1.2.5",2713,"https://hex.pm/api/packages/birdie/releases/1.2.5","2024-12-20T07:57:51.916Z","2024-12-20T07:57:49.081Z","2025-04-29T23:47:28.505Z"
"birdie","1.2.6",2150,"https://hex.pm/api/packages/birdie/releases/1.2.6","2025-02-16T11:35:23.744Z","2025-02-16T11:35:20.694Z","2025-04-29T23:47:28.505Z"
"birdie","1.2.7",70,"https://hex.pm/api/packages/birdie/releases/1.2.7","2025-04-27T08:14:42.428Z","2025-04-27T08:14:39.293Z","2025-04-29T23:47:28.505Z"
"birl","0.1.0",98,"https://hex.pm/api/packages/birl/releases/0.1.0","2022-12-22T17:36:22.995Z","2022-12-22T17:28:19.142Z","2024-12-20T09:33:26.155Z"
"birl","0.10.0",70,"https://hex.pm/api/packages/birl/releases/0.10.0","2023-05-01T20:30:41.323Z","2023-05-01T20:30:37.475Z","2024-12-20T09:33:26.155Z"
"birl","0.11.0",86,"https://hex.pm/api/packages/birl/releases/0.11.0","2023-05-05T10:56:57.287Z","2023-05-05T10:56:52.137Z","2024-12-20T09:33:26.155Z"
"birl","0.12.0",78,"https://hex.pm/api/packages/birl/releases/0.12.0","2023-05-07T12:58:06.365Z","2023-05-07T12:58:02.415Z","2024-12-20T09:33:26.155Z"
"birl","0.12.1",328,"https://hex.pm/api/packages/birl/releases/0.12.1","2023-05-09T08:18:43.471Z","2023-05-09T07:32:25.206Z","2024-12-20T09:33:26.155Z"
"birl","0.13.0",112,"https://hex.pm/api/packages/birl/releases/0.13.0","2023-06-16T06:06:43.029Z","2023-06-16T06:06:39.168Z","2024-12-20T09:33:26.155Z"
"birl","0.14.0",132,"https://hex.pm/api/packages/birl/releases/0.14.0","2023-07-18T07:08:52.303Z","2023-07-18T07:08:23.130Z","2024-12-20T09:33:26.155Z"
"birl","0.15.0",74,"https://hex.pm/api/packages/birl/releases/0.15.0","2023-09-18T19:48:15.970Z","2023-09-18T19:48:10.203Z","2024-12-20T09:33:26.155Z"
"birl","0.16.0",67,"https://hex.pm/api/packages/birl/releases/0.16.0","2023-09-20T18:26:59.784Z","2023-09-20T18:26:56.184Z","2024-12-20T09:33:26.155Z"
"birl","0.16.1",121,"https://hex.pm/api/packages/birl/releases/0.16.1","2023-09-22T03:10:56.850Z","2023-09-22T02:38:43.832Z","2024-12-20T09:33:26.155Z"
"birl","0.16.2",127,"https://hex.pm/api/packages/birl/releases/0.16.2","2023-10-03T08:23:27.354Z","2023-10-03T08:23:24.066Z","2024-12-20T09:33:26.155Z"
"birl","0.16.3",78,"https://hex.pm/api/packages/birl/releases/0.16.3","2023-10-23T05:55:09.366Z","2023-10-23T05:55:06.686Z","2024-12-20T09:33:26.155Z"
"birl","0.17.0",164,"https://hex.pm/api/packages/birl/releases/0.17.0","2023-11-02T12:18:37.639Z","2023-11-02T12:18:33.143Z","2024-12-20T09:33:26.155Z"
"birl","0.18.0",139,"https://hex.pm/api/packages/birl/releases/0.18.0","2023-11-21T18:01:15.104Z","2023-11-21T17:56:57.026Z","2024-12-20T09:33:26.155Z"
"birl","0.2.0",105,"https://hex.pm/api/packages/birl/releases/0.2.0","2022-12-23T20:37:19.085Z","2022-12-23T20:37:05.709Z","2024-12-20T09:33:26.155Z"
"birl","0.3.0",119,"https://hex.pm/api/packages/birl/releases/0.3.0","2022-12-26T11:09:45.066Z","2022-12-26T10:45:32.007Z","2024-12-20T09:33:26.155Z"
"birl","0.4.0",249,"https://hex.pm/api/packages/birl/releases/0.4.0","2022-12-30T15:02:06.979Z","2022-12-30T15:01:42.416Z","2024-12-20T09:33:26.155Z"
"birl","0.5.0",68,"https://hex.pm/api/packages/birl/releases/0.5.0","2023-03-02T18:50:39.865Z","2023-03-02T18:50:36.578Z","2024-12-20T09:33:26.155Z"
"birl","0.5.1",68,"https://hex.pm/api/packages/birl/releases/0.5.1","2023-03-03T07:39:02.428Z","2023-03-03T07:16:25.432Z","2024-12-20T09:33:26.155Z"
"birl","0.5.2",68,"https://hex.pm/api/packages/birl/releases/0.5.2","2023-03-03T12:36:19.396Z","2023-03-03T12:36:13.954Z","2024-12-20T09:33:26.155Z"
"birl","0.5.3",67,"https://hex.pm/api/packages/birl/releases/0.5.3","2023-03-05T07:13:28.962Z","2023-03-05T07:12:23.546Z","2024-12-20T09:33:26.155Z"
"birl","0.5.4",66,"https://hex.pm/api/packages/birl/releases/0.5.4","2023-03-06T23:28:53.978Z","2023-03-06T23:28:11.717Z","2024-12-20T09:33:26.155Z"
"birl","0.6.0",71,"https://hex.pm/api/packages/birl/releases/0.6.0","2023-03-07T05:06:32.431Z","2023-03-07T05:06:10.882Z","2024-12-20T09:33:26.155Z"
"birl","0.6.1",70,"https://hex.pm/api/packages/birl/releases/0.6.1","2023-03-09T11:52:24.003Z","2023-03-09T10:39:27.712Z","2024-12-20T09:33:26.155Z"
"birl","0.6.2",72,"https://hex.pm/api/packages/birl/releases/0.6.2","2023-03-09T11:55:31.018Z","2023-03-09T11:55:26.726Z","2024-12-20T09:33:26.155Z"
"birl","0.6.3",78,"https://hex.pm/api/packages/birl/releases/0.6.3","2023-03-09T15:56:24.409Z","2023-03-09T15:56:17.027Z","2024-12-20T09:33:26.155Z"
"birl","0.7.0",69,"https://hex.pm/api/packages/birl/releases/0.7.0","2023-03-28T07:50:57.079Z","2023-03-28T07:32:56.727Z","2024-12-20T09:33:26.155Z"
"birl","0.7.1",68,"https://hex.pm/api/packages/birl/releases/0.7.1","2023-03-29T08:44:52.808Z","2023-03-29T08:44:46.711Z","2024-12-20T09:33:26.155Z"
"birl","0.7.2",74,"https://hex.pm/api/packages/birl/releases/0.7.2","2023-03-29T09:03:36.199Z","2023-03-29T09:03:28.304Z","2024-12-20T09:33:26.155Z"
"birl","0.8.0",159,"https://hex.pm/api/packages/birl/releases/0.8.0","2023-04-01T03:54:39.212Z","2023-04-01T03:54:33.472Z","2024-12-20T09:33:26.155Z"
"birl","0.9.0",87,"https://hex.pm/api/packages/birl/releases/0.9.0","2023-04-29T18:26:34.171Z","2023-04-29T17:47:05.234Z","2024-12-20T09:33:26.155Z"
"birl","1.0.0",69,"https://hex.pm/api/packages/birl/releases/1.0.0","2023-11-26T06:41:40.488Z","2023-11-26T06:41:37.764Z","2024-12-20T09:33:26.154Z"
"birl","1.1.0",99,"https://hex.pm/api/packages/birl/releases/1.1.0","2023-11-28T12:56:57.349Z","2023-11-28T12:56:53.124Z","2024-12-20T09:33:26.154Z"
"birl","1.2.0",67,"https://hex.pm/api/packages/birl/releases/1.2.0","2023-12-22T07:47:15.334Z","2023-12-22T07:47:12.318Z","2024-12-20T09:33:26.154Z"
"birl","1.3.0",65,"https://hex.pm/api/packages/birl/releases/1.3.0","2023-12-22T17:03:00.680Z","2023-12-22T17:02:55.686Z","2024-12-20T09:33:26.154Z"
"birl","1.3.1",65,"https://hex.pm/api/packages/birl/releases/1.3.1","2023-12-22T17:10:18.268Z","2023-12-22T17:10:14.451Z","2024-12-20T09:33:26.154Z"
"birl","1.3.2",134,"https://hex.pm/api/packages/birl/releases/1.3.2","2023-12-24T09:18:59.902Z","2023-12-24T09:18:55.147Z","2024-12-20T09:33:26.154Z"
"birl","1.4.0",181,"https://hex.pm/api/packages/birl/releases/1.4.0","2024-01-16T16:17:34.606Z","2024-01-16T16:17:28.400Z","2024-12-20T09:33:26.154Z"
"birl","1.5.0",683,"https://hex.pm/api/packages/birl/releases/1.5.0","2024-02-01T18:32:53.319Z","2024-02-01T18:32:50.023Z","2024-12-20T09:33:26.154Z"
"birl","1.6.0",703,"https://hex.pm/api/packages/birl/releases/1.6.0","2024-03-21T09:59:58.862Z","2024-03-21T09:59:56.706Z","2024-12-20T09:33:26.154Z"
"birl","1.6.1",8420,"https://hex.pm/api/packages/birl/releases/1.6.1","2024-04-01T06:44:43.860Z","2024-04-01T06:44:41.757Z","2024-12-20T09:33:26.154Z"
"birl","1.7.0",3535,"https://hex.pm/api/packages/birl/releases/1.7.0","2024-05-24T15:38:41.498Z","2024-05-24T15:38:38.892Z","2024-12-20T09:33:26.154Z"
"birl","1.7.1",63198,"https://hex.pm/api/packages/birl/releases/1.7.1","2024-06-02T12:01:20.902Z","2024-06-02T12:01:18.106Z","2024-12-20T09:33:26.154Z"
"birl","1.8.0",176,"https://hex.pm/api/packages/birl/releases/1.8.0","2024-12-18T17:45:07.845Z","2024-12-18T17:45:04.037Z","2024-12-20T09:33:26.154Z"
"biscotto","1.0.0",22,"https://hex.pm/api/packages/biscotto/releases/1.0.0","2024-05-15T11:31:31.205Z","2024-05-15T11:31:28.246Z","2024-07-02T23:55:31.747Z"
"bison","0.27.0",89,"https://hex.pm/api/packages/bison/releases/0.27.0","2023-10-05T15:21:39.654Z","2023-10-05T15:21:33.765Z","2024-12-22T12:56:01.300Z"
"bison","0.28.0",93,"https://hex.pm/api/packages/bison/releases/0.28.0","2023-10-06T11:10:59.768Z","2023-10-06T11:10:52.832Z","2024-12-22T12:56:01.300Z"
"bison","0.28.1",96,"https://hex.pm/api/packages/bison/releases/0.28.1","2023-10-07T04:14:19.137Z","2023-10-07T04:14:13.346Z","2024-12-22T12:56:01.300Z"
"bison","0.28.2",96,"https://hex.pm/api/packages/bison/releases/0.28.2","2023-10-13T16:05:33.040Z","2023-10-13T16:05:29.088Z","2024-12-22T12:56:01.300Z"
"bison","0.29.0",95,"https://hex.pm/api/packages/bison/releases/0.29.0","2023-11-02T13:37:21.946Z","2023-11-02T13:37:18.226Z","2024-12-22T12:56:01.299Z"
"bison","0.29.1",101,"https://hex.pm/api/packages/bison/releases/0.29.1","2023-11-03T18:02:24.748Z","2023-11-03T17:56:41.645Z","2024-12-22T12:56:01.299Z"
"bison","0.30.0",93,"https://hex.pm/api/packages/bison/releases/0.30.0","2023-11-07T14:10:50.727Z","2023-11-07T14:10:46.324Z","2024-12-22T12:56:01.299Z"
"bison","0.31.0",95,"https://hex.pm/api/packages/bison/releases/0.31.0","2023-11-11T18:40:29.449Z","2023-11-11T18:40:26.476Z","2024-12-22T12:56:01.299Z"
"bison","0.32.0",95,"https://hex.pm/api/packages/bison/releases/0.32.0","2023-11-22T18:23:28.120Z","2023-11-22T18:23:24.425Z","2024-12-22T12:56:01.299Z"
"bison","1.0.0",86,"https://hex.pm/api/packages/bison/releases/1.0.0","2023-11-30T05:53:51.617Z","2023-11-30T05:53:48.462Z","2024-12-22T12:56:01.299Z"
"bison","1.1.0",88,"https://hex.pm/api/packages/bison/releases/1.1.0","2023-12-25T09:19:33.641Z","2023-12-25T09:19:30.903Z","2024-12-22T12:56:01.299Z"
"bison","1.2.0",89,"https://hex.pm/api/packages/bison/releases/1.2.0","2024-01-04T20:13:24.829Z","2024-01-04T20:13:20.920Z","2024-12-22T12:56:01.299Z"
"bison","1.3.0",92,"https://hex.pm/api/packages/bison/releases/1.3.0","2024-01-05T11:37:37.646Z","2024-01-05T11:37:31.574Z","2024-12-22T12:56:01.299Z"
"bison","1.4.0",88,"https://hex.pm/api/packages/bison/releases/1.4.0","2024-01-08T14:46:55.625Z","2024-01-08T14:46:52.809Z","2024-12-22T12:56:01.299Z"
"bison","1.4.1",91,"https://hex.pm/api/packages/bison/releases/1.4.1","2024-01-08T16:15:37.275Z","2024-01-08T16:15:33.842Z","2024-12-22T12:56:01.299Z"
"bison","1.4.2",112,"https://hex.pm/api/packages/bison/releases/1.4.2","2024-01-09T11:43:54.908Z","2024-01-09T11:43:48.874Z","2024-12-22T12:56:01.299Z"
"bison","1.5.0",93,"https://hex.pm/api/packages/bison/releases/1.5.0","2024-03-21T14:49:18.473Z","2024-03-21T14:49:15.884Z","2024-12-22T12:56:01.299Z"
"bison","1.6.0",295,"https://hex.pm/api/packages/bison/releases/1.6.0","2024-04-18T05:01:30.665Z","2024-04-18T05:01:28.234Z","2024-12-22T12:56:01.299Z"
"bison","1.7.0",26,"https://hex.pm/api/packages/bison/releases/1.7.0","2024-12-20T02:49:15.078Z","2024-12-20T02:49:12.502Z","2024-12-22T12:56:01.299Z"
"bitsandbobs","1.0.0",18,"https://hex.pm/api/packages/bitsandbobs/releases/1.0.0","2024-10-27T00:50:21.612Z","2024-10-27T00:49:37.844Z","2024-10-30T02:15:56.698Z"
"bitsandbobs","1.1.0",10,"https://hex.pm/api/packages/bitsandbobs/releases/1.1.0","2024-10-27T22:45:14.037Z","2024-10-27T22:45:11.172Z","2024-10-30T02:15:56.697Z"
"blah","0.1.0",89,"https://hex.pm/api/packages/blah/releases/0.1.0","2022-10-02T10:30:59.639Z","2022-10-02T10:30:52.678Z","2024-12-21T16:23:28.313Z"
"blah","0.10.0",94,"https://hex.pm/api/packages/blah/releases/0.10.0","2023-07-18T07:19:40.051Z","2023-07-18T07:18:43.482Z","2024-12-21T16:23:28.313Z"
"blah","0.11.0",70,"https://hex.pm/api/packages/blah/releases/0.11.0","2023-10-23T10:32:30.286Z","2023-10-23T10:32:26.817Z","2024-12-21T16:23:28.313Z"
"blah","0.12.0",71,"https://hex.pm/api/packages/blah/releases/0.12.0","2023-11-02T12:22:32.294Z","2023-11-02T12:22:28.685Z","2024-12-21T16:23:28.313Z"
"blah","0.2.0",103,"https://hex.pm/api/packages/blah/releases/0.2.0","2022-10-04T10:25:52.392Z","2022-10-04T10:21:58.334Z","2024-12-21T16:23:28.313Z"
"blah","0.3.0",99,"https://hex.pm/api/packages/blah/releases/0.3.0","2022-11-02T17:08:00.305Z","2022-11-02T17:07:54.044Z","2024-12-21T16:23:28.313Z"
"blah","0.4.0",106,"https://hex.pm/api/packages/blah/releases/0.4.0","2022-11-11T12:31:43.488Z","2022-11-11T12:31:36.396Z","2024-12-21T16:23:28.313Z"
"blah","0.5.0",106,"https://hex.pm/api/packages/blah/releases/0.5.0","2022-11-26T13:01:53.543Z","2022-11-26T13:01:50.231Z","2024-12-21T16:23:28.313Z"
"blah","0.6.0",76,"https://hex.pm/api/packages/blah/releases/0.6.0","2023-02-27T20:00:11.287Z","2023-02-27T19:48:23.308Z","2024-12-21T16:23:28.313Z"
"blah","0.7.0",72,"https://hex.pm/api/packages/blah/releases/0.7.0","2023-03-05T04:17:29.974Z","2023-03-05T04:17:17.169Z","2024-12-21T16:23:28.313Z"
"blah","0.8.0",72,"https://hex.pm/api/packages/blah/releases/0.8.0","2023-03-29T11:34:41.617Z","2023-03-29T11:34:35.442Z","2024-12-21T16:23:28.313Z"
"blah","0.8.1",70,"https://hex.pm/api/packages/blah/releases/0.8.1","2023-03-31T07:28:04.120Z","2023-03-31T07:21:20.287Z","2024-12-21T16:23:28.313Z"
"blah","0.8.2",70,"https://hex.pm/api/packages/blah/releases/0.8.2","2023-04-01T04:14:11.986Z","2023-04-01T04:14:08.963Z","2024-12-21T16:23:28.313Z"
"blah","0.9.0",82,"https://hex.pm/api/packages/blah/releases/0.9.0","2023-05-06T06:28:58.554Z","2023-05-06T06:27:52.422Z","2024-12-21T16:23:28.313Z"
"blah","1.0.0",63,"https://hex.pm/api/packages/blah/releases/1.0.0","2023-11-26T11:12:14.419Z","2023-11-26T11:12:11.513Z","2024-12-21T16:23:28.313Z"
"blah","1.1.0",80,"https://hex.pm/api/packages/blah/releases/1.1.0","2024-01-09T17:41:38.305Z","2024-01-09T17:41:34.986Z","2024-12-21T16:23:28.313Z"
"blah","1.2.0",69,"https://hex.pm/api/packages/blah/releases/1.2.0","2024-03-21T19:40:18.625Z","2024-03-21T19:40:15.889Z","2024-12-21T16:23:28.313Z"
"blah","1.3.0",732,"https://hex.pm/api/packages/blah/releases/1.3.0","2024-05-22T07:45:52.159Z","2024-05-22T07:45:49.565Z","2024-12-21T16:23:28.313Z"
"blah","1.4.0",16,"https://hex.pm/api/packages/blah/releases/1.4.0","2024-12-19T16:08:01.064Z","2024-12-19T16:07:58.250Z","2024-12-21T16:23:28.312Z"
"blask","0.0.2",32,"https://hex.pm/api/packages/blask/releases/0.0.2","2024-07-17T20:01:16.647Z","2024-07-17T20:01:14.026Z","2024-11-27T07:04:30.144Z"
"blask","0.0.3",40,"https://hex.pm/api/packages/blask/releases/0.0.3","2024-11-24T12:28:06.581Z","2024-11-24T12:28:03.838Z","2024-11-27T07:04:30.144Z"
"bliss","0.1.0",90,"https://hex.pm/api/packages/bliss/releases/0.1.0","2022-05-10T12:06:44.202Z","2022-05-10T12:06:40.793Z","2024-07-03T02:23:04.123Z"
"bliss","0.1.1",103,"https://hex.pm/api/packages/bliss/releases/0.1.1","2022-05-11T12:11:39.747Z","2022-05-11T12:11:36.285Z","2024-07-03T02:23:04.122Z"
"boyer_moore","1.0.0",14,"https://hex.pm/api/packages/boyer_moore/releases/1.0.0","2025-02-02T07:29:48.563Z","2025-02-02T07:29:45.500Z","2025-02-04T10:43:30.204Z"
"bravo","1.0.0",18,"https://hex.pm/api/packages/bravo/releases/1.0.0","2024-05-28T10:19:30.196Z","2024-05-28T10:19:27.562Z","2024-07-02T23:38:58.922Z"
"bravo","2.0.0",20,"https://hex.pm/api/packages/bravo/releases/2.0.0","2024-05-29T04:33:39.638Z","2024-05-29T04:33:37.174Z","2024-07-02T23:38:58.922Z"
"bravo","2.1.0",19,"https://hex.pm/api/packages/bravo/releases/2.1.0","2024-05-29T09:42:53.872Z","2024-05-29T09:42:50.870Z","2024-07-02T23:38:58.922Z"
"bravo","2.2.0",18,"https://hex.pm/api/packages/bravo/releases/2.2.0","2024-06-01T09:40:02.647Z","2024-06-01T09:39:59.694Z","2024-07-02T23:38:58.922Z"
"bravo","2.2.1",20,"https://hex.pm/api/packages/bravo/releases/2.2.1","2024-06-02T09:06:35.713Z","2024-06-02T09:06:32.901Z","2024-07-02T23:38:58.922Z"
"bravo","2.3.0",41,"https://hex.pm/api/packages/bravo/releases/2.3.0","2024-06-04T10:22:03.777Z","2024-06-04T10:22:00.963Z","2024-07-02T23:38:58.922Z"
"bravo","3.0.0",18,"https://hex.pm/api/packages/bravo/releases/3.0.0","2024-06-10T02:33:39.023Z","2024-06-10T02:33:36.216Z","2024-07-02T23:38:58.922Z"
"bravo","3.0.0-rc.1",20,"https://hex.pm/api/packages/bravo/releases/3.0.0-rc.1","2024-06-07T09:53:47.909Z","2024-06-07T09:53:45.135Z","2024-07-02T23:38:58.922Z"
"bravo","3.1.0",40,"https://hex.pm/api/packages/bravo/releases/3.1.0","2024-06-10T08:32:57.952Z","2024-06-10T08:32:55.477Z","2024-07-02T23:38:58.922Z"
"bravo","3.2.0",18,"https://hex.pm/api/packages/bravo/releases/3.2.0","2024-06-12T09:37:51.362Z","2024-06-12T09:37:48.657Z","2024-07-02T23:38:58.921Z"
"bravo","4.0.0",18,"https://hex.pm/api/packages/bravo/releases/4.0.0","2024-06-13T08:43:59.364Z","2024-06-13T08:43:56.575Z","2024-07-02T23:38:58.921Z"
"bravo","4.0.1",1056,"https://hex.pm/api/packages/bravo/releases/4.0.1","2024-06-14T09:11:13.495Z","2024-06-14T09:11:10.675Z","2024-07-02T23:38:58.921Z"
"bread","0.1.0",34,"https://hex.pm/api/packages/bread/releases/0.1.0","2023-11-29T16:13:20.431Z","2023-11-29T16:13:18.102Z","2024-07-03T01:01:36.280Z"
"bright","0.1.0",36,"https://hex.pm/api/packages/bright/releases/0.1.0","2024-11-26T02:08:41.192Z","2024-11-26T02:08:38.395Z","2025-04-04T05:14:45.456Z"
"bright","0.2.0",4203,"https://hex.pm/api/packages/bright/releases/0.2.0","2024-12-13T11:04:41.898Z","2024-12-13T10:59:26.379Z","2025-04-04T05:14:45.456Z"
"bright","0.3.0",8440,"https://hex.pm/api/packages/bright/releases/0.3.0","2025-01-22T12:55:01.472Z","2025-01-22T12:54:58.367Z","2025-04-04T05:14:45.456Z"
"bright","0.4.0",1222,"https://hex.pm/api/packages/bright/releases/0.4.0","2025-03-27T16:34:31.650Z","2025-03-27T16:34:28.828Z","2025-04-04T05:14:45.456Z"
"bright","1.0.0",18,"https://hex.pm/api/packages/bright/releases/1.0.0","2025-04-01T15:52:02.737Z","2025-04-01T15:44:07.156Z","2025-04-04T05:14:45.456Z"
"brilo","1.0.0",16,"https://hex.pm/api/packages/brilo/releases/1.0.0","2024-09-13T08:29:45.829Z","2024-09-13T08:29:42.911Z","2024-09-17T09:40:11.396Z"
"brilo","1.0.2",16,"https://hex.pm/api/packages/brilo/releases/1.0.2","2024-09-14T12:38:09.057Z","2024-09-14T12:38:05.503Z","2024-09-17T09:40:11.396Z"
"brioche","0.1.0",16,"https://hex.pm/api/packages/brioche/releases/0.1.0","2025-03-20T16:50:17.981Z","2025-03-20T16:50:14.528Z","2025-03-23T14:55:19.335Z"
"brioche","0.2.0",16,"https://hex.pm/api/packages/brioche/releases/0.2.0","2025-03-21T12:00:41.730Z","2025-03-21T12:00:38.955Z","2025-03-23T14:55:19.335Z"
"bseal","1.0.0",24,"https://hex.pm/api/packages/bseal/releases/1.0.0","2024-11-08T03:28:29.074Z","2024-11-08T03:28:25.389Z","2025-02-11T07:16:10.399Z"
"bseal","1.0.1",26,"https://hex.pm/api/packages/bseal/releases/1.0.1","2024-11-08T03:42:47.345Z","2024-11-08T03:42:44.085Z","2025-02-11T07:16:10.399Z"
"bseal","1.1.0",65,"https://hex.pm/api/packages/bseal/releases/1.1.0","2024-11-16T04:11:51.520Z","2024-11-16T04:11:46.800Z","2025-02-11T07:16:10.399Z"
"bseal","1.2.0",16,"https://hex.pm/api/packages/bseal/releases/1.2.0","2025-02-09T11:57:20.323Z","2025-02-09T11:57:16.818Z","2025-02-11T07:16:10.398Z"
"bucket","1.0.0",38,"https://hex.pm/api/packages/bucket/releases/1.0.0","2024-09-04T20:57:29.458Z","2024-09-04T20:57:26.663Z","2024-12-10T13:19:03.382Z"
"bucket","1.1.0",26,"https://hex.pm/api/packages/bucket/releases/1.1.0","2024-10-20T19:29:15.416Z","2024-10-20T19:29:12.841Z","2024-12-10T13:19:03.382Z"
"bucket","1.2.0",16,"https://hex.pm/api/packages/bucket/releases/1.2.0","2024-12-07T23:00:30.470Z","2024-12-07T23:00:26.856Z","2024-12-10T13:19:03.381Z"
"bummer","1.0.0",26,"https://hex.pm/api/packages/bummer/releases/1.0.0","2024-12-27T13:35:19.441Z","2024-12-27T13:35:16.679Z","2024-12-30T16:08:29.754Z"
"bungibindies","0.0.1",24,"https://hex.pm/api/packages/bungibindies/releases/0.0.1","2024-12-18T08:51:12.955Z","2024-12-11T00:16:44.057Z","2025-02-03T14:08:16.758Z"
"bungibindies","1.0.0",24,"https://hex.pm/api/packages/bungibindies/releases/1.0.0","2025-01-16T11:23:30.424Z","2025-01-16T11:23:27.488Z","2025-02-03T14:08:16.758Z"
"bungibindies","1.0.0-alpha.1",26,"https://hex.pm/api/packages/bungibindies/releases/1.0.0-alpha.1","2024-12-18T08:43:56.294Z","2024-12-18T08:43:53.455Z","2025-02-03T14:08:16.758Z"
"bungibindies","1.0.0-alpha.2",28,"https://hex.pm/api/packages/bungibindies/releases/1.0.0-alpha.2","2024-12-18T09:22:02.969Z","2024-12-18T09:22:00.185Z","2025-02-03T14:08:16.758Z"
"bungibindies","1.0.1",34,"https://hex.pm/api/packages/bungibindies/releases/1.0.1","2025-01-16T17:17:49.222Z","2025-01-16T17:17:46.105Z","2025-02-03T14:08:16.758Z"
"bungibindies","1.0.2",162,"https://hex.pm/api/packages/bungibindies/releases/1.0.2","2025-01-18T00:21:57.033Z","2025-01-18T00:21:54.175Z","2025-02-03T14:08:16.758Z"
"bungibindies","1.1.0",14,"https://hex.pm/api/packages/bungibindies/releases/1.1.0","2025-01-29T22:23:05.599Z","2025-01-29T22:18:38.173Z","2025-02-03T14:08:16.758Z"
"bungibindies","1.1.1",16,"https://hex.pm/api/packages/bungibindies/releases/1.1.1","2025-01-29T22:29:40.054Z","2025-01-29T22:29:37.230Z","2025-02-03T14:08:16.758Z"
"bungibindies","1.1.2",16,"https://hex.pm/api/packages/bungibindies/releases/1.1.2","2025-01-29T23:07:29.261Z","2025-01-29T23:07:26.192Z","2025-02-03T14:08:16.758Z"
"bungibindies","1.1.3",65,"https://hex.pm/api/packages/bungibindies/releases/1.1.3","2025-01-29T23:22:15.718Z","2025-01-29T23:22:12.750Z","2025-02-03T14:08:16.758Z"
"bungibindies","1.1.4",46,"https://hex.pm/api/packages/bungibindies/releases/1.1.4","2025-01-31T22:16:20.713Z","2025-01-31T22:16:17.203Z","2025-02-03T14:08:16.758Z"
"bungle","0.0.0",26,"https://hex.pm/api/packages/bungle/releases/0.0.0","2024-03-08T04:10:02.532Z","2024-03-08T04:09:59.538Z","2024-07-03T00:34:26.664Z"
"bytesize","1.0.0",34,"https://hex.pm/api/packages/bytesize/releases/1.0.0","2024-04-28T06:30:38.062Z","2024-04-28T06:30:35.293Z","2024-07-03T00:03:14.425Z"
"cachmere","0.1.0",187,"https://hex.pm/api/packages/cachmere/releases/0.1.0","2025-01-10T14:28:36.741Z","2025-01-10T14:28:33.241Z","2025-02-25T10:38:00.545Z"
"cachmere","0.2.0",74,"https://hex.pm/api/packages/cachmere/releases/0.2.0","2025-02-06T17:28:24.079Z","2025-02-06T17:28:20.401Z","2025-02-25T10:38:00.545Z"
"cachmere","0.2.1",53,"https://hex.pm/api/packages/cachmere/releases/0.2.1","2025-02-10T09:24:37.357Z","2025-02-10T09:24:33.956Z","2025-02-25T10:38:00.545Z"
"cachmere","0.2.2",36,"https://hex.pm/api/packages/cachmere/releases/0.2.2","2025-02-17T15:48:27.376Z","2025-02-17T15:48:24.076Z","2025-02-25T10:38:00.545Z"
"cachmere","0.3.0",16,"https://hex.pm/api/packages/cachmere/releases/0.3.0","2025-02-22T15:06:14.260Z","2025-02-22T15:06:11.312Z","2025-02-25T10:38:00.545Z"
"cactus","0.1.0",54,"https://hex.pm/api/packages/cactus/releases/0.1.0","2024-07-05T17:22:03.108Z","2024-07-05T17:22:00.622Z","2025-01-23T00:24:33.730Z"
"cactus","0.2.0",44,"https://hex.pm/api/packages/cactus/releases/0.2.0","2024-07-05T21:06:24.036Z","2024-07-05T21:06:21.763Z","2025-01-23T00:24:33.730Z"
"cactus","0.2.1",94,"https://hex.pm/api/packages/cactus/releases/0.2.1","2024-07-06T21:48:39.855Z","2024-07-06T21:48:37.345Z","2025-01-23T00:24:33.730Z"
"cactus","1.0.0",54,"https://hex.pm/api/packages/cactus/releases/1.0.0","2024-07-14T15:38:52.885Z","2024-07-14T15:38:50.455Z","2025-01-23T00:24:33.730Z"
"cactus","1.1.0",664,"https://hex.pm/api/packages/cactus/releases/1.1.0","2024-07-19T00:32:19.067Z","2024-07-19T00:32:16.568Z","2025-01-23T00:24:33.730Z"
"cactus","1.2.0",638,"https://hex.pm/api/packages/cactus/releases/1.2.0","2024-10-26T22:33:02.038Z","2024-10-26T22:32:59.299Z","2025-01-23T00:24:33.730Z"
"cactus","1.3.0",580,"https://hex.pm/api/packages/cactus/releases/1.3.0","2024-12-15T16:38:29.989Z","2024-12-15T16:38:27.361Z","2025-01-23T00:24:33.729Z"
"cactus","1.3.1",204,"https://hex.pm/api/packages/cactus/releases/1.3.1","2025-01-11T17:46:10.599Z","2025-01-11T17:46:07.862Z","2025-01-23T00:24:33.729Z"
"cactus","1.3.2",80,"https://hex.pm/api/packages/cactus/releases/1.3.2","2025-01-19T17:58:41.977Z","2025-01-19T17:58:39.363Z","2025-01-23T00:24:33.729Z"
"cactus","1.3.3",37,"https://hex.pm/api/packages/cactus/releases/1.3.3","2025-01-20T17:54:47.686Z","2025-01-20T17:54:44.961Z","2025-01-23T00:24:33.729Z"
"cake","0.0.1",58,"https://hex.pm/api/packages/cake/releases/0.0.1","2024-07-24T19:40:35.595Z","2024-03-14T21:08:00.268Z","2025-04-07T05:21:30.700Z"
"cake","0.1.0",47,"https://hex.pm/api/packages/cake/releases/0.1.0","2024-07-24T19:41:58.351Z","2024-05-22T20:48:44.578Z","2025-04-07T05:21:30.700Z"
"cake","0.10.0",42,"https://hex.pm/api/packages/cake/releases/0.10.0","2024-07-24T19:49:23.101Z","2024-07-09T22:02:41.304Z","2025-04-07T05:21:30.700Z"
"cake","0.10.1",40,"https://hex.pm/api/packages/cake/releases/0.10.1","2024-07-24T19:49:22.015Z","2024-07-10T05:52:25.001Z","2025-04-07T05:21:30.700Z"
"cake","0.11.0",40,"https://hex.pm/api/packages/cake/releases/0.11.0","2024-07-24T19:49:20.799Z","2024-07-11T17:05:37.555Z","2025-04-07T05:21:30.699Z"
"cake","0.12.0",44,"https://hex.pm/api/packages/cake/releases/0.12.0","2024-07-24T19:49:19.574Z","2024-07-12T14:03:21.796Z","2025-04-07T05:21:30.699Z"
"cake","0.13.0",44,"https://hex.pm/api/packages/cake/releases/0.13.0","2024-07-24T19:49:18.338Z","2024-07-12T20:04:06.456Z","2025-04-07T05:21:30.699Z"
"cake","0.14.0",36,"https://hex.pm/api/packages/cake/releases/0.14.0","2024-07-24T19:49:17.108Z","2024-07-19T19:46:02.644Z","2025-04-07T05:21:30.699Z"
"cake","0.15.0",36,"https://hex.pm/api/packages/cake/releases/0.15.0","2024-07-24T19:49:15.886Z","2024-07-23T13:29:34.235Z","2025-04-07T05:21:30.699Z"
"cake","0.2.0",42,"https://hex.pm/api/packages/cake/releases/0.2.0","2024-07-24T19:50:04.331Z","2024-06-19T11:25:23.369Z","2025-04-07T05:21:30.700Z"
"cake","0.3.0",44,"https://hex.pm/api/packages/cake/releases/0.3.0","2024-07-24T19:46:20.889Z","2024-06-19T21:14:58.372Z","2025-04-07T05:21:30.700Z"
"cake","0.4.0",44,"https://hex.pm/api/packages/cake/releases/0.4.0","2024-07-24T19:46:30.304Z","2024-06-21T23:25:04.843Z","2025-04-07T05:21:30.700Z"
"cake","0.5.0",42,"https://hex.pm/api/packages/cake/releases/0.5.0","2024-07-24T19:46:38.811Z","2024-06-26T19:24:24.624Z","2025-04-07T05:21:30.700Z"
"cake","0.6.0",42,"https://hex.pm/api/packages/cake/releases/0.6.0","2024-07-24T19:46:51.905Z","2024-06-28T20:26:31.137Z","2025-04-07T05:21:30.700Z"
"cake","0.7.0",42,"https://hex.pm/api/packages/cake/releases/0.7.0","2024-07-24T19:47:57.473Z","2024-07-01T19:47:46.438Z","2025-04-07T05:21:30.700Z"
"cake","0.8.0",46,"https://hex.pm/api/packages/cake/releases/0.8.0","2024-07-24T19:49:27.860Z","2024-07-03T20:34:29.289Z","2025-04-07T05:21:30.700Z"
"cake","0.9.0",40,"https://hex.pm/api/packages/cake/releases/0.9.0","2024-07-24T19:49:26.536Z","2024-07-05T21:36:47.230Z","2025-04-07T05:21:30.700Z"
"cake","0.9.1",42,"https://hex.pm/api/packages/cake/releases/0.9.1","2024-07-24T19:49:25.407Z","2024-07-05T22:08:37.631Z","2025-04-07T05:21:30.700Z"
"cake","0.9.2",44,"https://hex.pm/api/packages/cake/releases/0.9.2","2024-07-24T19:49:24.224Z","2024-07-07T18:10:45.636Z","2025-04-07T05:21:30.700Z"
"cake","1.0.0",268,"https://hex.pm/api/packages/cake/releases/1.0.0","2024-07-24T19:45:46.273Z","2024-07-24T19:18:00.283Z","2025-04-07T05:21:30.699Z"
"cake","1.0.0-rc.0",38,"https://hex.pm/api/packages/cake/releases/1.0.0-rc.0","2024-07-24T19:51:23.172Z","2024-07-23T21:48:01.387Z","2025-04-07T05:21:30.699Z"
"cake","1.0.1",187,"https://hex.pm/api/packages/cake/releases/1.0.1","2024-07-26T15:30:34.786Z","2024-07-26T15:30:31.939Z","2025-04-07T05:21:30.699Z"
"cake","1.1.0",42,"https://hex.pm/api/packages/cake/releases/1.1.0","2024-08-09T19:14:40.990Z","2024-08-09T19:14:38.288Z","2025-04-07T05:21:30.699Z"
"cake","1.1.1",192,"https://hex.pm/api/packages/cake/releases/1.1.1","2024-08-09T19:51:15.530Z","2024-08-09T19:51:12.681Z","2025-04-07T05:21:30.699Z"
"cake","1.1.2",175,"https://hex.pm/api/packages/cake/releases/1.1.2","2024-08-30T18:36:49.538Z","2024-08-30T18:36:46.822Z","2025-04-07T05:21:30.699Z"
"cake","2.0.0",66,"https://hex.pm/api/packages/cake/releases/2.0.0","2024-10-19T10:38:21.539Z","2024-10-19T10:38:18.776Z","2025-04-07T05:21:30.699Z"
"cake","2.0.1",110,"https://hex.pm/api/packages/cake/releases/2.0.1","2024-10-19T14:34:12.026Z","2024-10-19T14:25:16.769Z","2025-04-07T05:21:30.699Z"
"cake","2.0.2",50,"https://hex.pm/api/packages/cake/releases/2.0.2","2024-11-03T09:27:41.872Z","2024-11-03T09:27:38.535Z","2025-04-07T05:21:30.699Z"
"cake","2.1.0",953,"https://hex.pm/api/packages/cake/releases/2.1.0","2024-11-14T20:55:21.083Z","2024-11-14T20:55:18.012Z","2025-04-07T05:21:30.699Z"
"cake","2.1.1",28,"https://hex.pm/api/packages/cake/releases/2.1.1","2025-04-02T21:25:43.224Z","2025-04-02T21:25:40.348Z","2025-04-07T05:21:30.699Z"
"cake_gleam_pgo","1.0.0",24,"https://hex.pm/api/packages/cake_gleam_pgo/releases/1.0.0","2024-11-14T20:06:43.548Z","2024-10-19T13:22:16.054Z","2024-11-18T17:57:33.699Z"
"cake_gleam_pgo","1.0.1",25,"https://hex.pm/api/packages/cake_gleam_pgo/releases/1.0.1","2024-11-14T20:06:32.059Z","2024-10-20T19:59:34.639Z","2024-11-18T17:57:33.699Z"
"cake_gleam_pgo","1.0.2",24,"https://hex.pm/api/packages/cake_gleam_pgo/releases/1.0.2","2024-11-14T20:06:09.476Z","2024-11-03T08:06:57.559Z","2024-11-18T17:57:33.699Z"
"cake_gmysql","1.0.0",18,"https://hex.pm/api/packages/cake_gmysql/releases/1.0.0","2024-10-19T15:10:23.303Z","2024-10-19T14:15:59.559Z","2024-11-05T12:05:39.679Z"
"cake_gmysql","1.0.1",20,"https://hex.pm/api/packages/cake_gmysql/releases/1.0.1","2024-10-20T20:00:24.267Z","2024-10-20T19:57:11.832Z","2024-11-05T12:05:39.679Z"
"cake_gmysql","1.0.2",10,"https://hex.pm/api/packages/cake_gmysql/releases/1.0.2","2024-11-03T08:07:41.675Z","2024-11-03T08:07:38.821Z","2024-11-05T12:05:39.678Z"
"cake_pog","1.0.3",76,"https://hex.pm/api/packages/cake_pog/releases/1.0.3","2024-11-14T20:02:05.607Z","2024-11-14T20:02:02.879Z","2025-04-07T05:21:32.970Z"
"cake_pog","1.1.0",223,"https://hex.pm/api/packages/cake_pog/releases/1.1.0","2025-01-12T19:34:19.755Z","2025-01-12T19:34:16.627Z","2025-04-07T05:21:32.969Z"
"cake_pog","1.1.1",18,"https://hex.pm/api/packages/cake_pog/releases/1.1.1","2025-04-03T18:41:49.393Z","2025-04-03T18:41:46.358Z","2025-04-07T05:21:32.969Z"
"cake_shork","1.0.0",28,"https://hex.pm/api/packages/cake_shork/releases/1.0.0","2025-02-05T18:23:36.062Z","2025-02-05T18:23:32.341Z","2025-04-07T05:21:34.060Z"
"cake_shork","1.1.0",32,"https://hex.pm/api/packages/cake_shork/releases/1.1.0","2025-02-05T21:13:32.382Z","2025-02-05T21:13:29.219Z","2025-04-07T05:21:34.060Z"
"cake_shork","1.1.1",16,"https://hex.pm/api/packages/cake_shork/releases/1.1.1","2025-04-03T18:36:27.560Z","2025-04-03T18:36:25.170Z","2025-04-07T05:21:34.060Z"
"cake_sqlight","1.0.0",34,"https://hex.pm/api/packages/cake_sqlight/releases/1.0.0","2024-10-19T15:10:48.830Z","2024-10-19T13:21:50.027Z","2025-04-07T05:21:31.894Z"
"cake_sqlight","1.0.1",48,"https://hex.pm/api/packages/cake_sqlight/releases/1.0.1","2024-10-20T20:00:07.004Z","2024-10-20T19:57:05.122Z","2025-04-07T05:21:31.894Z"
"cake_sqlight","1.0.2",74,"https://hex.pm/api/packages/cake_sqlight/releases/1.0.2","2024-11-03T08:09:12.546Z","2024-11-03T08:09:09.759Z","2025-04-07T05:21:31.894Z"
"cake_sqlight","1.0.3",164,"https://hex.pm/api/packages/cake_sqlight/releases/1.0.3","2025-01-12T17:52:52.001Z","2025-01-12T17:52:47.615Z","2025-04-07T05:21:31.894Z"
"cake_sqlight","1.1.0",34,"https://hex.pm/api/packages/cake_sqlight/releases/1.1.0","2025-01-12T17:53:16.977Z","2025-01-12T17:53:14.095Z","2025-04-07T05:21:31.894Z"
"cake_sqlight","1.1.1",156,"https://hex.pm/api/packages/cake_sqlight/releases/1.1.1","2025-01-12T17:59:35.433Z","2025-01-12T17:59:32.549Z","2025-04-07T05:21:31.894Z"
"cake_sqlight","1.1.2",20,"https://hex.pm/api/packages/cake_sqlight/releases/1.1.2","2025-04-03T18:42:08.457Z","2025-04-03T18:42:05.843Z","2025-04-07T05:21:31.894Z"
"carotte","1.0.0",30,"https://hex.pm/api/packages/carotte/releases/1.0.0","2025-02-17T23:28:22.885Z","2025-02-17T23:28:19.981Z","2025-04-23T13:10:01.349Z"
"carotte","1.0.1",35,"https://hex.pm/api/packages/carotte/releases/1.0.1","2025-02-18T08:34:38.428Z","2025-02-18T08:34:34.078Z","2025-04-23T13:10:01.349Z"
"carotte","1.0.2",14,"https://hex.pm/api/packages/carotte/releases/1.0.2","2025-04-20T09:25:40.582Z","2025-04-20T09:25:33.838Z","2025-04-23T13:10:01.349Z"
"carpenter","0.1.0",88,"https://hex.pm/api/packages/carpenter/releases/0.1.0","2024-03-29T03:00:52.551Z","2024-03-29T03:00:50.159Z","2024-07-03T00:12:09.506Z"
"carpenter","0.2.0",97,"https://hex.pm/api/packages/carpenter/releases/0.2.0","2024-03-29T22:26:44.663Z","2024-03-29T22:26:42.203Z","2024-07-03T00:12:09.506Z"
"carpenter","0.3.0",82,"https://hex.pm/api/packages/carpenter/releases/0.3.0","2024-04-06T22:41:57.443Z","2024-04-06T22:41:55.101Z","2024-07-03T00:12:09.506Z"
"carpenter","0.3.1",1777,"https://hex.pm/api/packages/carpenter/releases/0.3.1","2024-04-08T14:20:36.360Z","2024-04-08T14:20:33.982Z","2024-07-03T00:12:09.506Z"
"cat","0.1.0",22,"https://hex.pm/api/packages/cat/releases/0.1.0","2025-02-15T07:04:01.171Z","2025-02-15T07:03:57.024Z","2025-02-22T10:34:00.926Z"
"cat","0.2.0",24,"https://hex.pm/api/packages/cat/releases/0.2.0","2025-02-15T12:11:50.793Z","2025-02-15T12:11:47.911Z","2025-02-22T10:34:00.926Z"
"cat","0.3.0",24,"https://hex.pm/api/packages/cat/releases/0.3.0","2025-02-16T11:10:50.968Z","2025-02-16T11:10:48.031Z","2025-02-22T10:34:00.926Z"
"cat","0.4.0",22,"https://hex.pm/api/packages/cat/releases/0.4.0","2025-02-18T21:05:22.521Z","2025-02-18T21:05:19.153Z","2025-02-22T10:34:00.926Z"
"cat","0.4.1",16,"https://hex.pm/api/packages/cat/releases/0.4.1","2025-02-19T10:21:50.579Z","2025-02-19T10:21:47.069Z","2025-02-22T10:34:00.926Z"
"cat","0.5.0",14,"https://hex.pm/api/packages/cat/releases/0.5.0","2025-02-20T10:38:17.640Z","2025-02-20T10:38:14.295Z","2025-02-22T10:34:00.926Z"
"category_theory","1.0.0",18,"https://hex.pm/api/packages/category_theory/releases/1.0.0","2025-02-15T07:06:10.234Z","2025-02-13T20:58:30.456Z","2025-02-18T13:56:01.024Z"
"catppuccin","0.1.0",65,"https://hex.pm/api/packages/catppuccin/releases/0.1.0","2024-04-18T14:56:20.486Z","2024-04-18T14:56:17.633Z","2024-07-02T23:54:20.296Z"
"catppuccin","0.1.1",57,"https://hex.pm/api/packages/catppuccin/releases/0.1.1","2024-04-18T14:59:54.429Z","2024-04-18T14:59:51.616Z","2024-07-02T23:54:20.296Z"
"catppuccin","0.1.2",67,"https://hex.pm/api/packages/catppuccin/releases/0.1.2","2024-04-18T15:05:18.934Z","2024-04-18T15:05:16.167Z","2024-07-02T23:54:20.296Z"
"catppuccin","1.0.0",66,"https://hex.pm/api/packages/catppuccin/releases/1.0.0","2024-04-18T15:15:15.861Z","2024-04-18T15:15:13.088Z","2024-07-02T23:54:20.296Z"
"catppuccin","1.1.0",56,"https://hex.pm/api/packages/catppuccin/releases/1.1.0","2024-04-19T05:05:19.121Z","2024-04-19T05:05:16.335Z","2024-07-02T23:54:20.296Z"
"catppuccin","1.2.0",66,"https://hex.pm/api/packages/catppuccin/releases/1.2.0","2024-04-19T07:47:13.093Z","2024-04-19T07:47:10.322Z","2024-07-02T23:54:20.296Z"
"catppuccin","1.3.0",75,"https://hex.pm/api/packages/catppuccin/releases/1.3.0","2024-04-19T10:03:19.372Z","2024-04-19T10:03:16.438Z","2024-07-02T23:54:20.295Z"
"catppuccin","1.3.1",73,"https://hex.pm/api/packages/catppuccin/releases/1.3.1","2024-04-19T10:12:52.719Z","2024-04-19T10:12:50.181Z","2024-07-02T23:54:20.295Z"
"catppuccin","1.3.2",73,"https://hex.pm/api/packages/catppuccin/releases/1.3.2","2024-04-19T10:30:46.706Z","2024-04-19T10:30:44.089Z","2024-07-02T23:54:20.295Z"
"catppuccin","1.3.3",75,"https://hex.pm/api/packages/catppuccin/releases/1.3.3","2024-04-19T10:54:09.020Z","2024-04-19T10:54:05.764Z","2024-07-02T23:54:20.295Z"
"catppuccin","1.3.4",73,"https://hex.pm/api/packages/catppuccin/releases/1.3.4","2024-04-19T11:01:18.037Z","2024-04-19T11:01:15.271Z","2024-07-02T23:54:20.295Z"
"catppuccin","1.3.5",72,"https://hex.pm/api/packages/catppuccin/releases/1.3.5","2024-04-19T11:16:06.218Z","2024-04-19T11:16:03.144Z","2024-07-02T23:54:20.295Z"
"catppuccin","1.3.6",73,"https://hex.pm/api/packages/catppuccin/releases/1.3.6","2024-04-19T11:17:58.164Z","2024-04-19T11:17:55.480Z","2024-07-02T23:54:20.295Z"
"catppuccin","1.4.0",75,"https://hex.pm/api/packages/catppuccin/releases/1.4.0","2024-04-19T13:41:31.068Z","2024-04-19T13:05:24.622Z","2024-07-02T23:54:20.295Z"
"catppuccin","1.5.0",75,"https://hex.pm/api/packages/catppuccin/releases/1.5.0","2024-04-19T19:49:59.224Z","2024-04-19T19:49:50.924Z","2024-07-02T23:54:20.295Z"
"catppuccin","1.6.0",75,"https://hex.pm/api/packages/catppuccin/releases/1.6.0","2024-04-20T06:03:10.351Z","2024-04-20T05:37:57.074Z","2024-07-02T23:54:20.295Z"
"catppuccin","2.0.0",75,"https://hex.pm/api/packages/catppuccin/releases/2.0.0","2024-04-21T06:23:04.973Z","2024-04-21T06:14:32.427Z","2024-07-02T23:54:20.295Z"
"catppuccin","2.0.1",79,"https://hex.pm/api/packages/catppuccin/releases/2.0.1","2024-04-22T09:26:32.098Z","2024-04-22T09:26:28.860Z","2024-07-02T23:54:20.295Z"
"catppuccin","3.0.0",24,"https://hex.pm/api/packages/catppuccin/releases/3.0.0","2024-05-18T09:05:58.650Z","2024-05-18T09:05:55.076Z","2024-07-02T23:54:20.295Z"
"catppuccin","3.0.1",24,"https://hex.pm/api/packages/catppuccin/releases/3.0.1","2024-05-18T09:14:06.034Z","2024-05-18T09:14:02.843Z","2024-07-02T23:54:20.295Z"
"catppuccin","3.0.2",22,"https://hex.pm/api/packages/catppuccin/releases/3.0.2","2024-05-18T10:22:27.179Z","2024-05-18T10:22:24.987Z","2024-07-02T23:54:20.295Z"
"catppuccin","3.0.3",24,"https://hex.pm/api/packages/catppuccin/releases/3.0.3","2024-05-18T10:27:16.890Z","2024-05-18T10:27:14.511Z","2024-07-02T23:54:20.295Z"
"catppuccin","3.0.4",22,"https://hex.pm/api/packages/catppuccin/releases/3.0.4","2024-05-18T16:16:04.092Z","2024-05-18T16:16:01.316Z","2024-07-02T23:54:20.295Z"
"catppuccin","3.0.5",23,"https://hex.pm/api/packages/catppuccin/releases/3.0.5","2024-05-18T16:20:14.992Z","2024-05-18T16:20:12.731Z","2024-07-02T23:54:20.295Z"
"cave3dplus","0.1.0",62,"https://hex.pm/api/packages/cave3dplus/releases/0.1.0","2023-01-05T21:00:14.725Z","2023-01-05T16:22:15.713Z","2024-07-03T01:53:45.825Z"
"cave3dplus","0.2.0",66,"https://hex.pm/api/packages/cave3dplus/releases/0.2.0","2023-01-30T10:45:42.702Z","2023-01-30T10:26:59.886Z","2024-07-03T01:53:45.825Z"
"cel","0.1.0",20,"https://hex.pm/api/packages/cel/releases/0.1.0","2024-12-10T23:02:28.718Z","2024-12-10T23:02:25.848Z","2024-12-21T16:23:20.020Z"
"cel","0.2.0",20,"https://hex.pm/api/packages/cel/releases/0.2.0","2024-12-10T23:26:59.638Z","2024-12-10T23:26:56.847Z","2024-12-21T16:23:20.019Z"
"cel","0.3.1",12,"https://hex.pm/api/packages/cel/releases/0.3.1","2024-12-19T19:00:23.479Z","2024-12-19T19:00:20.315Z","2024-12-21T16:23:20.019Z"
"cgi","1.0.0",43,"https://hex.pm/api/packages/cgi/releases/1.0.0","2023-12-28T13:59:02.883Z","2023-12-28T13:58:14.795Z","2024-07-03T00:51:52.339Z"
"cgi","1.0.1",84,"https://hex.pm/api/packages/cgi/releases/1.0.1","2024-01-16T11:15:47.623Z","2024-01-16T11:15:45.318Z","2024-07-03T00:51:52.338Z"
"chatbot","1.0.0",35,"https://hex.pm/api/packages/chatbot/releases/1.0.0","2024-03-13T00:36:23.971Z","2024-03-13T00:36:20.795Z","2024-07-03T00:32:25.058Z"
"check_maybe_div_by_zero","1.0.0",10,"https://hex.pm/api/packages/check_maybe_div_by_zero/releases/1.0.0","2024-07-30T15:25:24.987Z","2024-07-30T15:25:22.238Z","2024-08-01T22:30:41.736Z"
"check_maybe_div_by_zero","1.0.1",10,"https://hex.pm/api/packages/check_maybe_div_by_zero/releases/1.0.1","2024-07-30T15:27:25.369Z","2024-07-30T15:27:22.871Z","2024-08-01T22:30:41.736Z"
"checkmark","0.1.0",58,"https://hex.pm/api/packages/checkmark/releases/0.1.0","2024-11-10T21:51:42.765Z","2024-11-10T21:51:40.191Z","2024-11-27T07:04:22.384Z"
"checkmark","1.0.0",22,"https://hex.pm/api/packages/checkmark/releases/1.0.0","2024-11-24T22:16:11.858Z","2024-11-24T22:16:09.001Z","2024-11-27T07:04:22.384Z"
"chilli","0.1.0",14,"https://hex.pm/api/packages/chilli/releases/0.1.0","2024-08-28T14:35:12.682Z","2024-08-28T14:35:09.975Z","2024-08-30T11:51:34.657Z"
"chip","0.1.0",68,"https://hex.pm/api/packages/chip/releases/0.1.0","2023-11-01T09:54:47.528Z","2023-11-01T09:54:45.036Z","2024-12-16T23:23:02.944Z"
"chip","0.1.1",66,"https://hex.pm/api/packages/chip/releases/0.1.1","2023-11-01T22:25:44.231Z","2023-11-01T22:25:41.809Z","2024-12-16T23:23:02.944Z"
"chip","0.1.2",60,"https://hex.pm/api/packages/chip/releases/0.1.2","2023-11-01T23:36:53.073Z","2023-11-01T23:36:50.713Z","2024-12-16T23:23:02.944Z"
"chip","0.1.3",61,"https://hex.pm/api/packages/chip/releases/0.1.3","2023-11-01T23:51:16.331Z","2023-11-01T23:51:13.443Z","2024-12-16T23:23:02.944Z"
"chip","0.1.4",78,"https://hex.pm/api/packages/chip/releases/0.1.4","2023-11-02T01:20:15.793Z","2023-11-02T01:20:13.163Z","2024-12-16T23:23:02.944Z"
"chip","0.1.5",64,"https://hex.pm/api/packages/chip/releases/0.1.5","2023-11-11T03:57:11.564Z","2023-11-11T03:57:08.790Z","2024-12-16T23:23:02.944Z"
"chip","0.1.6",80,"https://hex.pm/api/packages/chip/releases/0.1.6","2023-11-14T09:30:12.586Z","2023-11-14T09:30:10.455Z","2024-12-16T23:23:02.944Z"
"chip","0.1.7",62,"https://hex.pm/api/packages/chip/releases/0.1.7","2023-11-23T23:09:45.339Z","2023-11-23T23:09:42.943Z","2024-12-16T23:23:02.944Z"
"chip","0.1.8",70,"https://hex.pm/api/packages/chip/releases/0.1.8","2024-01-24T03:52:33.440Z","2024-01-24T03:52:30.996Z","2024-12-16T23:23:02.944Z"
"chip","0.1.9",71,"https://hex.pm/api/packages/chip/releases/0.1.9","2024-01-27T00:44:38.378Z","2024-01-27T00:44:35.859Z","2024-12-16T23:23:02.944Z"
"chip","0.2.0",57,"https://hex.pm/api/packages/chip/releases/0.2.0","2024-02-08T07:36:04.308Z","2024-02-08T07:36:01.634Z","2024-12-16T23:23:02.944Z"
"chip","0.2.1",97,"https://hex.pm/api/packages/chip/releases/0.2.1","2024-03-18T23:04:47.400Z","2024-03-18T23:04:45.075Z","2024-12-16T23:23:02.944Z"
"chip","0.5.0",38,"https://hex.pm/api/packages/chip/releases/0.5.0","2024-05-06T02:21:22.660Z","2024-05-06T02:21:20.449Z","2024-12-16T23:23:02.944Z"
"chip","0.5.1",38,"https://hex.pm/api/packages/chip/releases/0.5.1","2024-05-06T02:32:29.586Z","2024-05-06T02:32:27.149Z","2024-12-16T23:23:02.944Z"
"chip","0.6.0",38,"https://hex.pm/api/packages/chip/releases/0.6.0","2024-05-08T02:10:58.776Z","2024-05-08T02:10:56.229Z","2024-12-16T23:23:02.944Z"
"chip","0.6.1",44,"https://hex.pm/api/packages/chip/releases/0.6.1","2024-05-10T07:09:45.664Z","2024-05-10T07:09:43.154Z","2024-12-16T23:23:02.944Z"
"chip","0.6.4",34,"https://hex.pm/api/packages/chip/releases/0.6.4","2024-06-26T07:28:50.433Z","2024-06-26T07:28:47.700Z","2024-12-16T23:23:02.944Z"
"chip","0.7.0",32,"https://hex.pm/api/packages/chip/releases/0.7.0","2024-06-28T02:26:27.272Z","2024-06-28T02:26:24.598Z","2024-12-16T23:23:02.944Z"
"chip","0.7.1",32,"https://hex.pm/api/packages/chip/releases/0.7.1","2024-06-28T02:43:03.309Z","2024-06-28T02:43:00.804Z","2024-12-16T23:23:02.944Z"
"chip","0.7.2",34,"https://hex.pm/api/packages/chip/releases/0.7.2","2024-06-28T02:45:24.333Z","2024-06-28T02:45:21.767Z","2024-12-16T23:23:02.944Z"
"chip","0.7.3",32,"https://hex.pm/api/packages/chip/releases/0.7.3","2024-06-28T22:19:14.578Z","2024-06-28T22:19:11.750Z","2024-12-16T23:23:02.944Z"
"chip","0.7.4",32,"https://hex.pm/api/packages/chip/releases/0.7.4","2024-06-29T08:42:35.206Z","2024-06-29T08:42:32.582Z","2024-12-16T23:23:02.944Z"
"chip","0.7.5",59,"https://hex.pm/api/packages/chip/releases/0.7.5","2024-06-29T22:50:06.881Z","2024-06-29T22:50:04.573Z","2024-12-16T23:23:02.944Z"
"chip","0.8.1",24,"https://hex.pm/api/packages/chip/releases/0.8.1","2024-09-11T04:29:48.538Z","2024-09-11T04:29:45.996Z","2024-12-16T23:23:02.944Z"
"chip","0.8.3",24,"https://hex.pm/api/packages/chip/releases/0.8.3","2024-09-11T04:31:24.081Z","2024-09-11T04:31:21.651Z","2024-12-16T23:23:02.944Z"
"chip","0.8.4",24,"https://hex.pm/api/packages/chip/releases/0.8.4","2024-09-11T08:38:22.572Z","2024-09-11T08:38:20.063Z","2024-12-16T23:23:02.944Z"
"chip","0.8.5",24,"https://hex.pm/api/packages/chip/releases/0.8.5","2024-09-11T08:45:34.546Z","2024-09-11T08:45:31.869Z","2024-12-16T23:23:02.944Z"
"chip","0.9.0",146,"https://hex.pm/api/packages/chip/releases/0.9.0","2024-09-14T05:14:18.380Z","2024-09-14T05:14:15.678Z","2024-12-16T23:23:02.944Z"
"chip","1.0.0",138,"https://hex.pm/api/packages/chip/releases/1.0.0","2024-11-30T01:30:02.195Z","2024-11-30T01:25:55.745Z","2024-12-16T23:23:02.944Z"
"chip","1.1.0",16,"https://hex.pm/api/packages/chip/releases/1.1.0","2024-12-12T06:57:06.842Z","2024-12-12T06:57:04.034Z","2024-12-16T23:23:02.944Z"
"chip","1.1.1",14,"https://hex.pm/api/packages/chip/releases/1.1.1","2024-12-14T02:03:00.121Z","2024-12-14T02:02:57.127Z","2024-12-16T23:23:02.944Z"
"chomp","0.1.0",618,"https://hex.pm/api/packages/chomp/releases/0.1.0","2024-05-16T22:36:37.282Z","2024-05-16T22:36:34.661Z","2025-01-05T05:42:39.751Z"
"chomp","0.2.0",35,"https://hex.pm/api/packages/chomp/releases/0.2.0","2024-08-21T16:58:10.787Z","2024-08-21T16:58:08.249Z","2025-01-05T05:42:39.751Z"
"chomp","0.2.1",58,"https://hex.pm/api/packages/chomp/releases/0.2.1","2024-08-21T18:33:08.487Z","2024-08-21T18:33:05.804Z","2025-01-05T05:42:39.751Z"
"chomp","0.3.0",34,"https://hex.pm/api/packages/chomp/releases/0.3.0","2024-09-07T20:50:56.361Z","2024-09-07T20:50:53.785Z","2025-01-05T05:42:39.751Z"
"chomp","0.3.1",28,"https://hex.pm/api/packages/chomp/releases/0.3.1","2024-09-15T16:31:20.318Z","2024-09-15T16:31:17.220Z","2025-01-05T05:42:39.751Z"
"chomp","0.4.0",580,"https://hex.pm/api/packages/chomp/releases/0.4.0","2024-09-21T13:28:07.739Z","2024-09-21T13:28:05.281Z","2025-01-05T05:42:39.751Z"
"chomp","0.4.1",20,"https://hex.pm/api/packages/chomp/releases/0.4.1","2024-12-31T19:50:49.768Z","2024-12-31T19:50:46.706Z","2025-01-05T05:42:39.751Z"
"chrobot","1.0.0",37,"https://hex.pm/api/packages/chrobot/releases/1.0.0","2024-05-15T15:35:02.732Z","2024-05-15T15:34:59.770Z","2024-12-12T16:39:46.331Z"
"chrobot","1.1.0",43,"https://hex.pm/api/packages/chrobot/releases/1.1.0","2024-05-15T22:37:32.703Z","2024-05-15T22:37:29.650Z","2024-12-12T16:39:46.331Z"
"chrobot","1.2.0",45,"https://hex.pm/api/packages/chrobot/releases/1.2.0","2024-05-16T08:53:33.804Z","2024-05-16T08:53:30.456Z","2024-12-12T16:39:46.331Z"
"chrobot","2.0.0",45,"https://hex.pm/api/packages/chrobot/releases/2.0.0","2024-05-16T22:55:07.979Z","2024-05-16T22:55:05.136Z","2024-12-12T16:39:46.331Z"
"chrobot","2.1.0",39,"https://hex.pm/api/packages/chrobot/releases/2.1.0","2024-05-24T22:48:15.655Z","2024-05-24T22:48:12.740Z","2024-12-12T16:39:46.331Z"
"chrobot","2.1.1",39,"https://hex.pm/api/packages/chrobot/releases/2.1.1","2024-05-24T22:53:31.612Z","2024-05-24T22:53:28.715Z","2024-12-12T16:39:46.331Z"
"chrobot","2.1.2",44,"https://hex.pm/api/packages/chrobot/releases/2.1.2","2024-05-29T08:53:47.366Z","2024-05-29T08:53:44.639Z","2024-12-12T16:39:46.331Z"
"chrobot","2.2.2",39,"https://hex.pm/api/packages/chrobot/releases/2.2.2","2024-06-07T11:05:41.352Z","2024-06-07T10:57:23.389Z","2024-12-12T16:39:46.331Z"
"chrobot","2.2.3",38,"https://hex.pm/api/packages/chrobot/releases/2.2.3","2024-06-07T23:32:03.431Z","2024-06-07T23:32:00.671Z","2024-12-12T16:39:46.331Z"
"chrobot","2.2.4",35,"https://hex.pm/api/packages/chrobot/releases/2.2.4","2024-06-22T12:08:14.142Z","2024-06-22T12:08:11.149Z","2024-12-12T16:39:46.331Z"
"chrobot","2.2.5",36,"https://hex.pm/api/packages/chrobot/releases/2.2.5","2024-08-12T10:31:09.795Z","2024-08-12T10:31:07.032Z","2024-12-12T16:39:46.331Z"
"chrobot","2.3.0",26,"https://hex.pm/api/packages/chrobot/releases/2.3.0","2024-09-07T19:09:14.781Z","2024-09-07T19:09:11.890Z","2024-12-12T16:39:46.331Z"
"chrobot","3.0.0",382,"https://hex.pm/api/packages/chrobot/releases/3.0.0","2024-09-07T19:47:14.454Z","2024-09-07T19:47:11.765Z","2024-12-12T16:39:46.331Z"
"chrobot","3.0.1",96,"https://hex.pm/api/packages/chrobot/releases/3.0.1","2024-10-15T08:56:13.826Z","2024-10-15T08:56:09.675Z","2024-12-12T16:39:46.331Z"
"chrobot","3.0.2",113,"https://hex.pm/api/packages/chrobot/releases/3.0.2","2024-10-20T08:58:37.352Z","2024-10-20T08:58:34.349Z","2024-12-12T16:39:46.331Z"
"chrobot","3.0.3",60,"https://hex.pm/api/packages/chrobot/releases/3.0.3","2024-11-26T00:36:53.542Z","2024-11-26T00:36:50.160Z","2024-12-12T16:39:46.331Z"
"chrobot","3.0.4",22,"https://hex.pm/api/packages/chrobot/releases/3.0.4","2024-12-10T15:10:21.797Z","2024-12-10T15:10:18.876Z","2024-12-12T16:39:46.330Z"
"chromatic","1.0.0",140,"https://hex.pm/api/packages/chromatic/releases/1.0.0","2024-03-13T12:40:21.406Z","2024-03-13T12:40:18.803Z","2024-07-03T00:32:15.836Z"
"cigogne","1.0.0",42,"https://hex.pm/api/packages/cigogne/releases/1.0.0","2024-11-28T11:37:25.212Z","2024-11-28T11:37:22.743Z","2025-05-02T23:58:24.240Z"
"cigogne","2.0.0",44,"https://hex.pm/api/packages/cigogne/releases/2.0.0","2024-12-21T19:13:26.103Z","2024-12-21T19:13:23.538Z","2025-05-02T23:58:24.240Z"
"cigogne","2.0.1",48,"https://hex.pm/api/packages/cigogne/releases/2.0.1","2024-12-28T16:00:08.374Z","2024-12-28T16:00:05.403Z","2025-05-02T23:58:24.240Z"
"cigogne","2.0.2",117,"https://hex.pm/api/packages/cigogne/releases/2.0.2","2025-01-06T09:10:49.242Z","2025-01-06T09:10:46.811Z","2025-05-02T23:58:24.240Z"
"cigogne","2.0.3",40,"https://hex.pm/api/packages/cigogne/releases/2.0.3","2025-03-01T14:05:24.833Z","2025-03-01T14:05:22.359Z","2025-05-02T23:58:24.240Z"
"cigogne","2.0.4",42,"https://hex.pm/api/packages/cigogne/releases/2.0.4","2025-03-12T09:27:10.815Z","2025-03-12T09:27:07.640Z","2025-05-02T23:58:24.240Z"
"cigogne","2.0.5",52,"https://hex.pm/api/packages/cigogne/releases/2.0.5","2025-03-31T08:58:18.951Z","2025-03-31T08:58:15.382Z","2025-05-02T23:58:24.240Z"
"cigogne","3.0.0",14,"https://hex.pm/api/packages/cigogne/releases/3.0.0","2025-04-29T13:43:06.338Z","2025-04-29T13:43:03.168Z","2025-05-02T23:58:24.240Z"
"cigogne","3.1.0",16,"https://hex.pm/api/packages/cigogne/releases/3.1.0","2025-04-30T15:51:53.789Z","2025-04-30T15:51:50.926Z","2025-05-02T23:58:24.240Z"
"clad","0.1.0",26,"https://hex.pm/api/packages/clad/releases/0.1.0","2024-09-05T01:26:40.648Z","2024-09-05T01:26:37.786Z","2025-01-03T22:52:25.987Z"
"clad","0.1.1",26,"https://hex.pm/api/packages/clad/releases/0.1.1","2024-09-05T16:03:28.131Z","2024-09-05T16:03:25.831Z","2025-01-03T22:52:25.987Z"
"clad","0.1.2",28,"https://hex.pm/api/packages/clad/releases/0.1.2","2024-09-06T18:14:10.095Z","2024-09-06T18:14:07.311Z","2025-01-03T22:52:25.987Z"
"clad","0.1.4",26,"https://hex.pm/api/packages/clad/releases/0.1.4","2024-09-08T02:24:10.310Z","2024-09-08T02:24:07.935Z","2025-01-03T22:52:25.987Z"
"clad","0.1.5",32,"https://hex.pm/api/packages/clad/releases/0.1.5","2024-09-08T14:37:53.665Z","2024-09-08T14:37:51.178Z","2025-01-03T22:52:25.987Z"
"clad","0.2.0",22,"https://hex.pm/api/packages/clad/releases/0.2.0","2024-11-08T18:32:06.658Z","2024-11-08T18:28:57.917Z","2025-01-03T22:52:25.987Z"
"clad","0.2.1",24,"https://hex.pm/api/packages/clad/releases/0.2.1","2024-11-11T18:38:06.059Z","2024-11-11T18:38:03.519Z","2025-01-03T22:52:25.987Z"
"clad","0.3.0",18,"https://hex.pm/api/packages/clad/releases/0.3.0","2024-12-10T02:02:23.696Z","2024-12-10T02:02:20.974Z","2025-01-03T22:52:25.987Z"
"clad","0.3.1",20,"https://hex.pm/api/packages/clad/releases/0.3.1","2024-12-10T02:06:45.140Z","2024-12-10T02:06:42.604Z","2025-01-03T22:52:25.987Z"
"clad","1.0.0",18,"https://hex.pm/api/packages/clad/releases/1.0.0","2024-12-28T01:02:10.140Z","2024-12-28T01:02:07.627Z","2025-01-03T22:52:25.987Z"
"clad","1.0.1",18,"https://hex.pm/api/packages/clad/releases/1.0.1","2024-12-28T19:38:29.415Z","2024-12-28T19:38:26.515Z","2025-01-03T22:52:25.987Z"
"clad","1.1.0",24,"https://hex.pm/api/packages/clad/releases/1.1.0","2024-12-30T20:06:49.705Z","2024-12-30T20:06:47.082Z","2025-01-03T22:52:25.987Z"
"clamav_client","1.0.0",18,"https://hex.pm/api/packages/clamav_client/releases/1.0.0","2024-12-23T16:57:23.178Z","2024-12-23T16:57:20.593Z","2024-12-27T05:57:00.501Z"
"clamav_client","1.0.1",18,"https://hex.pm/api/packages/clamav_client/releases/1.0.1","2024-12-23T20:17:21.507Z","2024-12-23T20:17:18.948Z","2024-12-27T05:57:00.501Z"
"clamav_client","1.0.2",18,"https://hex.pm/api/packages/clamav_client/releases/1.0.2","2024-12-23T21:23:37.974Z","2024-12-23T21:23:34.680Z","2024-12-27T05:57:00.501Z"
"classify","1.0.0",55,"https://hex.pm/api/packages/classify/releases/1.0.0","2024-06-05T06:46:24.276Z","2024-06-04T10:10:03.181Z","2024-07-02T23:45:12.195Z"
"cleam","1.0.0",78,"https://hex.pm/api/packages/cleam/releases/1.0.0","2024-04-06T21:40:36.941Z","2024-04-06T21:40:34.222Z","2024-12-31T12:40:46.359Z"
"cleam","1.0.1",82,"https://hex.pm/api/packages/cleam/releases/1.0.1","2024-04-07T11:11:28.489Z","2024-04-07T11:11:26.032Z","2024-12-31T12:40:46.359Z"
"cleam","1.1.0",82,"https://hex.pm/api/packages/cleam/releases/1.1.0","2024-04-08T17:00:59.364Z","2024-04-08T17:00:55.518Z","2024-12-31T12:40:46.359Z"
"cleam","1.2.0",84,"https://hex.pm/api/packages/cleam/releases/1.2.0","2024-04-10T17:18:38.677Z","2024-04-10T17:18:35.761Z","2024-12-31T12:40:46.359Z"
"cleam","1.2.1",84,"https://hex.pm/api/packages/cleam/releases/1.2.1","2024-04-10T17:32:48.651Z","2024-04-10T17:32:46.185Z","2024-12-31T12:40:46.359Z"
"cleam","1.2.2",89,"https://hex.pm/api/packages/cleam/releases/1.2.2","2024-04-13T16:25:03.407Z","2024-04-13T16:25:00.967Z","2024-12-31T12:40:46.359Z"
"cleam","1.3.0",86,"https://hex.pm/api/packages/cleam/releases/1.3.0","2024-04-20T12:45:45.117Z","2024-04-20T12:45:42.556Z","2024-12-31T12:40:46.359Z"
"cleam","1.3.1",92,"https://hex.pm/api/packages/cleam/releases/1.3.1","2024-04-20T15:58:02.537Z","2024-04-20T15:57:59.944Z","2024-12-31T12:40:46.359Z"
"cleam","1.4.0",86,"https://hex.pm/api/packages/cleam/releases/1.4.0","2024-04-21T08:50:48.317Z","2024-04-21T08:50:45.502Z","2024-12-31T12:40:46.359Z"
"cleam","1.4.1",82,"https://hex.pm/api/packages/cleam/releases/1.4.1","2024-04-21T13:49:05.211Z","2024-04-21T13:49:02.096Z","2024-12-31T12:40:46.359Z"
"cleam","1.5.0",156,"https://hex.pm/api/packages/cleam/releases/1.5.0","2024-04-21T15:58:04.931Z","2024-04-21T15:58:02.098Z","2024-12-31T12:40:46.359Z"
"cleam","1.5.1",117,"https://hex.pm/api/packages/cleam/releases/1.5.1","2024-06-04T15:30:39.505Z","2024-06-04T15:30:36.422Z","2024-12-31T12:40:46.359Z"
"cleam","2.0.0",20,"https://hex.pm/api/packages/cleam/releases/2.0.0","2024-12-28T13:37:24.091Z","2024-12-28T13:37:21.029Z","2024-12-31T12:40:46.359Z"
"clip","0.1.0",72,"https://hex.pm/api/packages/clip/releases/0.1.0","2024-09-12T14:21:18.120Z","2024-09-12T14:21:15.679Z","2025-04-07T05:21:36.652Z"
"clip","0.2.0",34,"https://hex.pm/api/packages/clip/releases/0.2.0","2024-09-19T14:21:09.678Z","2024-09-19T14:21:06.723Z","2025-04-07T05:21:36.652Z"
"clip","0.3.0",62,"https://hex.pm/api/packages/clip/releases/0.3.0","2024-09-20T22:36:09.945Z","2024-09-20T22:36:07.157Z","2025-04-07T05:21:36.652Z"
"clip","0.4.0",48,"https://hex.pm/api/packages/clip/releases/0.4.0","2024-09-25T13:11:44.799Z","2024-09-25T13:11:42.197Z","2025-04-07T05:21:36.652Z"
"clip","0.4.1",36,"https://hex.pm/api/packages/clip/releases/0.4.1","2024-09-28T17:50:24.754Z","2024-09-28T17:50:22.165Z","2025-04-07T05:21:36.652Z"
"clip","0.5.0",74,"https://hex.pm/api/packages/clip/releases/0.5.0","2024-10-01T23:11:03.393Z","2024-10-01T23:11:00.762Z","2025-04-07T05:21:36.652Z"
"clip","0.6.0",42,"https://hex.pm/api/packages/clip/releases/0.6.0","2024-10-23T23:04:32.972Z","2024-10-23T23:04:30.115Z","2025-04-07T05:21:36.652Z"
"clip","0.6.1",438,"https://hex.pm/api/packages/clip/releases/0.6.1","2024-10-26T13:50:37.584Z","2024-10-26T13:50:34.917Z","2025-04-07T05:21:36.652Z"
"clip","0.6.2",500,"https://hex.pm/api/packages/clip/releases/0.6.2","2024-11-25T14:39:31.987Z","2024-11-25T14:39:28.215Z","2025-04-07T05:21:36.652Z"
"clip","1.0.0",2819,"https://hex.pm/api/packages/clip/releases/1.0.0","2024-12-07T22:31:05.233Z","2024-12-07T22:31:02.286Z","2025-04-07T05:21:36.652Z"
"cloak_wrapper","1.0.0",14,"https://hex.pm/api/packages/cloak_wrapper/releases/1.0.0","2024-12-06T08:10:16.243Z","2024-12-06T08:10:11.715Z","2024-12-08T09:58:33.230Z"
"clockwork","1.0.0",23,"https://hex.pm/api/packages/clockwork/releases/1.0.0","2025-02-22T23:36:08.999Z","2025-02-22T23:24:34.202Z","2025-03-04T07:22:44.308Z"
"clockwork","1.1.0",24,"https://hex.pm/api/packages/clockwork/releases/1.1.0","2025-02-26T16:51:11.925Z","2025-02-26T16:46:59.131Z","2025-03-04T07:22:44.308Z"
"clockwork","1.2.0",20,"https://hex.pm/api/packages/clockwork/releases/1.2.0","2025-02-27T16:21:16.958Z","2025-02-27T16:21:14.570Z","2025-03-04T07:22:44.308Z"
"clockwork","2.0.0",18,"https://hex.pm/api/packages/clockwork/releases/2.0.0","2025-02-28T15:59:21.223Z","2025-02-28T15:59:18.906Z","2025-03-04T07:22:44.308Z"
"clockwork","3.0.0",18,"https://hex.pm/api/packages/clockwork/releases/3.0.0","2025-02-28T21:17:07.217Z","2025-02-28T21:17:04.690Z","2025-03-04T07:22:44.308Z"
"cog","1.0.0",22,"https://hex.pm/api/packages/cog/releases/1.0.0","2024-12-27T18:07:59.935Z","2024-12-27T18:07:57.208Z","2025-03-25T08:10:17.942Z"
"cog","2.0.0",24,"https://hex.pm/api/packages/cog/releases/2.0.0","2024-12-27T19:31:05.150Z","2024-12-27T19:31:02.381Z","2025-03-25T08:10:17.942Z"
"cog","2.0.1",26,"https://hex.pm/api/packages/cog/releases/2.0.1","2024-12-27T22:58:33.079Z","2024-12-27T22:58:30.353Z","2025-03-25T08:10:17.942Z"
"cog","2.0.2",84,"https://hex.pm/api/packages/cog/releases/2.0.2","2024-12-31T17:31:15.796Z","2024-12-31T17:31:13.049Z","2025-03-25T08:10:17.942Z"
"cog","2.0.3",20,"https://hex.pm/api/packages/cog/releases/2.0.3","2025-03-21T23:55:07.815Z","2025-03-21T23:55:05.334Z","2025-03-25T08:10:17.942Z"
"collatz","0.0.1",24,"https://hex.pm/api/packages/collatz/releases/0.0.1","2024-03-19T15:13:49.612Z","2024-03-19T15:13:47.231Z","2024-07-03T00:17:44.341Z"
"collatz","0.0.2",24,"https://hex.pm/api/packages/collatz/releases/0.0.2","2024-03-27T14:52:38.290Z","2024-03-27T14:23:02.669Z","2024-07-03T00:17:44.341Z"
"collatz","0.0.3",24,"https://hex.pm/api/packages/collatz/releases/0.0.3","2024-03-29T10:12:07.524Z","2024-03-27T15:42:46.332Z","2024-07-03T00:17:44.340Z"
"collatz","0.0.4",26,"https://hex.pm/api/packages/collatz/releases/0.0.4","2024-03-29T10:14:50.486Z","2024-03-29T10:12:29.547Z","2024-07-03T00:17:44.340Z"
"colored","1.0.0",31,"https://hex.pm/api/packages/colored/releases/1.0.0","2024-03-12T12:51:07.135Z","2024-03-12T12:51:03.926Z","2024-07-03T00:32:08.575Z"
"colored","1.0.1",40,"https://hex.pm/api/packages/colored/releases/1.0.1","2024-03-12T12:56:50.019Z","2024-03-12T12:56:46.723Z","2024-07-03T00:32:08.575Z"
"colored","1.0.2",62,"https://hex.pm/api/packages/colored/releases/1.0.2","2024-03-13T16:37:29.774Z","2024-03-13T16:37:26.827Z","2024-07-03T00:32:08.574Z"
"colours","0.1.1",84,"https://hex.pm/api/packages/colours/releases/0.1.1","2022-05-24T16:46:00.479Z","2022-05-24T16:45:57.162Z","2024-07-03T00:46:08.180Z"
"colours","0.1.2",86,"https://hex.pm/api/packages/colours/releases/0.1.2","2022-05-24T16:55:30.281Z","2022-05-24T16:55:26.980Z","2024-07-03T00:46:08.180Z"
"colours","0.2.0",103,"https://hex.pm/api/packages/colours/releases/0.2.0","2023-05-17T19:43:51.489Z","2023-05-17T19:43:49.299Z","2024-07-03T00:46:08.179Z"
"colours","0.3.0",53,"https://hex.pm/api/packages/colours/releases/0.3.0","2024-02-06T15:19:45.437Z","2024-02-06T15:19:42.727Z","2024-07-03T00:46:08.177Z"
"comet","0.1.0",121,"https://hex.pm/api/packages/comet/releases/0.1.0","2024-04-23T07:29:19.914Z","2024-04-23T06:39:59.511Z","2024-07-03T00:00:37.160Z"
"comet","0.2.0",114,"https://hex.pm/api/packages/comet/releases/0.2.0","2024-04-28T07:52:24.404Z","2024-04-28T07:52:22.097Z","2024-07-03T00:00:37.160Z"
"comet","0.2.1",117,"https://hex.pm/api/packages/comet/releases/0.2.1","2024-04-28T16:28:55.195Z","2024-04-28T16:28:52.672Z","2024-07-03T00:00:37.160Z"
"comet","0.2.2",29,"https://hex.pm/api/packages/comet/releases/0.2.2","2024-05-04T21:44:26.324Z","2024-05-04T21:44:24.116Z","2024-07-03T00:00:37.160Z"
"commonmark","0.1.0",18,"https://hex.pm/api/packages/commonmark/releases/0.1.0","2024-05-31T09:20:49.458Z","2024-05-31T09:20:46.623Z","2024-07-02T23:30:31.024Z"
"commonmark","0.1.1",24,"https://hex.pm/api/packages/commonmark/releases/0.1.1","2024-05-31T09:58:20.233Z","2024-05-31T09:58:17.245Z","2024-07-02T23:30:31.024Z"
"commonmark","0.1.2",20,"https://hex.pm/api/packages/commonmark/releases/0.1.2","2024-06-01T00:31:52.211Z","2024-06-01T00:31:49.040Z","2024-07-02T23:30:31.024Z"
"commonmark","0.1.3",39,"https://hex.pm/api/packages/commonmark/releases/0.1.3","2024-06-03T21:40:46.335Z","2024-06-03T21:40:42.555Z","2024-07-02T23:30:31.024Z"
"commonmark","0.1.4",20,"https://hex.pm/api/packages/commonmark/releases/0.1.4","2024-06-13T03:56:58.650Z","2024-06-13T03:56:55.486Z","2024-07-02T23:30:31.024Z"
"commonmark","0.1.5",22,"https://hex.pm/api/packages/commonmark/releases/0.1.5","2024-06-14T02:11:07.977Z","2024-06-14T02:11:04.887Z","2024-07-02T23:30:31.024Z"
"commonmark","0.1.6",20,"https://hex.pm/api/packages/commonmark/releases/0.1.6","2024-06-14T20:28:10.072Z","2024-06-14T20:28:07.018Z","2024-07-02T23:30:31.024Z"
"commonmark","0.1.7",14,"https://hex.pm/api/packages/commonmark/releases/0.1.7","2024-06-22T13:50:13.923Z","2024-06-22T13:50:10.865Z","2024-07-02T23:30:31.024Z"
"commonmark","0.1.8",18,"https://hex.pm/api/packages/commonmark/releases/0.1.8","2024-06-24T14:58:41.724Z","2024-06-24T14:58:38.668Z","2024-07-02T23:30:31.024Z"
"conllu","0.1.0",34,"https://hex.pm/api/packages/conllu/releases/0.1.0","2024-03-31T21:54:17.707Z","2024-03-31T21:54:15.423Z","2024-07-03T00:16:16.194Z"
"conllu","0.2.0",39,"https://hex.pm/api/packages/conllu/releases/0.2.0","2024-03-31T22:29:29.211Z","2024-03-31T22:29:26.934Z","2024-07-03T00:16:16.194Z"
"context_fp_gleam","1.0.0",58,"https://hex.pm/api/packages/context_fp_gleam/releases/1.0.0","2024-03-30T12:41:37.379Z","2024-03-30T12:41:34.887Z","2025-01-02T16:02:27.026Z"
"context_fp_gleam","1.1.0",63,"https://hex.pm/api/packages/context_fp_gleam/releases/1.1.0","2024-04-01T14:53:02.804Z","2024-04-01T14:52:59.648Z","2025-01-02T16:02:27.026Z"
"context_fp_gleam","1.1.1",56,"https://hex.pm/api/packages/context_fp_gleam/releases/1.1.1","2024-04-21T09:11:19.454Z","2024-04-21T09:11:16.901Z","2025-01-02T16:02:27.026Z"
"context_fp_gleam","1.1.2",41,"https://hex.pm/api/packages/context_fp_gleam/releases/1.1.2","2024-06-17T18:26:10.428Z","2024-06-17T18:26:07.296Z","2025-01-02T16:02:27.026Z"
"contour","1.0.0",24,"https://hex.pm/api/packages/contour/releases/1.0.0","2025-03-28T12:46:05.903Z","2025-03-28T12:46:03.718Z","2025-04-03T18:56:20.643Z"
"contour","1.1.0",44,"https://hex.pm/api/packages/contour/releases/1.1.0","2025-03-28T16:23:50.379Z","2025-03-28T16:23:46.660Z","2025-04-03T18:56:20.643Z"
"contour","1.1.1",24,"https://hex.pm/api/packages/contour/releases/1.1.1","2025-04-01T11:52:51.905Z","2025-04-01T11:52:49.492Z","2025-04-03T18:56:20.643Z"
"conversation","1.0.0",50,"https://hex.pm/api/packages/conversation/releases/1.0.0","2024-01-11T22:42:52.272Z","2024-01-11T22:42:49.730Z","2025-02-21T03:41:12.423Z"
"conversation","1.1.0",54,"https://hex.pm/api/packages/conversation/releases/1.1.0","2024-01-11T23:15:32.832Z","2024-01-11T23:15:30.425Z","2025-02-21T03:41:12.423Z"
"conversation","1.2.0",54,"https://hex.pm/api/packages/conversation/releases/1.2.0","2024-01-12T18:18:30.803Z","2024-01-12T18:18:28.429Z","2025-02-21T03:41:12.423Z"
"conversation","1.3.0",54,"https://hex.pm/api/packages/conversation/releases/1.3.0","2024-01-12T20:20:33.109Z","2024-01-12T20:20:30.569Z","2025-02-21T03:41:12.423Z"
"conversation","1.4.0",57,"https://hex.pm/api/packages/conversation/releases/1.4.0","2024-01-14T22:46:22.929Z","2024-01-14T22:46:20.292Z","2025-02-21T03:41:12.423Z"
"conversation","1.4.1",53,"https://hex.pm/api/packages/conversation/releases/1.4.1","2024-01-27T19:20:22.869Z","2024-01-27T19:20:20.250Z","2025-02-21T03:41:12.423Z"
"conversation","1.4.2",53,"https://hex.pm/api/packages/conversation/releases/1.4.2","2024-01-27T19:54:08.767Z","2024-01-27T19:54:06.255Z","2025-02-21T03:41:12.423Z"
"conversation","1.4.3",29238,"https://hex.pm/api/packages/conversation/releases/1.4.3","2024-01-29T15:38:07.991Z","2024-01-29T15:38:05.576Z","2025-02-21T03:41:12.423Z"
"conversation","2.0.0",77,"https://hex.pm/api/packages/conversation/releases/2.0.0","2024-09-24T21:38:41.852Z","2024-09-24T21:38:39.476Z","2025-02-21T03:41:12.423Z"
"conversation","2.0.1",32,"https://hex.pm/api/packages/conversation/releases/2.0.1","2025-02-18T17:39:04.493Z","2025-02-18T17:39:01.075Z","2025-02-21T03:41:12.422Z"
"convert","1.0.0",72,"https://hex.pm/api/packages/convert/releases/1.0.0","2024-12-04T21:30:02.359Z","2024-12-04T21:29:59.064Z","2024-12-31T22:57:25.447Z"
"convert","1.0.1",32,"https://hex.pm/api/packages/convert/releases/1.0.1","2024-12-28T14:16:29.556Z","2024-12-28T14:16:26.869Z","2024-12-31T22:57:25.447Z"
"convert_http_query","1.0.0",30,"https://hex.pm/api/packages/convert_http_query/releases/1.0.0","2024-12-31T18:42:05.192Z","2024-12-31T18:42:02.524Z","2025-01-05T05:42:49.751Z"
"convert_json","1.0.0",60,"https://hex.pm/api/packages/convert_json/releases/1.0.0","2024-12-04T21:52:37.478Z","2024-12-04T21:52:34.906Z","2024-12-31T22:57:24.378Z"
"convert_json","1.0.1",24,"https://hex.pm/api/packages/convert_json/releases/1.0.1","2024-12-28T15:11:02.659Z","2024-12-28T15:11:00.053Z","2024-12-31T22:57:24.378Z"
"cors_builder","0.1.0",228,"https://hex.pm/api/packages/cors_builder/releases/0.1.0","2024-04-24T11:00:23.897Z","2024-04-24T11:00:21.603Z","2025-03-03T00:29:29.004Z"
"cors_builder","1.0.0",3132,"https://hex.pm/api/packages/cors_builder/releases/1.0.0","2024-05-14T23:14:38.732Z","2024-05-14T23:14:36.329Z","2025-03-03T00:29:29.004Z"
"cors_builder","1.0.1",26,"https://hex.pm/api/packages/cors_builder/releases/1.0.1","2024-08-26T18:14:05.797Z","2024-08-26T17:49:39.067Z","2025-03-03T00:29:29.003Z"
"cors_builder","2.0.0",4418,"https://hex.pm/api/packages/cors_builder/releases/2.0.0","2024-08-26T17:57:30.096Z","2024-08-26T17:57:27.419Z","2025-03-03T00:29:29.003Z"
"cors_builder","2.0.1",1276,"https://hex.pm/api/packages/cors_builder/releases/2.0.1","2024-09-17T14:30:53.670Z","2024-09-17T14:30:50.988Z","2025-03-03T00:29:29.003Z"
"cors_builder","2.0.2",6390,"https://hex.pm/api/packages/cors_builder/releases/2.0.2","2024-10-14T17:30:10.742Z","2024-10-14T17:30:07.552Z","2025-03-03T00:29:29.003Z"
"cors_builder","2.0.3",5572,"https://hex.pm/api/packages/cors_builder/releases/2.0.3","2024-12-20T15:29:34.232Z","2024-12-20T15:29:31.051Z","2025-03-03T00:29:29.003Z"
"cors_builder","2.0.4",58,"https://hex.pm/api/packages/cors_builder/releases/2.0.4","2025-02-27T15:01:32.467Z","2025-02-27T15:01:29.865Z","2025-03-03T00:29:29.003Z"
"cosepo","0.0.1",20,"https://hex.pm/api/packages/cosepo/releases/0.0.1","2024-06-10T11:31:01.744Z","2024-06-10T11:30:58.749Z","2024-07-02T23:42:18.730Z"
"cosepo","0.0.2",32,"https://hex.pm/api/packages/cosepo/releases/0.0.2","2024-06-10T23:47:25.730Z","2024-06-10T23:47:23.120Z","2024-07-02T23:42:18.729Z"
"cosmos","0.0.0",14,"https://hex.pm/api/packages/cosmos/releases/0.0.0","2024-08-08T22:46:28.363Z","2024-08-08T22:46:25.556Z","2024-08-12T03:40:41.778Z"
"counter","1.0.0",28,"https://hex.pm/api/packages/counter/releases/1.0.0","2024-06-28T21:49:42.763Z","2024-06-28T21:49:40.390Z","2024-10-18T23:40:02.067Z"
"counter","1.0.1",30,"https://hex.pm/api/packages/counter/releases/1.0.1","2024-06-28T23:16:05.376Z","2024-06-28T23:16:02.906Z","2024-10-18T23:40:02.067Z"
"counter","1.0.2",28,"https://hex.pm/api/packages/counter/releases/1.0.2","2024-07-03T20:46:04.924Z","2024-07-03T20:46:02.504Z","2024-10-18T23:40:02.067Z"
"counter","1.0.3",26,"https://hex.pm/api/packages/counter/releases/1.0.3","2024-07-07T23:05:13.102Z","2024-07-07T23:05:10.804Z","2024-10-18T23:40:02.067Z"
"counter","1.0.4",10,"https://hex.pm/api/packages/counter/releases/1.0.4","2024-10-17T08:21:28.985Z","2024-10-17T08:21:26.477Z","2024-10-18T23:40:02.067Z"
"crabbucket_pgo","1.0.0",14,"https://hex.pm/api/packages/crabbucket_pgo/releases/1.0.0","2024-07-24T01:35:19.421Z","2024-07-24T01:35:16.746Z","2024-07-26T13:20:17.268Z"
"crabbucket_redis","0.1.0",10,"https://hex.pm/api/packages/crabbucket_redis/releases/0.1.0","2024-07-21T16:03:38.884Z","2024-07-21T16:03:36.304Z","2024-07-24T20:14:07.340Z"
"crossbar","1.0.0",30,"https://hex.pm/api/packages/crossbar/releases/1.0.0","2024-01-21T23:00:50.189Z","2024-01-21T23:00:47.583Z","2024-07-03T00:42:35.274Z"
"crossbar","1.1.0",43,"https://hex.pm/api/packages/crossbar/releases/1.1.0","2024-01-21T23:13:58.966Z","2024-01-21T23:13:55.938Z","2024-07-03T00:42:35.274Z"
"crossbar","1.2.0",33,"https://hex.pm/api/packages/crossbar/releases/1.2.0","2024-01-23T23:29:09.361Z","2024-01-23T23:29:06.948Z","2024-07-03T00:42:35.273Z"
"crossbar","1.3.0",36,"https://hex.pm/api/packages/crossbar/releases/1.3.0","2024-01-23T23:56:02.973Z","2024-01-23T23:56:00.542Z","2024-07-03T00:42:35.273Z"
"crossbar","1.3.1",33,"https://hex.pm/api/packages/crossbar/releases/1.3.1","2024-01-24T17:36:56.566Z","2024-01-24T17:36:54.088Z","2024-07-03T00:42:35.273Z"
"crossbar","1.3.2",81,"https://hex.pm/api/packages/crossbar/releases/1.3.2","2024-01-24T19:09:02.272Z","2024-01-24T19:09:00.038Z","2024-07-03T00:42:35.273Z"
"crossbar","1.3.3",64,"https://hex.pm/api/packages/crossbar/releases/1.3.3","2024-02-19T13:14:44.103Z","2024-02-19T13:14:42.021Z","2024-07-03T00:42:35.273Z"
"css_select","0.1.0",16,"https://hex.pm/api/packages/css_select/releases/0.1.0","2024-08-11T07:45:03.449Z","2024-08-11T07:45:00.744Z","2024-08-13T20:33:54.630Z"
"cuid2_gleam","1.0.1",18,"https://hex.pm/api/packages/cuid2_gleam/releases/1.0.1","2025-03-11T19:30:56.039Z","2025-03-11T19:30:53.567Z","2025-03-14T14:31:57.033Z"
"cx","1.0.0",14,"https://hex.pm/api/packages/cx/releases/1.0.0","2024-08-17T17:14:48.563Z","2024-08-17T17:14:45.956Z","2024-09-05T11:04:09.584Z"
"cx","1.0.1",14,"https://hex.pm/api/packages/cx/releases/1.0.1","2024-08-17T18:18:51.439Z","2024-08-17T18:18:48.669Z","2024-09-05T11:04:09.584Z"
"cx","1.0.2",14,"https://hex.pm/api/packages/cx/releases/1.0.2","2024-08-17T18:22:21.827Z","2024-08-17T18:22:19.269Z","2024-09-05T11:04:09.584Z"
"cx","1.0.3",14,"https://hex.pm/api/packages/cx/releases/1.0.3","2024-08-17T19:03:13.259Z","2024-08-17T19:03:10.614Z","2024-09-05T11:04:09.584Z"
"cx","1.0.4",16,"https://hex.pm/api/packages/cx/releases/1.0.4","2024-08-17T19:06:48.698Z","2024-08-17T19:06:46.022Z","2024-09-05T11:04:09.584Z"
"cx","1.0.5",16,"https://hex.pm/api/packages/cx/releases/1.0.5","2024-09-03T04:32:49.046Z","2024-09-03T04:32:46.526Z","2024-09-05T11:04:09.584Z"
"cymbal","1.0.0",48,"https://hex.pm/api/packages/cymbal/releases/1.0.0","2024-02-13T20:34:31.567Z","2024-02-13T20:30:19.465Z","2024-07-03T00:44:21.894Z"
"dag_json","1.0.0",16,"https://hex.pm/api/packages/dag_json/releases/1.0.0","2025-02-12T14:10:57.716Z","2025-02-12T14:10:53.412Z","2025-02-17T07:03:53.524Z"
"dag_json","1.1.0",18,"https://hex.pm/api/packages/dag_json/releases/1.1.0","2025-02-13T08:01:18.117Z","2025-02-13T08:01:13.460Z","2025-02-17T07:03:53.524Z"
"dahlia","0.1.0",48,"https://hex.pm/api/packages/dahlia/releases/0.1.0","2023-03-05T23:42:10.487Z","2023-03-05T23:42:08.268Z","2024-07-03T01:42:32.082Z"
"dahlia","0.1.1",44,"https://hex.pm/api/packages/dahlia/releases/0.1.1","2023-03-06T04:10:20.657Z","2023-03-06T04:10:18.601Z","2024-07-03T01:42:32.082Z"
"dahlia","0.1.2",46,"https://hex.pm/api/packages/dahlia/releases/0.1.2","2023-03-06T17:48:00.257Z","2023-03-06T17:47:57.980Z","2024-07-03T01:42:32.082Z"
"dahlia","0.1.3",48,"https://hex.pm/api/packages/dahlia/releases/0.1.3","2023-03-07T20:31:46.229Z","2023-03-07T20:31:43.741Z","2024-07-03T01:42:32.082Z"
"dahlia","0.2.0",90,"https://hex.pm/api/packages/dahlia/releases/0.2.0","2023-04-03T22:40:37.353Z","2023-04-03T22:40:35.077Z","2024-07-03T01:42:32.082Z"
"datastar","0.1.0",30,"https://hex.pm/api/packages/datastar/releases/0.1.0","2025-02-25T04:05:31.823Z","2025-02-25T04:05:29.035Z","2025-04-16T05:52:07.438Z"
"datastar","0.2.0",32,"https://hex.pm/api/packages/datastar/releases/0.2.0","2025-02-25T11:24:13.977Z","2025-02-25T11:24:10.956Z","2025-04-16T05:52:07.438Z"
"datastar","0.3.0",39,"https://hex.pm/api/packages/datastar/releases/0.3.0","2025-02-25T12:04:05.124Z","2025-02-25T12:04:01.942Z","2025-04-16T05:52:07.438Z"
"datastar","1.0.0",44,"https://hex.pm/api/packages/datastar/releases/1.0.0","2025-03-01T02:03:45.383Z","2025-03-01T02:03:42.585Z","2025-04-16T05:52:07.438Z"
"datastar","2.0.0",76,"https://hex.pm/api/packages/datastar/releases/2.0.0","2025-03-20T04:58:28.013Z","2025-03-20T04:58:25.228Z","2025-04-16T05:52:07.438Z"
"datastar","3.0.0",10,"https://hex.pm/api/packages/datastar/releases/3.0.0","2025-04-15T04:23:43.709Z","2025-04-15T04:23:40.814Z","2025-04-16T05:52:07.438Z"
"datastar_lustre","1.0.0",30,"https://hex.pm/api/packages/datastar_lustre/releases/1.0.0","2025-04-16T05:21:40.451Z","2025-04-16T05:21:37.934Z","2025-04-25T06:24:48.418Z"
"datastar_lustre","2.0.0",18,"https://hex.pm/api/packages/datastar_lustre/releases/2.0.0","2025-04-22T11:31:52.976Z","2025-04-22T11:31:49.887Z","2025-04-25T06:24:48.418Z"
"datastar_wisp","1.0.0",28,"https://hex.pm/api/packages/datastar_wisp/releases/1.0.0","2025-03-01T02:05:03.936Z","2025-03-01T02:05:01.228Z","2025-04-16T05:52:06.270Z"
"datastar_wisp","1.0.1",44,"https://hex.pm/api/packages/datastar_wisp/releases/1.0.1","2025-03-01T02:08:42.345Z","2025-03-01T02:08:39.422Z","2025-04-16T05:52:06.270Z"
"datastar_wisp","2.0.0",76,"https://hex.pm/api/packages/datastar_wisp/releases/2.0.0","2025-03-20T05:01:23.154Z","2025-03-20T05:01:20.388Z","2025-04-16T05:52:06.270Z"
"datastar_wisp","3.0.0",12,"https://hex.pm/api/packages/datastar_wisp/releases/3.0.0","2025-04-15T04:36:58.653Z","2025-04-15T04:36:55.904Z","2025-04-16T05:52:06.270Z"
"datastreamer","2.1.3",23000,"https://example.com/datastreamer/2.1.3","2024-04-17T12:34:56.123456Z","2023-01-01T00:00:00.000000Z","2026-01-01T00:00:00.000000Z"
"dateformat","1.0.0",75,"https://hex.pm/api/packages/dateformat/releases/1.0.0","2024-09-12T21:31:25.572Z","2024-09-12T21:31:23.067Z","2025-02-25T20:56:15.154Z"
"dateformat","1.0.1",8,"https://hex.pm/api/packages/dateformat/releases/1.0.1","2025-02-24T01:56:56.315Z","2025-02-24T01:56:54.006Z","2025-02-25T20:56:15.154Z"
"dbots","1.0.0",28,"https://hex.pm/api/packages/dbots/releases/1.0.0","2024-03-12T19:35:53.631Z","2024-03-12T19:35:51.264Z","2024-07-03T00:32:30.591Z"
"decepticon","1.0.0",32,"https://hex.pm/api/packages/decepticon/releases/1.0.0","2024-03-31T12:24:06.578Z","2024-03-31T12:24:04.465Z","2024-07-03T00:16:27.407Z"
"decepticon","1.0.1",35,"https://hex.pm/api/packages/decepticon/releases/1.0.1","2024-03-31T12:25:49.012Z","2024-03-31T12:25:46.960Z","2024-07-03T00:16:27.407Z"
"decipher","1.0.0",107,"https://hex.pm/api/packages/decipher/releases/1.0.0","2024-04-28T01:53:10.184Z","2024-04-28T01:53:07.896Z","2024-10-09T03:59:44.490Z"
"decipher","1.1.0",110,"https://hex.pm/api/packages/decipher/releases/1.1.0","2024-04-28T09:30:49.720Z","2024-04-28T09:30:47.349Z","2024-10-09T03:59:44.490Z"
"decipher","1.2.0",8300,"https://hex.pm/api/packages/decipher/releases/1.2.0","2024-04-28T12:40:21.419Z","2024-04-28T12:40:18.899Z","2024-10-09T03:59:44.490Z"
"decipher","1.2.1",38,"https://hex.pm/api/packages/decipher/releases/1.2.1","2024-10-06T07:47:47.563Z","2024-10-06T07:47:44.164Z","2024-10-09T03:59:44.490Z"
"decode","0.1.0",74,"https://hex.pm/api/packages/decode/releases/0.1.0","2024-06-29T21:52:50.556Z","2024-06-29T21:52:48.174Z","2024-12-21T06:07:07.861Z"
"decode","0.2.0",6678,"https://hex.pm/api/packages/decode/releases/0.2.0","2024-06-30T20:46:18.102Z","2024-06-30T20:46:14.725Z","2024-12-21T06:07:07.861Z"
"decode","0.2.1",6609,"https://hex.pm/api/packages/decode/releases/0.2.1","2024-09-01T13:00:05.795Z","2024-09-01T13:00:03.313Z","2024-12-21T06:07:07.861Z"
"decode","0.3.0",4722,"https://hex.pm/api/packages/decode/releases/0.3.0","2024-10-18T21:22:41.063Z","2024-10-18T21:22:38.440Z","2024-12-21T06:07:07.861Z"
"decode","0.4.0",68,"https://hex.pm/api/packages/decode/releases/0.4.0","2024-10-31T16:58:07.565Z","2024-10-31T16:58:04.810Z","2024-12-21T06:07:07.861Z"
"decode","0.4.1",3117,"https://hex.pm/api/packages/decode/releases/0.4.1","2024-11-01T12:36:49.634Z","2024-11-01T12:36:46.864Z","2024-12-21T06:07:07.861Z"
"decode","0.5.0",3535,"https://hex.pm/api/packages/decode/releases/0.5.0","2024-11-15T22:57:06.396Z","2024-11-15T22:57:03.818Z","2024-12-21T06:07:07.861Z"
"decode","1.0.0",140,"https://hex.pm/api/packages/decode/releases/1.0.0","2024-12-10T13:38:57.497Z","2024-12-10T13:38:53.506Z","2024-12-21T06:07:07.861Z"
"decode","1.1.0",26,"https://hex.pm/api/packages/decode/releases/1.1.0","2024-12-19T12:52:17.209Z","2024-12-19T12:52:14.369Z","2024-12-21T06:07:07.861Z"
"dedent","1.0.0",64,"https://hex.pm/api/packages/dedent/releases/1.0.0","2024-04-20T17:26:46.587Z","2024-04-20T17:26:44.270Z","2024-07-03T00:06:43.237Z"
"defangle","1.0.0",28,"https://hex.pm/api/packages/defangle/releases/1.0.0","2024-03-16T20:23:44.216Z","2024-03-16T20:23:41.474Z","2024-07-03T00:23:50.669Z"
"defangle","1.0.1",30,"https://hex.pm/api/packages/defangle/releases/1.0.1","2024-03-16T20:32:02.000Z","2024-03-16T20:31:59.639Z","2024-07-03T00:23:50.669Z"
"defangle","1.0.2",30,"https://hex.pm/api/packages/defangle/releases/1.0.2","2024-03-18T05:48:51.165Z","2024-03-18T05:48:48.756Z","2024-07-03T00:23:50.669Z"
"defangle","1.0.4",34,"https://hex.pm/api/packages/defangle/releases/1.0.4","2024-03-19T06:01:16.047Z","2024-03-19T06:01:13.782Z","2024-07-03T00:23:50.669Z"
"defer_g","1.0.0",18,"https://hex.pm/api/packages/defer_g/releases/1.0.0","2024-06-09T01:06:05.910Z","2024-06-09T01:06:03.103Z","2024-07-02T23:42:59.165Z"
"defer_g","1.0.1",22,"https://hex.pm/api/packages/defer_g/releases/1.0.1","2024-06-09T01:10:28.878Z","2024-06-09T01:10:26.353Z","2024-07-02T23:42:59.165Z"
"delay","0.1.0",52,"https://hex.pm/api/packages/delay/releases/0.1.0","2024-02-20T02:34:00.645Z","2024-02-20T02:33:58.273Z","2024-10-14T17:11:28.217Z"
"delay","0.1.1",56,"https://hex.pm/api/packages/delay/releases/0.1.1","2024-02-24T03:56:50.199Z","2024-02-24T03:56:47.813Z","2024-10-14T17:11:28.217Z"
"delay","0.1.2",56,"https://hex.pm/api/packages/delay/releases/0.1.2","2024-02-24T21:49:07.316Z","2024-02-24T21:49:04.888Z","2024-10-14T17:11:28.217Z"
"delay","0.1.3",58,"https://hex.pm/api/packages/delay/releases/0.1.3","2024-02-25T18:54:17.837Z","2024-02-25T18:54:15.493Z","2024-10-14T17:11:28.217Z"
"delay","0.2.0",60,"https://hex.pm/api/packages/delay/releases/0.2.0","2024-02-27T00:38:46.482Z","2024-02-27T00:38:44.148Z","2024-10-14T17:11:28.217Z"
"delay","0.2.1",56,"https://hex.pm/api/packages/delay/releases/0.2.1","2024-03-03T19:46:07.703Z","2024-03-03T19:46:05.391Z","2024-10-14T17:11:28.217Z"
"delay","0.3.0",58,"https://hex.pm/api/packages/delay/releases/0.3.0","2024-03-09T23:09:21.009Z","2024-03-09T23:09:18.566Z","2024-10-14T17:11:28.217Z"
"delay","0.4.0",56,"https://hex.pm/api/packages/delay/releases/0.4.0","2024-03-16T23:09:21.434Z","2024-03-16T23:09:18.925Z","2024-10-14T17:11:28.217Z"
"delay","1.0.0",58,"https://hex.pm/api/packages/delay/releases/1.0.0","2024-03-24T15:31:40.005Z","2024-03-24T15:31:37.505Z","2024-10-14T17:11:28.217Z"
"delay","1.1.0",61,"https://hex.pm/api/packages/delay/releases/1.1.0","2024-04-16T19:09:33.045Z","2024-04-16T19:09:30.824Z","2024-10-14T17:11:28.217Z"
"delay","1.2.0",12,"https://hex.pm/api/packages/delay/releases/1.2.0","2024-10-12T17:11:12.560Z","2024-10-12T17:11:08.875Z","2024-10-14T17:11:28.217Z"
"delay_times","1.0.0",18,"https://hex.pm/api/packages/delay_times/releases/1.0.0","2024-10-08T01:54:01.956Z","2024-10-08T01:53:59.418Z","2024-10-12T13:57:57.315Z"
"delay_times","1.0.1",20,"https://hex.pm/api/packages/delay_times/releases/1.0.1","2024-10-09T05:01:29.777Z","2024-10-09T05:01:27.292Z","2024-10-12T13:57:57.315Z"
"delay_times","1.0.2",18,"https://hex.pm/api/packages/delay_times/releases/1.0.2","2024-10-09T05:34:28.679Z","2024-10-09T05:34:26.262Z","2024-10-12T13:57:57.315Z"
"deriv","1.0.0",32,"https://hex.pm/api/packages/deriv/releases/1.0.0","2025-02-02T15:50:12.265Z","2025-02-02T15:50:09.121Z","2025-04-10T15:46:12.421Z"
"deriv","1.0.1",45,"https://hex.pm/api/packages/deriv/releases/1.0.1","2025-02-05T01:15:01.789Z","2025-02-05T01:14:58.220Z","2025-04-10T15:46:12.421Z"
"deriv","1.1.0",32,"https://hex.pm/api/packages/deriv/releases/1.1.0","2025-02-21T07:34:55.740Z","2025-02-21T07:34:52.070Z","2025-04-10T15:46:12.421Z"
"deriv","1.1.1",73,"https://hex.pm/api/packages/deriv/releases/1.1.1","2025-02-21T17:16:28.029Z","2025-02-21T17:16:24.651Z","2025-04-10T15:46:12.420Z"
"deriv","1.1.2",18,"https://hex.pm/api/packages/deriv/releases/1.1.2","2025-04-05T04:35:08.969Z","2025-04-05T04:35:06.233Z","2025-04-10T15:46:12.420Z"
"deriv","2.0.0",14,"https://hex.pm/api/packages/deriv/releases/2.0.0","2025-04-08T08:41:36.113Z","2025-04-08T08:41:33.080Z","2025-04-10T15:46:12.420Z"
"dew","0.1.0",69,"https://hex.pm/api/packages/dew/releases/0.1.0","2022-04-19T01:29:09.031Z","2022-04-19T01:29:05.965Z","2024-07-03T02:25:04.597Z"
"dew","0.1.1",74,"https://hex.pm/api/packages/dew/releases/0.1.1","2022-04-19T02:23:25.486Z","2022-04-19T02:23:22.173Z","2024-07-03T02:25:04.597Z"
"dew","0.1.2",75,"https://hex.pm/api/packages/dew/releases/0.1.2","2022-04-19T12:30:01.404Z","2022-04-19T12:29:57.094Z","2024-07-03T02:25:04.597Z"
"dew","0.1.3",91,"https://hex.pm/api/packages/dew/releases/0.1.3","2022-04-19T12:35:08.295Z","2022-04-19T12:35:05.253Z","2024-07-03T02:25:04.596Z"
"diced","0.1.0",18,"https://hex.pm/api/packages/diced/releases/0.1.0","2024-12-01T20:18:39.995Z","2024-12-01T20:18:37.094Z","2024-12-04T13:34:43.402Z"
"differance","1.0.0",8,"https://hex.pm/api/packages/differance/releases/1.0.0","2025-03-05T21:26:03.710Z","2025-03-05T21:26:01.029Z","2025-03-06T21:09:37.878Z"
"dig","1.0.0",31,"https://hex.pm/api/packages/dig/releases/1.0.0","2024-03-30T12:52:17.739Z","2024-03-30T10:36:51.348Z","2024-07-03T00:17:07.058Z"
"dig","1.0.1",35,"https://hex.pm/api/packages/dig/releases/1.0.1","2024-03-31T01:21:28.147Z","2024-03-31T01:11:50.529Z","2024-07-03T00:17:07.058Z"
"dijkstra","0.1.0",20,"https://hex.pm/api/packages/dijkstra/releases/0.1.0","2024-12-28T08:52:05.702Z","2024-12-28T08:52:02.440Z","2024-12-31T12:40:49.625Z"
"dijkstra","0.1.1",24,"https://hex.pm/api/packages/dijkstra/releases/0.1.1","2024-12-28T09:34:42.765Z","2024-12-28T09:34:39.684Z","2024-12-31T12:40:49.625Z"
"dijkstra","1.0.0",20,"https://hex.pm/api/packages/dijkstra/releases/1.0.0","2024-12-28T10:40:29.917Z","2024-12-28T10:40:26.643Z","2024-12-31T12:40:49.625Z"
"dime","1.0.0",59,"https://hex.pm/api/packages/dime/releases/1.0.0","2024-09-29T16:24:35.773Z","2024-09-29T15:34:52.163Z","2025-03-15T11:07:48.991Z"
"dime","1.1.0",16,"https://hex.pm/api/packages/dime/releases/1.1.0","2025-03-12T10:17:41.116Z","2025-03-12T10:17:38.481Z","2025-03-15T11:07:48.990Z"
"dinostore","1.0.0",16,"https://hex.pm/api/packages/dinostore/releases/1.0.0","2024-08-30T16:48:12.109Z","2024-08-30T16:48:09.356Z","2024-09-02T21:39:49.720Z"
"directories","1.0.0",87,"https://hex.pm/api/packages/directories/releases/1.0.0","2024-08-21T18:28:56.480Z","2024-08-21T18:28:51.503Z","2025-04-22T06:13:42.051Z"
"directories","1.1.0",61383,"https://hex.pm/api/packages/directories/releases/1.1.0","2024-08-22T13:01:56.402Z","2024-08-22T13:01:52.761Z","2025-04-22T06:13:42.051Z"
"directories","1.2.0",462,"https://hex.pm/api/packages/directories/releases/1.2.0","2025-04-18T14:31:53.923Z","2025-04-18T14:31:50.844Z","2025-04-22T06:13:42.051Z"
"discord_gleam","0.0.0",34,"https://hex.pm/api/packages/discord_gleam/releases/0.0.0","2024-07-15T12:47:09.832Z","2024-07-15T11:44:00.086Z","2025-04-16T05:53:34.579Z"
"discord_gleam","0.0.1",42,"https://hex.pm/api/packages/discord_gleam/releases/0.0.1","2024-07-17T09:58:47.774Z","2024-07-17T09:58:45.313Z","2025-04-16T05:53:34.579Z"
"discord_gleam","0.0.2",38,"https://hex.pm/api/packages/discord_gleam/releases/0.0.2","2024-07-18T07:16:34.725Z","2024-07-18T07:16:31.695Z","2025-04-16T05:53:34.578Z"
"discord_gleam","0.0.3",38,"https://hex.pm/api/packages/discord_gleam/releases/0.0.3","2024-07-24T11:09:44.034Z","2024-07-24T11:09:39.966Z","2025-04-16T05:53:34.578Z"
"discord_gleam","0.0.4",58,"https://hex.pm/api/packages/discord_gleam/releases/0.0.4","2024-07-25T15:39:16.556Z","2024-07-25T15:32:13.539Z","2025-04-16T05:53:34.578Z"
"discord_gleam","0.0.5",52,"https://hex.pm/api/packages/discord_gleam/releases/0.0.5","2024-09-08T15:41:33.620Z","2024-09-08T15:41:31.011Z","2025-04-16T05:53:34.578Z"
"discord_gleam","0.0.6",101,"https://hex.pm/api/packages/discord_gleam/releases/0.0.6","2024-11-11T19:56:45.689Z","2024-11-11T19:51:33.368Z","2025-04-16T05:53:34.578Z"
"discord_gleam","0.0.7",24,"https://hex.pm/api/packages/discord_gleam/releases/0.0.7","2025-04-05T16:35:10.805Z","2025-04-05T16:35:07.860Z","2025-04-16T05:53:34.578Z"
"discord_gleam","0.0.8",30,"https://hex.pm/api/packages/discord_gleam/releases/0.0.8","2025-04-08T08:38:29.472Z","2025-04-08T08:21:39.476Z","2025-04-16T05:53:34.578Z"
"discord_gleam","0.0.9",18,"https://hex.pm/api/packages/discord_gleam/releases/0.0.9","2025-04-14T07:17:31.942Z","2025-04-14T07:17:29.583Z","2025-04-16T05:53:34.578Z"
"dnalg","0.1.0",14,"https://hex.pm/api/packages/dnalg/releases/0.1.0","2024-11-07T01:52:58.879Z","2024-11-07T01:52:56.280Z","2024-11-11T11:38:10.678Z"
"dnalg","0.1.1",14,"https://hex.pm/api/packages/dnalg/releases/0.1.1","2024-11-07T01:59:21.836Z","2024-11-07T01:59:19.269Z","2024-11-11T11:38:10.678Z"
"dnalg","0.1.3",14,"https://hex.pm/api/packages/dnalg/releases/0.1.3","2024-11-08T02:54:01.504Z","2024-11-08T02:53:59.119Z","2024-11-11T11:38:10.678Z"
"dnalg","0.1.4",14,"https://hex.pm/api/packages/dnalg/releases/0.1.4","2024-11-08T07:54:51.913Z","2024-11-08T07:54:49.335Z","2024-11-11T11:38:10.678Z"
"domu","0.1.0",16,"https://hex.pm/api/packages/domu/releases/0.1.0","2024-06-29T07:29:36.981Z","2024-06-29T07:29:34.121Z","2024-07-08T06:14:33.868Z"
"domu","0.1.1",18,"https://hex.pm/api/packages/domu/releases/0.1.1","2024-06-29T07:36:41.844Z","2024-06-29T07:36:38.867Z","2024-07-08T06:14:33.868Z"
"domu","0.2.0",18,"https://hex.pm/api/packages/domu/releases/0.2.0","2024-07-02T05:45:29.331Z","2024-07-02T05:45:26.420Z","2024-07-08T06:14:33.868Z"
"domu","0.2.1",16,"https://hex.pm/api/packages/domu/releases/0.2.1","2024-07-04T00:39:35.530Z","2024-07-04T00:39:32.776Z","2024-07-08T06:14:33.868Z"
"domu","0.3.0",16,"https://hex.pm/api/packages/domu/releases/0.3.0","2024-07-04T02:46:18.305Z","2024-07-04T02:46:14.116Z","2024-07-08T06:14:33.868Z"
"dot_env","0.1.0",87,"https://hex.pm/api/packages/dot_env/releases/0.1.0","2023-10-29T00:55:03.601Z","2023-10-29T00:55:01.371Z","2024-09-25T02:01:13.476Z"
"dot_env","0.2.0",121,"https://hex.pm/api/packages/dot_env/releases/0.2.0","2023-11-01T17:50:33.905Z","2023-11-01T17:50:31.611Z","2024-09-25T02:01:13.476Z"
"dot_env","0.2.2",89,"https://hex.pm/api/packages/dot_env/releases/0.2.2","2023-12-16T15:50:44.225Z","2023-12-16T15:50:42.034Z","2024-09-25T02:01:13.476Z"
"dot_env","0.2.3",164,"https://hex.pm/api/packages/dot_env/releases/0.2.3","2023-12-19T13:51:02.031Z","2023-12-19T13:50:59.515Z","2024-09-25T02:01:13.476Z"
"dot_env","0.2.4",113,"https://hex.pm/api/packages/dot_env/releases/0.2.4","2024-02-19T13:09:51.402Z","2024-02-19T13:09:49.258Z","2024-09-25T02:01:13.476Z"
"dot_env","0.3.0",263,"https://hex.pm/api/packages/dot_env/releases/0.3.0","2024-03-14T14:37:49.629Z","2024-03-14T14:37:47.438Z","2024-09-25T02:01:13.475Z"
"dot_env","0.4.0",43,"https://hex.pm/api/packages/dot_env/releases/0.4.0","2024-04-03T23:35:31.765Z","2024-04-03T23:35:29.054Z","2024-09-25T02:01:13.475Z"
"dot_env","0.4.1",48,"https://hex.pm/api/packages/dot_env/releases/0.4.1","2024-04-05T13:17:14.656Z","2024-04-05T13:17:12.437Z","2024-09-25T02:01:13.475Z"
"dot_env","0.5.0",129,"https://hex.pm/api/packages/dot_env/releases/0.5.0","2024-04-05T17:07:13.631Z","2024-04-05T17:07:11.537Z","2024-09-25T02:01:13.475Z"
"dot_env","0.5.1",2314,"https://hex.pm/api/packages/dot_env/releases/0.5.1","2024-04-13T14:46:51.863Z","2024-04-13T14:46:49.691Z","2024-09-25T02:01:13.475Z"
"dot_env","1.0.0",2401,"https://hex.pm/api/packages/dot_env/releases/1.0.0","2024-06-02T23:49:31.600Z","2024-06-02T23:49:29.070Z","2024-09-25T02:01:13.475Z"
"dot_env","1.0.1",56,"https://hex.pm/api/packages/dot_env/releases/1.0.1","2024-07-17T11:58:11.868Z","2024-07-17T11:58:09.649Z","2024-09-25T02:01:13.475Z"
"dot_env","1.1.0",4715,"https://hex.pm/api/packages/dot_env/releases/1.1.0","2024-07-18T20:01:47.381Z","2024-07-18T20:01:44.996Z","2024-09-25T02:01:13.475Z"
"dot_env","1.2.0",60,"https://hex.pm/api/packages/dot_env/releases/1.2.0","2024-09-22T23:42:01.988Z","2024-09-22T23:41:59.463Z","2024-09-25T02:01:13.475Z"
"dotenv_conf","0.1.0",22,"https://hex.pm/api/packages/dotenv_conf/releases/0.1.0","2025-01-03T04:59:38.839Z","2025-01-03T04:59:35.938Z","2025-01-07T19:23:02.959Z"
"dotenv_conf","0.2.0",16,"https://hex.pm/api/packages/dotenv_conf/releases/0.2.0","2025-01-05T13:14:27.487Z","2025-01-05T13:14:24.949Z","2025-01-07T19:23:02.959Z"
"dotenv_gleam","1.0.0",68,"https://hex.pm/api/packages/dotenv_gleam/releases/1.0.0","2023-10-25T01:27:20.387Z","2023-10-25T01:27:17.775Z","2025-04-20T12:59:53.484Z"
"dotenv_gleam","1.0.1",75,"https://hex.pm/api/packages/dotenv_gleam/releases/1.0.1","2023-10-25T01:44:27.998Z","2023-10-25T01:44:24.998Z","2025-04-20T12:59:53.484Z"
"dotenv_gleam","1.0.2",71,"https://hex.pm/api/packages/dotenv_gleam/releases/1.0.2","2023-10-25T02:01:26.368Z","2023-10-25T02:01:23.707Z","2025-04-20T12:59:53.484Z"
"dotenv_gleam","1.0.3",162,"https://hex.pm/api/packages/dotenv_gleam/releases/1.0.3","2023-10-25T02:10:47.169Z","2023-10-25T02:10:44.180Z","2025-04-20T12:59:53.484Z"
"dotenv_gleam","1.0.4",211,"https://hex.pm/api/packages/dotenv_gleam/releases/1.0.4","2024-03-12T01:40:14.309Z","2024-03-12T01:40:12.003Z","2025-04-20T12:59:53.484Z"
"dotenv_gleam","1.0.5",269,"https://hex.pm/api/packages/dotenv_gleam/releases/1.0.5","2024-06-13T13:15:37.679Z","2024-06-13T13:15:34.827Z","2025-04-20T12:59:53.484Z"
"dotenv_gleam","1.0.6",213,"https://hex.pm/api/packages/dotenv_gleam/releases/1.0.6","2024-10-28T13:10:44.103Z","2024-10-28T13:10:41.337Z","2025-04-20T12:59:53.484Z"
"dotenv_gleam","1.0.7",446,"https://hex.pm/api/packages/dotenv_gleam/releases/1.0.7","2024-12-31T14:56:34.744Z","2024-12-31T14:56:31.921Z","2025-04-20T12:59:53.484Z"
"dotenv_gleam","2.0.0",16,"https://hex.pm/api/packages/dotenv_gleam/releases/2.0.0","2025-04-17T15:01:14.956Z","2025-04-17T15:01:11.848Z","2025-04-20T12:59:53.484Z"
"dove","0.1.0",41,"https://hex.pm/api/packages/dove/releases/0.1.0","2023-11-15T14:52:11.044Z","2023-11-15T14:29:38.817Z","2024-07-03T01:02:20.913Z"
"dove","0.10.0",40,"https://hex.pm/api/packages/dove/releases/0.10.0","2023-11-18T14:35:12.414Z","2023-11-18T14:35:09.414Z","2024-07-03T01:02:20.912Z"
"dove","0.10.1",38,"https://hex.pm/api/packages/dove/releases/0.10.1","2023-11-18T16:35:29.232Z","2023-11-18T16:28:25.564Z","2024-07-03T01:02:20.912Z"
"dove","0.10.2",45,"https://hex.pm/api/packages/dove/releases/0.10.2","2023-11-21T17:27:42.008Z","2023-11-21T17:27:39.305Z","2024-07-03T01:02:20.912Z"
"dove","0.11.0",38,"https://hex.pm/api/packages/dove/releases/0.11.0","2023-11-24T08:06:54.667Z","2023-11-24T08:06:52.083Z","2024-07-03T01:02:20.912Z"
"dove","0.12.0",53,"https://hex.pm/api/packages/dove/releases/0.12.0","2023-11-24T13:10:33.231Z","2023-11-24T13:10:27.252Z","2024-07-03T01:02:20.912Z"
"dove","0.2.0",42,"https://hex.pm/api/packages/dove/releases/0.2.0","2023-11-16T06:09:13.675Z","2023-11-16T05:34:59.908Z","2024-07-03T01:02:20.913Z"
"dove","0.3.0",38,"https://hex.pm/api/packages/dove/releases/0.3.0","2023-11-16T11:07:55.471Z","2023-11-16T11:07:50.155Z","2024-07-03T01:02:20.913Z"
"dove","0.4.0",38,"https://hex.pm/api/packages/dove/releases/0.4.0","2023-11-16T14:01:14.902Z","2023-11-16T14:01:11.938Z","2024-07-03T01:02:20.913Z"
"dove","0.5.0",38,"https://hex.pm/api/packages/dove/releases/0.5.0","2023-11-16T18:04:20.948Z","2023-11-16T18:04:17.981Z","2024-07-03T01:02:20.913Z"
"dove","0.6.0",38,"https://hex.pm/api/packages/dove/releases/0.6.0","2023-11-17T03:59:55.371Z","2023-11-17T03:59:52.761Z","2024-07-03T01:02:20.912Z"
"dove","0.7.0",38,"https://hex.pm/api/packages/dove/releases/0.7.0","2023-11-17T08:51:50.441Z","2023-11-17T08:51:45.116Z","2024-07-03T01:02:20.912Z"
"dove","0.8.0",40,"https://hex.pm/api/packages/dove/releases/0.8.0","2023-11-17T12:12:20.462Z","2023-11-17T12:12:15.891Z","2024-07-03T01:02:20.912Z"
"dove","0.9.0",41,"https://hex.pm/api/packages/dove/releases/0.9.0","2023-11-17T16:21:35.529Z","2023-11-17T16:21:29.272Z","2024-07-03T01:02:20.912Z"
"ecoji","1.0.0",34,"https://hex.pm/api/packages/ecoji/releases/1.0.0","2024-03-12T23:03:53.256Z","2024-03-12T23:03:50.883Z","2024-07-03T00:32:26.184Z"
"edit_distance","1.0.0",44,"https://hex.pm/api/packages/edit_distance/releases/1.0.0","2023-07-23T16:26:49.795Z","2023-07-23T16:23:53.956Z","2024-07-03T00:44:56.137Z"
"edit_distance","2.0.0",61,"https://hex.pm/api/packages/edit_distance/releases/2.0.0","2023-11-02T07:43:49.959Z","2023-11-02T07:43:47.755Z","2024-07-03T00:44:56.137Z"
"edit_distance","2.0.1",56,"https://hex.pm/api/packages/edit_distance/releases/2.0.1","2024-02-10T22:16:22.801Z","2024-02-10T22:16:20.404Z","2024-07-03T00:44:56.137Z"
"eensy","0.1.0",29,"https://hex.pm/api/packages/eensy/releases/0.1.0","2024-10-01T04:49:28.525Z","2024-10-01T04:49:25.535Z","2025-03-11T04:07:42.394Z"
"eensy","0.1.1",56,"https://hex.pm/api/packages/eensy/releases/0.1.1","2024-10-04T07:25:33.959Z","2024-10-04T07:07:13.236Z","2025-03-11T04:07:42.394Z"
"eensy","0.2.0",14,"https://hex.pm/api/packages/eensy/releases/0.2.0","2025-03-07T22:54:26.786Z","2025-03-07T22:54:24.291Z","2025-03-11T04:07:42.394Z"
"eensy_dev_tools","0.1.0",63,"https://hex.pm/api/packages/eensy_dev_tools/releases/0.1.0","2024-10-01T04:50:10.774Z","2024-10-01T04:50:08.245Z","2025-03-29T04:57:22.729Z"
"eensy_dev_tools","0.2.0",28,"https://hex.pm/api/packages/eensy_dev_tools/releases/0.2.0","2025-03-07T22:55:06.244Z","2025-03-07T22:55:03.687Z","2025-03-29T04:57:22.729Z"
"eensy_dev_tools","0.3.0",12,"https://hex.pm/api/packages/eensy_dev_tools/releases/0.3.0","2025-03-26T18:32:56.321Z","2025-03-26T18:32:54.000Z","2025-03-29T04:57:22.729Z"
"eensy_dev_tools","0.3.1",12,"https://hex.pm/api/packages/eensy_dev_tools/releases/0.3.1","2025-03-27T03:55:14.926Z","2025-03-27T03:55:12.241Z","2025-03-29T04:57:22.729Z"
"efetch","1.0.0",34,"https://hex.pm/api/packages/efetch/releases/1.0.0","2024-06-05T15:21:56.970Z","2024-06-05T15:21:54.046Z","2024-12-18T06:12:33.105Z"
"efetch","1.0.1",49,"https://hex.pm/api/packages/efetch/releases/1.0.1","2024-06-06T12:37:54.522Z","2024-06-06T12:37:51.535Z","2024-12-18T06:12:33.104Z"
"efetch","2.0.0",32,"https://hex.pm/api/packages/efetch/releases/2.0.0","2024-07-01T13:10:04.491Z","2024-07-01T13:10:01.932Z","2024-12-18T06:12:33.104Z"
"efetch","2.0.1",249,"https://hex.pm/api/packages/efetch/releases/2.0.1","2024-07-01T14:56:14.381Z","2024-07-01T14:56:11.814Z","2024-12-18T06:12:33.104Z"
"efetch","2.0.2",16,"https://hex.pm/api/packages/efetch/releases/2.0.2","2024-12-15T16:06:16.178Z","2024-12-15T16:04:11.147Z","2024-12-18T06:12:33.104Z"
"effect","1.0.0",30,"https://hex.pm/api/packages/effect/releases/1.0.0","2025-02-02T20:26:36.826Z","2025-02-02T20:26:34.245Z","2025-03-28T08:20:23.081Z"
"effect","1.1.0",28,"https://hex.pm/api/packages/effect/releases/1.1.0","2025-02-02T23:43:26.633Z","2025-02-02T23:43:23.772Z","2025-03-28T08:20:23.081Z"
"effect","1.2.0",34,"https://hex.pm/api/packages/effect/releases/1.2.0","2025-02-03T03:03:14.710Z","2025-02-03T02:52:19.527Z","2025-03-28T08:20:23.081Z"
"effect","2.0.0",28,"https://hex.pm/api/packages/effect/releases/2.0.0","2025-02-06T03:19:10.202Z","2025-02-06T02:30:03.116Z","2025-03-28T08:20:23.081Z"
"effect","2.1.0",28,"https://hex.pm/api/packages/effect/releases/2.1.0","2025-02-06T07:18:22.310Z","2025-02-06T07:18:19.373Z","2025-03-28T08:20:23.081Z"
"effect","2.1.1",32,"https://hex.pm/api/packages/effect/releases/2.1.1","2025-02-06T18:43:16.334Z","2025-02-06T18:43:13.001Z","2025-03-28T08:20:23.081Z"
"effect","2.2.1",26,"https://hex.pm/api/packages/effect/releases/2.2.1","2025-03-20T20:40:23.780Z","2025-03-20T20:40:21.257Z","2025-03-28T08:20:23.081Z"
"effect","2.2.2",34,"https://hex.pm/api/packages/effect/releases/2.2.2","2025-03-26T05:31:10.326Z","2025-03-26T05:09:24.784Z","2025-03-28T08:20:23.081Z"
"embeds","1.0.0",22,"https://hex.pm/api/packages/embeds/releases/1.0.0","2024-07-31T11:58:09.438Z","2024-07-31T11:58:06.792Z","2024-12-10T23:35:05.938Z"
"embeds","1.1.0",28,"https://hex.pm/api/packages/embeds/releases/1.1.0","2024-07-31T16:22:31.077Z","2024-07-31T16:22:28.158Z","2024-12-10T23:35:05.938Z"
"embeds","1.1.1",22,"https://hex.pm/api/packages/embeds/releases/1.1.1","2024-10-06T08:34:32.646Z","2024-10-06T08:34:29.827Z","2024-12-10T23:35:05.938Z"
"embeds","1.1.2",16,"https://hex.pm/api/packages/embeds/releases/1.1.2","2024-12-08T12:22:09.755Z","2024-12-08T12:22:06.873Z","2024-12-10T23:35:05.938Z"
"emel","1.0.0",67,"https://hex.pm/api/packages/emel/releases/1.0.0","2022-08-04T15:45:24.455Z","2022-08-04T15:45:20.706Z","2024-09-29T18:40:20.723Z"
"emel","1.0.0-rc1",64,"https://hex.pm/api/packages/emel/releases/1.0.0-rc1","2022-08-03T09:32:19.439Z","2022-08-03T09:32:15.981Z","2024-09-29T18:40:20.723Z"
"emel","1.0.0-rc2",72,"https://hex.pm/api/packages/emel/releases/1.0.0-rc2","2022-08-04T15:26:16.203Z","2022-08-04T15:26:11.829Z","2024-09-29T18:40:20.723Z"
"emel","1.0.1",10,"https://hex.pm/api/packages/emel/releases/1.0.1","2024-09-26T22:35:09.439Z","2024-09-26T22:35:06.578Z","2024-09-29T18:40:20.723Z"
"emojis","1.0.0",16,"https://hex.pm/api/packages/emojis/releases/1.0.0","2025-03-16T00:07:22.047Z","2025-03-16T00:07:19.346Z","2025-03-18T21:30:50.514Z"
"emojis","1.0.1",14,"https://hex.pm/api/packages/emojis/releases/1.0.1","2025-03-16T23:02:49.574Z","2025-03-16T23:02:46.488Z","2025-03-18T21:30:50.514Z"
"envoy","1.0.0",644,"https://hex.pm/api/packages/envoy/releases/1.0.0","2023-12-22T12:32:05.597Z","2023-12-22T12:32:03.309Z","2024-10-26T16:14:12.400Z"
"envoy","1.0.1",21544,"https://hex.pm/api/packages/envoy/releases/1.0.1","2024-03-12T22:28:37.304Z","2024-03-12T22:28:34.999Z","2024-10-26T16:14:12.400Z"
"envoy","1.0.2",324,"https://hex.pm/api/packages/envoy/releases/1.0.2","2024-10-24T10:22:40.927Z","2024-10-24T10:22:38.353Z","2024-10-26T16:14:12.400Z"
"esgleam","0.1.0",46,"https://hex.pm/api/packages/esgleam/releases/0.1.0","2023-12-29T21:30:59.906Z","2023-12-29T21:30:57.634Z","2025-02-25T10:38:15.869Z"
"esgleam","0.2.1",52,"https://hex.pm/api/packages/esgleam/releases/0.2.1","2023-12-29T23:35:39.496Z","2023-12-29T23:35:36.752Z","2025-02-25T10:38:15.869Z"
"esgleam","0.3.0",53,"https://hex.pm/api/packages/esgleam/releases/0.3.0","2024-01-01T21:33:39.548Z","2024-01-01T21:33:37.237Z","2025-02-25T10:38:15.869Z"
"esgleam","0.4.0",50,"https://hex.pm/api/packages/esgleam/releases/0.4.0","2024-01-14T06:59:11.208Z","2024-01-14T06:59:08.074Z","2025-02-25T10:38:15.869Z"
"esgleam","0.4.1",48,"https://hex.pm/api/packages/esgleam/releases/0.4.1","2024-01-14T07:23:57.509Z","2024-01-14T07:23:55.063Z","2025-02-25T10:38:15.869Z"
"esgleam","0.4.2",51,"https://hex.pm/api/packages/esgleam/releases/0.4.2","2024-01-14T08:18:22.219Z","2024-01-14T08:18:19.691Z","2025-02-25T10:38:15.869Z"
"esgleam","0.4.3",48,"https://hex.pm/api/packages/esgleam/releases/0.4.3","2024-01-15T20:41:49.869Z","2024-01-15T20:41:47.448Z","2025-02-25T10:38:15.869Z"
"esgleam","0.4.5",53,"https://hex.pm/api/packages/esgleam/releases/0.4.5","2024-01-15T21:31:46.114Z","2024-01-15T21:31:43.868Z","2025-02-25T10:38:15.869Z"
"esgleam","0.4.6",60,"https://hex.pm/api/packages/esgleam/releases/0.4.6","2024-01-17T00:53:01.046Z","2024-01-17T00:52:58.717Z","2025-02-25T10:38:15.869Z"
"esgleam","0.4.7",52,"https://hex.pm/api/packages/esgleam/releases/0.4.7","2024-01-22T07:10:04.526Z","2024-01-22T07:10:01.667Z","2025-02-25T10:38:15.868Z"
"esgleam","0.5.0",54,"https://hex.pm/api/packages/esgleam/releases/0.5.0","2024-01-24T06:20:18.911Z","2024-01-24T06:20:16.577Z","2025-02-25T10:38:15.868Z"
"esgleam","0.6.0",492,"https://hex.pm/api/packages/esgleam/releases/0.6.0","2024-02-18T03:23:29.275Z","2024-02-18T03:23:27.034Z","2025-02-25T10:38:15.868Z"
"esgleam","0.7.0",165,"https://hex.pm/api/packages/esgleam/releases/0.7.0","2024-10-03T19:23:12.746Z","2024-10-03T19:23:10.078Z","2025-02-25T10:38:15.868Z"
"esgleam","0.8.0",18,"https://hex.pm/api/packages/esgleam/releases/0.8.0","2025-02-21T21:53:48.770Z","2025-02-21T21:53:45.970Z","2025-02-25T10:38:15.868Z"
"espresso","0.0.1",38,"https://hex.pm/api/packages/espresso/releases/0.0.1","2023-06-20T00:33:22.852Z","2023-06-20T00:33:20.650Z","2024-07-03T01:27:20.628Z"
"espresso","0.0.11",52,"https://hex.pm/api/packages/espresso/releases/0.0.11","2023-07-05T13:12:38.797Z","2023-07-05T13:12:36.678Z","2024-07-03T01:27:20.628Z"
"espresso","0.0.12",48,"https://hex.pm/api/packages/espresso/releases/0.0.12","2023-07-09T12:50:24.815Z","2023-07-09T12:50:22.298Z","2024-07-03T01:27:20.628Z"
"espresso","0.0.2",42,"https://hex.pm/api/packages/espresso/releases/0.0.2","2023-06-20T00:49:47.963Z","2023-06-20T00:49:45.809Z","2024-07-03T01:27:20.628Z"
"espresso","0.0.3",51,"https://hex.pm/api/packages/espresso/releases/0.0.3","2023-06-21T00:29:12.539Z","2023-06-21T00:29:10.231Z","2024-07-03T01:27:20.628Z"
"espresso","0.0.4",45,"https://hex.pm/api/packages/espresso/releases/0.0.4","2023-06-25T02:53:43.309Z","2023-06-25T02:53:40.862Z","2024-07-03T01:27:20.628Z"
"espresso","0.0.5",42,"https://hex.pm/api/packages/espresso/releases/0.0.5","2023-06-26T22:02:14.017Z","2023-06-26T22:02:11.908Z","2024-07-03T01:27:20.628Z"
"espresso","0.0.6",50,"https://hex.pm/api/packages/espresso/releases/0.0.6","2023-06-27T02:54:56.042Z","2023-06-27T02:54:53.667Z","2024-07-03T01:27:20.628Z"
"espresso","0.0.7",45,"https://hex.pm/api/packages/espresso/releases/0.0.7","2023-06-29T12:17:36.090Z","2023-06-29T12:17:33.872Z","2024-07-03T01:27:20.628Z"
"espresso","0.0.8",42,"https://hex.pm/api/packages/espresso/releases/0.0.8","2023-07-01T00:07:55.665Z","2023-07-01T00:07:52.982Z","2024-07-03T01:27:20.628Z"
"espresso","0.0.9",42,"https://hex.pm/api/packages/espresso/releases/0.0.9","2023-07-01T01:21:59.630Z","2023-07-01T01:21:57.116Z","2024-07-03T01:27:20.628Z"
"espresso","0.1.0",52,"https://hex.pm/api/packages/espresso/releases/0.1.0","2023-07-12T21:00:52.993Z","2023-07-12T21:00:50.587Z","2024-07-03T01:27:20.628Z"
"espresso","0.1.1",49,"https://hex.pm/api/packages/espresso/releases/0.1.1","2023-07-14T20:39:39.335Z","2023-07-14T20:39:37.058Z","2024-07-03T01:27:20.628Z"
"espresso","0.1.2",100,"https://hex.pm/api/packages/espresso/releases/0.1.2","2023-07-17T00:20:43.825Z","2023-07-17T00:20:41.671Z","2024-07-03T01:27:20.628Z"
"espresso_pgo_wrapper","0.0.1",44,"https://hex.pm/api/packages/espresso_pgo_wrapper/releases/0.0.1","2023-06-23T01:47:53.059Z","2023-06-23T01:47:50.766Z","2024-07-03T01:26:45.878Z"
"espresso_pgo_wrapper","0.0.2",51,"https://hex.pm/api/packages/espresso_pgo_wrapper/releases/0.0.2","2023-07-05T13:14:46.127Z","2023-07-05T13:14:43.951Z","2024-07-03T01:26:45.878Z"
"espresso_pgo_wrapper","0.0.3",49,"https://hex.pm/api/packages/espresso_pgo_wrapper/releases/0.0.3","2023-07-09T01:35:33.788Z","2023-07-09T01:35:31.460Z","2024-07-03T01:26:45.878Z"
"espresso_pgo_wrapper","0.0.4",55,"https://hex.pm/api/packages/espresso_pgo_wrapper/releases/0.0.4","2023-07-09T13:09:25.873Z","2023-07-09T13:09:23.602Z","2024-07-03T01:26:45.878Z"
"espresso_pgo_wrapper","0.0.5",62,"https://hex.pm/api/packages/espresso_pgo_wrapper/releases/0.0.5","2023-07-20T23:01:28.542Z","2023-07-20T23:01:26.334Z","2024-07-03T01:26:45.877Z"
"etf_js","0.1.0",26,"https://hex.pm/api/packages/etf_js/releases/0.1.0","2025-03-13T12:12:33.959Z","2025-03-13T12:12:31.010Z","2025-03-23T14:56:19.447Z"
"etf_js","0.2.0",26,"https://hex.pm/api/packages/etf_js/releases/0.2.0","2025-03-13T16:34:43.520Z","2025-03-13T16:34:40.286Z","2025-03-23T14:56:19.447Z"
"etf_js","0.2.1",18,"https://hex.pm/api/packages/etf_js/releases/0.2.1","2025-03-20T13:29:37.919Z","2025-03-20T13:29:34.857Z","2025-03-23T14:56:19.447Z"
"eval","0.1.0",73,"https://hex.pm/api/packages/eval/releases/0.1.0","2022-04-16T00:02:39.894Z","2022-04-16T00:02:36.024Z","2024-07-02T23:24:22.347Z"
"eval","0.2.0",56,"https://hex.pm/api/packages/eval/releases/0.2.0","2022-06-02T12:17:16.526Z","2022-06-02T12:17:13.262Z","2024-07-02T23:24:22.347Z"
"eval","0.2.1",96,"https://hex.pm/api/packages/eval/releases/0.2.1","2022-06-02T12:30:13.917Z","2022-06-02T12:30:10.771Z","2024-07-02T23:24:22.347Z"
"eval","1.0.0",12,"https://hex.pm/api/packages/eval/releases/1.0.0","2024-06-29T10:16:10.483Z","2024-06-29T10:16:07.743Z","2024-07-02T23:24:22.347Z"
"event_hub","1.0.0",20,"https://hex.pm/api/packages/event_hub/releases/1.0.0","2024-05-22T06:05:04.744Z","2024-05-22T05:47:36.071Z","2024-07-02T23:51:47.684Z"
"event_hub","1.0.1",32,"https://hex.pm/api/packages/event_hub/releases/1.0.1","2024-05-24T06:10:26.271Z","2024-05-24T06:10:23.302Z","2024-07-02T23:51:47.683Z"
"eventsourcing","0.1.0",30,"https://hex.pm/api/packages/eventsourcing/releases/0.1.0","2024-08-04T12:05:37.453Z","2024-08-04T12:05:35.073Z","2025-03-04T07:22:32.433Z"
"eventsourcing","0.1.1",32,"https://hex.pm/api/packages/eventsourcing/releases/0.1.1","2024-08-04T12:19:44.265Z","2024-08-04T12:19:40.450Z","2025-03-04T07:22:32.433Z"
"eventsourcing","0.1.2",30,"https://hex.pm/api/packages/eventsourcing/releases/0.1.2","2024-08-04T14:14:08.327Z","2024-08-04T14:14:05.724Z","2025-03-04T07:22:32.433Z"
"eventsourcing","0.1.3",32,"https://hex.pm/api/packages/eventsourcing/releases/0.1.3","2024-08-04T18:26:41.019Z","2024-08-04T18:26:38.495Z","2025-03-04T07:22:32.433Z"
"eventsourcing","0.2.0",34,"https://hex.pm/api/packages/eventsourcing/releases/0.2.0","2024-08-04T20:54:42.524Z","2024-08-04T20:54:38.976Z","2025-03-04T07:22:32.433Z"
"eventsourcing","1.0.0",40,"https://hex.pm/api/packages/eventsourcing/releases/1.0.0","2024-08-04T21:42:53.443Z","2024-08-04T21:42:50.652Z","2025-03-04T07:22:32.433Z"
"eventsourcing","2.0.0",48,"https://hex.pm/api/packages/eventsourcing/releases/2.0.0","2024-08-05T08:49:44.457Z","2024-08-05T08:49:42.063Z","2025-03-04T07:22:32.433Z"
"eventsourcing","2.0.1",36,"https://hex.pm/api/packages/eventsourcing/releases/2.0.1","2024-08-05T09:09:48.058Z","2024-08-05T09:09:45.398Z","2025-03-04T07:22:32.433Z"
"eventsourcing","3.0.0",46,"https://hex.pm/api/packages/eventsourcing/releases/3.0.0","2024-08-06T08:27:06.393Z","2024-08-06T08:27:03.674Z","2025-03-04T07:22:32.433Z"
"eventsourcing","3.0.1",46,"https://hex.pm/api/packages/eventsourcing/releases/3.0.1","2024-08-08T05:45:24.590Z","2024-08-08T05:45:22.058Z","2025-03-04T07:22:32.433Z"
"eventsourcing","4.0.0",26,"https://hex.pm/api/packages/eventsourcing/releases/4.0.0","2025-01-18T18:47:28.124Z","2025-01-18T18:47:25.527Z","2025-03-04T07:22:32.432Z"
"eventsourcing","4.0.1",28,"https://hex.pm/api/packages/eventsourcing/releases/4.0.1","2025-01-18T19:03:26.424Z","2025-01-18T19:03:23.711Z","2025-03-04T07:22:32.432Z"
"eventsourcing","4.0.2",33,"https://hex.pm/api/packages/eventsourcing/releases/4.0.2","2025-01-18T23:59:45.246Z","2025-01-18T23:59:42.779Z","2025-03-04T07:22:32.432Z"
"eventsourcing","5.0.0",28,"https://hex.pm/api/packages/eventsourcing/releases/5.0.0","2025-01-21T00:36:43.963Z","2025-01-21T00:36:41.204Z","2025-03-04T07:22:32.432Z"
"eventsourcing","6.0.0",36,"https://hex.pm/api/packages/eventsourcing/releases/6.0.0","2025-01-22T07:32:26.628Z","2025-01-22T07:04:50.650Z","2025-03-04T07:22:32.432Z"
"eventsourcing","6.0.1",34,"https://hex.pm/api/packages/eventsourcing/releases/6.0.1","2025-01-22T13:47:19.978Z","2025-01-22T13:47:16.528Z","2025-03-04T07:22:32.432Z"
"eventsourcing","6.1.0",72,"https://hex.pm/api/packages/eventsourcing/releases/6.1.0","2025-01-24T09:36:53.234Z","2025-01-24T09:36:49.891Z","2025-03-04T07:22:32.432Z"
"eventsourcing","6.2.0",14,"https://hex.pm/api/packages/eventsourcing/releases/6.2.0","2025-03-01T11:56:18.185Z","2025-03-01T11:36:11.121Z","2025-03-04T07:22:32.432Z"
"eventsourcing_inmemory","1.0.0",20,"https://hex.pm/api/packages/eventsourcing_inmemory/releases/1.0.0","2025-03-01T11:39:47.519Z","2025-01-22T07:34:06.308Z","2025-03-04T07:22:33.499Z"
"eventsourcing_inmemory","1.1.0",49,"https://hex.pm/api/packages/eventsourcing_inmemory/releases/1.1.0","2025-03-01T11:40:15.155Z","2025-01-24T11:10:05.338Z","2025-03-04T07:22:33.499Z"
"eventsourcing_postgres","1.0.0",28,"https://hex.pm/api/packages/eventsourcing_postgres/releases/1.0.0","2024-08-05T08:59:54.165Z","2024-08-05T08:59:51.823Z","2025-01-28T03:49:53.714Z"
"eventsourcing_postgres","2.0.0",30,"https://hex.pm/api/packages/eventsourcing_postgres/releases/2.0.0","2024-08-06T13:50:24.460Z","2024-08-06T13:50:22.007Z","2025-01-28T03:49:53.714Z"
"eventsourcing_postgres","3.0.0",21,"https://hex.pm/api/packages/eventsourcing_postgres/releases/3.0.0","2025-01-20T06:58:50.843Z","2025-01-20T06:58:48.185Z","2025-01-28T03:49:53.714Z"
"eventsourcing_postgres","4.0.0",20,"https://hex.pm/api/packages/eventsourcing_postgres/releases/4.0.0","2025-01-20T17:22:17.048Z","2025-01-20T17:22:14.146Z","2025-01-28T03:49:53.714Z"
"eventsourcing_postgres","5.0.0",22,"https://hex.pm/api/packages/eventsourcing_postgres/releases/5.0.0","2025-01-21T00:56:12.373Z","2025-01-21T00:56:09.358Z","2025-01-28T03:49:53.714Z"
"eventsourcing_postgres","5.0.1",18,"https://hex.pm/api/packages/eventsourcing_postgres/releases/5.0.1","2025-01-22T16:01:35.681Z","2025-01-22T16:01:32.296Z","2025-01-28T03:49:53.714Z"
"eventsourcing_postgres","5.1.0",16,"https://hex.pm/api/packages/eventsourcing_postgres/releases/5.1.0","2025-01-24T10:06:44.640Z","2025-01-24T10:06:41.064Z","2025-01-28T03:49:53.714Z"
"eventsourcing_postgres","5.1.1",18,"https://hex.pm/api/packages/eventsourcing_postgres/releases/5.1.1","2025-01-25T10:58:33.845Z","2025-01-25T10:58:30.080Z","2025-01-28T03:49:53.714Z"
"eventsourcing_sqlite","1.0.0",26,"https://hex.pm/api/packages/eventsourcing_sqlite/releases/1.0.0","2024-08-05T08:56:03.244Z","2024-08-05T08:56:00.760Z","2025-01-27T17:32:02.266Z"
"eventsourcing_sqlite","1.0.1",28,"https://hex.pm/api/packages/eventsourcing_sqlite/releases/1.0.1","2024-08-05T09:07:44.593Z","2024-08-05T09:07:42.312Z","2025-01-27T17:32:02.266Z"
"eventsourcing_sqlite","2.0.0",33,"https://hex.pm/api/packages/eventsourcing_sqlite/releases/2.0.0","2024-08-06T14:26:24.494Z","2024-08-06T14:26:21.960Z","2025-01-27T17:32:02.266Z"
"eventsourcing_sqlite","3.0.0",14,"https://hex.pm/api/packages/eventsourcing_sqlite/releases/3.0.0","2025-01-24T23:06:33.974Z","2025-01-24T23:06:30.162Z","2025-01-27T17:32:02.266Z"
"exception","1.0.0",457,"https://hex.pm/api/packages/exception/releases/1.0.0","2023-08-11T18:57:36.431Z","2023-08-11T18:57:33.785Z","2024-07-03T00:43:10.850Z"
"exception","1.1.0",547,"https://hex.pm/api/packages/exception/releases/1.1.0","2023-11-05T18:04:02.297Z","2023-11-05T18:04:00.203Z","2024-07-03T00:43:10.849Z"
"exception","1.1.1",513,"https://hex.pm/api/packages/exception/releases/1.1.1","2024-01-16T13:28:15.853Z","2024-01-16T13:28:13.538Z","2024-07-03T00:43:10.849Z"
"exception","2.0.0",9650,"https://hex.pm/api/packages/exception/releases/2.0.0","2024-02-17T16:26:56.150Z","2024-02-17T16:26:50.889Z","2024-07-03T00:43:10.849Z"
"exercism_test_runner","1.0.0",105,"https://hex.pm/api/packages/exercism_test_runner/releases/1.0.0","2023-06-24T11:19:51.073Z","2023-06-24T11:19:48.711Z","2025-04-30T10:06:09.353Z"
"exercism_test_runner","1.1.0",75,"https://hex.pm/api/packages/exercism_test_runner/releases/1.1.0","2023-07-05T15:31:13.289Z","2023-07-05T15:31:10.772Z","2025-04-30T10:06:09.353Z"
"exercism_test_runner","1.2.0",116,"https://hex.pm/api/packages/exercism_test_runner/releases/1.2.0","2023-07-10T10:49:40.424Z","2023-07-10T10:49:38.141Z","2025-04-30T10:06:09.353Z"
"exercism_test_runner","1.3.0",139,"https://hex.pm/api/packages/exercism_test_runner/releases/1.3.0","2023-07-24T10:36:50.201Z","2023-07-24T10:36:47.906Z","2025-04-30T10:06:09.353Z"
"exercism_test_runner","1.4.0",503,"https://hex.pm/api/packages/exercism_test_runner/releases/1.4.0","2023-08-01T19:21:38.208Z","2023-08-01T19:21:35.532Z","2025-04-30T10:06:09.353Z"
"exercism_test_runner","1.5.0",121,"https://hex.pm/api/packages/exercism_test_runner/releases/1.5.0","2023-11-07T13:21:59.070Z","2023-11-07T13:21:56.759Z","2025-04-30T10:06:09.353Z"
"exercism_test_runner","1.6.0",236,"https://hex.pm/api/packages/exercism_test_runner/releases/1.6.0","2023-11-15T17:12:53.127Z","2023-11-15T17:12:51.066Z","2025-04-30T10:06:09.353Z"
"exercism_test_runner","1.7.0",3073,"https://hex.pm/api/packages/exercism_test_runner/releases/1.7.0","2024-01-16T14:20:00.035Z","2024-01-16T14:19:57.643Z","2025-04-30T10:06:09.353Z"
"exercism_test_runner","1.8.0",3683,"https://hex.pm/api/packages/exercism_test_runner/releases/1.8.0","2024-05-29T18:15:40.732Z","2024-05-29T18:15:38.264Z","2025-04-30T10:06:09.352Z"
"exercism_test_runner","1.9.0",20,"https://hex.pm/api/packages/exercism_test_runner/releases/1.9.0","2025-04-27T13:38:43.711Z","2025-04-27T13:38:40.386Z","2025-04-30T10:06:09.352Z"
"fabulous","1.0.0",23,"https://hex.pm/api/packages/fabulous/releases/1.0.0","2025-01-29T09:43:33.712Z","2025-01-29T09:30:55.212Z","2025-02-01T00:25:46.989Z"
"facet","0.1.0",76,"https://hex.pm/api/packages/facet/releases/0.1.0","2024-08-12T05:13:38.715Z","2024-08-12T05:13:35.850Z","2024-11-18T17:57:10.885Z"
"facet","0.2.0",16,"https://hex.pm/api/packages/facet/releases/0.2.0","2024-11-15T05:14:45.710Z","2024-11-15T05:14:43.151Z","2024-11-18T17:57:10.885Z"
"facquest","0.1.0",30,"https://hex.pm/api/packages/facquest/releases/0.1.0","2024-02-19T12:48:03.922Z","2023-12-29T21:29:19.908Z","2024-07-03T00:42:37.833Z"
"facquest","0.1.2",32,"https://hex.pm/api/packages/facquest/releases/0.1.2","2024-02-19T12:46:55.986Z","2023-12-29T21:54:07.341Z","2024-07-03T00:42:37.833Z"
"falala","1.0.0",10,"https://hex.pm/api/packages/falala/releases/1.0.0","2024-07-14T20:56:46.635Z","2024-07-14T20:47:37.587Z","2024-07-17T14:42:11.948Z"
"falcon","0.1.0",0,"https://hex.pm/api/packages/falcon/releases/0.1.0","2023-12-29T22:07:16.053Z","2023-12-29T22:07:16.053Z","2024-07-03T00:21:38.217Z"
"falcon","1.0.0",57,"https://hex.pm/api/packages/falcon/releases/1.0.0","2023-12-29T22:11:04.409Z","2023-12-29T22:11:02.092Z","2024-07-03T00:21:38.217Z"
"falcon","1.0.1",56,"https://hex.pm/api/packages/falcon/releases/1.0.1","2024-02-19T12:56:02.129Z","2024-02-19T12:55:59.902Z","2024-07-03T00:21:38.217Z"
"falcon","1.1.0",60,"https://hex.pm/api/packages/falcon/releases/1.1.0","2024-03-21T17:48:41.194Z","2024-03-21T17:48:38.739Z","2024-07-03T00:21:38.217Z"
"feather","1.0.0",244,"https://hex.pm/api/packages/feather/releases/1.0.0","2024-06-26T18:58:34.704Z","2024-06-26T18:58:32.043Z","2024-08-16T09:53:49.601Z"
"feather","1.1.0",56,"https://hex.pm/api/packages/feather/releases/1.1.0","2024-07-31T06:50:47.804Z","2024-07-31T06:50:45.238Z","2024-08-16T09:53:49.601Z"
"feather","1.2.0",14,"https://hex.pm/api/packages/feather/releases/1.2.0","2024-08-14T10:51:26.442Z","2024-08-14T10:51:23.721Z","2024-08-16T09:53:49.601Z"
"feature_flags","0.0.1",6,"https://hex.pm/api/packages/feature_flags/releases/0.0.1","2024-09-24T22:35:38.055Z","2024-09-24T22:35:34.599Z","2024-09-26T08:44:12.971Z"
"felix","1.0.0",12,"https://hex.pm/api/packages/felix/releases/1.0.0","2024-12-04T15:46:41.767Z","2024-12-04T15:46:38.984Z","2024-12-07T03:10:26.416Z"
"fetch_event","0.0.0",22,"https://hex.pm/api/packages/fetch_event/releases/0.0.0","2024-03-13T12:17:36.461Z","2024-03-13T12:17:33.887Z","2024-07-03T00:32:17.118Z"
"ffmpeg","0.0.1",32,"https://hex.pm/api/packages/ffmpeg/releases/0.0.1","2024-05-30T08:14:45.841Z","2024-05-30T08:14:43.396Z","2024-07-02T23:48:34.297Z"
"fibo","1.0.0",26,"https://hex.pm/api/packages/fibo/releases/1.0.0","2024-03-18T16:38:55.600Z","2024-03-18T16:38:53.232Z","2024-07-03T00:24:03.339Z"
"file_streams","0.1.0",87,"https://hex.pm/api/packages/file_streams/releases/0.1.0","2024-02-24T07:46:24.689Z","2024-02-24T07:46:21.624Z","2025-03-18T21:33:25.958Z"
"file_streams","0.1.1",57,"https://hex.pm/api/packages/file_streams/releases/0.1.1","2024-02-24T09:05:08.558Z","2024-02-24T09:05:05.886Z","2025-03-18T21:33:25.958Z"
"file_streams","0.2.0",95,"https://hex.pm/api/packages/file_streams/releases/0.2.0","2024-03-07T20:12:24.055Z","2024-03-07T20:12:21.172Z","2025-03-18T21:33:25.958Z"
"file_streams","0.3.0",61,"https://hex.pm/api/packages/file_streams/releases/0.3.0","2024-03-19T06:58:57.017Z","2024-03-19T06:58:53.903Z","2025-03-18T21:33:25.958Z"
"file_streams","0.3.1",138,"https://hex.pm/api/packages/file_streams/releases/0.3.1","2024-03-19T19:16:04.301Z","2024-03-19T19:16:01.143Z","2025-03-18T21:33:25.958Z"
"file_streams","0.4.0",110,"https://hex.pm/api/packages/file_streams/releases/0.4.0","2024-04-13T01:34:02.351Z","2024-04-13T01:33:59.096Z","2025-03-18T21:33:25.958Z"
"file_streams","0.4.1",61,"https://hex.pm/api/packages/file_streams/releases/0.4.1","2024-04-17T02:38:32.620Z","2024-04-17T02:38:29.678Z","2025-03-18T21:33:25.958Z"
"file_streams","0.4.2",3240,"https://hex.pm/api/packages/file_streams/releases/0.4.2","2024-04-26T11:27:24.226Z","2024-04-26T11:27:21.631Z","2025-03-18T21:33:25.958Z"
"file_streams","0.4.3",50,"https://hex.pm/api/packages/file_streams/releases/0.4.3","2024-05-22T22:58:10.127Z","2024-05-22T22:58:07.198Z","2025-03-18T21:33:25.958Z"
"file_streams","0.4.4",76,"https://hex.pm/api/packages/file_streams/releases/0.4.4","2024-05-23T12:10:52.735Z","2024-05-23T12:10:49.734Z","2025-03-18T21:33:25.958Z"
"file_streams","0.5.0",383,"https://hex.pm/api/packages/file_streams/releases/0.5.0","2024-05-24T22:05:39.061Z","2024-05-24T22:05:35.542Z","2025-03-18T21:33:25.958Z"
"file_streams","0.5.1",72,"https://hex.pm/api/packages/file_streams/releases/0.5.1","2024-06-06T09:57:48.420Z","2024-06-06T09:57:45.220Z","2025-03-18T21:33:25.958Z"
"file_streams","0.6.0",58,"https://hex.pm/api/packages/file_streams/releases/0.6.0","2024-06-07T03:14:41.285Z","2024-06-07T03:14:37.470Z","2025-03-18T21:33:25.958Z"
"file_streams","0.6.1",74,"https://hex.pm/api/packages/file_streams/releases/0.6.1","2024-06-08T02:40:14.095Z","2024-06-08T02:40:10.915Z","2025-03-18T21:33:25.958Z"
"file_streams","0.6.2",42,"https://hex.pm/api/packages/file_streams/releases/0.6.2","2024-06-11T22:46:17.250Z","2024-06-11T22:46:14.077Z","2025-03-18T21:33:25.958Z"
"file_streams","0.6.3",1633,"https://hex.pm/api/packages/file_streams/releases/0.6.3","2024-06-12T03:46:28.699Z","2024-06-12T03:38:48.755Z","2025-03-18T21:33:25.958Z"
"file_streams","1.0.0",1768,"https://hex.pm/api/packages/file_streams/releases/1.0.0","2024-07-26T01:04:14.628Z","2024-07-26T01:04:10.236Z","2025-03-18T21:33:25.958Z"
"file_streams","1.1.0",340,"https://hex.pm/api/packages/file_streams/releases/1.1.0","2024-09-08T00:41:32.341Z","2024-09-08T00:41:29.351Z","2025-03-18T21:33:25.958Z"
"file_streams","1.1.1",782,"https://hex.pm/api/packages/file_streams/releases/1.1.1","2024-09-19T22:40:23.201Z","2024-09-19T22:40:20.473Z","2025-03-18T21:33:25.958Z"
"file_streams","1.2.0",90,"https://hex.pm/api/packages/file_streams/releases/1.2.0","2024-11-08T11:10:41.956Z","2024-11-08T11:10:37.861Z","2025-03-18T21:33:25.958Z"
"file_streams","1.2.1",34,"https://hex.pm/api/packages/file_streams/releases/1.2.1","2024-11-12T19:20:00.806Z","2024-11-12T19:19:57.317Z","2025-03-18T21:33:25.958Z"
"file_streams","1.2.2",840,"https://hex.pm/api/packages/file_streams/releases/1.2.2","2024-11-13T06:02:03.842Z","2024-11-13T06:02:00.507Z","2025-03-18T21:33:25.958Z"
"file_streams","1.2.3",518,"https://hex.pm/api/packages/file_streams/releases/1.2.3","2024-12-11T23:05:11.551Z","2024-12-11T23:05:08.962Z","2025-03-18T21:33:25.958Z"
"file_streams","1.3.0",696,"https://hex.pm/api/packages/file_streams/releases/1.3.0","2025-01-05T04:48:47.835Z","2025-01-05T04:48:45.262Z","2025-03-18T21:33:25.958Z"
"file_streams","1.4.0",76,"https://hex.pm/api/packages/file_streams/releases/1.4.0","2025-02-08T01:44:11.904Z","2025-02-08T01:44:08.254Z","2025-03-18T21:33:25.958Z"
"file_streams","1.5.0",132,"https://hex.pm/api/packages/file_streams/releases/1.5.0","2025-03-12T23:23:41.320Z","2025-03-12T23:23:38.412Z","2025-03-18T21:33:25.958Z"
"filepath","0.1.0",629,"https://hex.pm/api/packages/filepath/releases/0.1.0","2023-11-11T16:25:09.943Z","2023-11-11T16:25:07.768Z","2025-04-03T18:56:19.539Z"
"filepath","0.2.0",1537,"https://hex.pm/api/packages/filepath/releases/0.2.0","2024-02-08T18:15:40.076Z","2024-02-08T18:15:37.190Z","2025-04-03T18:56:19.539Z"
"filepath","1.0.0",76123,"https://hex.pm/api/packages/filepath/releases/1.0.0","2024-02-08T19:24:15.168Z","2024-02-08T19:24:12.766Z","2025-04-03T18:56:19.539Z"
"filepath","1.1.0",49467,"https://hex.pm/api/packages/filepath/releases/1.1.0","2024-11-19T17:10:38.839Z","2024-11-19T17:10:36.252Z","2025-04-03T18:56:19.539Z"
"filepath","1.1.1",7985,"https://hex.pm/api/packages/filepath/releases/1.1.1","2025-03-14T13:34:58.284Z","2025-03-14T13:34:55.878Z","2025-04-03T18:56:19.539Z"
"filepath","1.1.2",324,"https://hex.pm/api/packages/filepath/releases/1.1.2","2025-04-01T12:22:25.117Z","2025-04-01T12:22:22.242Z","2025-04-03T18:56:19.539Z"
"filespy","0.1.0",82,"https://hex.pm/api/packages/filespy/releases/0.1.0","2023-10-21T15:04:59.023Z","2023-10-21T14:41:43.496Z","2025-03-20T14:47:36.402Z"
"filespy","0.1.1",93,"https://hex.pm/api/packages/filespy/releases/0.1.1","2023-10-21T15:29:39.590Z","2023-10-21T15:29:37.301Z","2025-03-20T14:47:36.402Z"
"filespy","0.2.0",212,"https://hex.pm/api/packages/filespy/releases/0.2.0","2023-10-22T13:58:35.110Z","2023-10-22T13:58:32.570Z","2025-03-20T14:47:36.402Z"
"filespy","0.3.0",267,"https://hex.pm/api/packages/filespy/releases/0.3.0","2024-03-22T09:34:45.868Z","2024-03-22T09:34:43.397Z","2025-03-20T14:47:36.402Z"
"filespy","0.4.0",556,"https://hex.pm/api/packages/filespy/releases/0.4.0","2024-04-16T20:31:23.517Z","2024-04-16T20:31:21.108Z","2025-03-20T14:47:36.402Z"
"filespy","0.5.0",14983,"https://hex.pm/api/packages/filespy/releases/0.5.0","2024-06-12T09:06:05.369Z","2024-06-12T09:06:02.713Z","2025-03-20T14:47:36.402Z"
"filespy","0.6.0",12,"https://hex.pm/api/packages/filespy/releases/0.6.0","2025-03-18T17:57:15.031Z","2025-03-18T17:57:12.527Z","2025-03-20T14:47:36.402Z"
"finch_gleam","1.0.0",55,"https://hex.pm/api/packages/finch_gleam/releases/1.0.0","2023-02-17T20:30:44.058Z","2023-02-17T20:30:41.720Z","2024-07-03T00:35:30.410Z"
"finch_gleam","2.0.0",47,"https://hex.pm/api/packages/finch_gleam/releases/2.0.0","2023-03-01T18:06:33.076Z","2023-03-01T18:06:30.760Z","2024-07-03T00:35:30.409Z"
"finch_gleam","3.0.0",43,"https://hex.pm/api/packages/finch_gleam/releases/3.0.0","2023-04-30T17:19:41.107Z","2023-04-30T17:19:38.827Z","2024-07-03T00:35:30.409Z"
"finch_gleam","4.0.0",68,"https://hex.pm/api/packages/finch_gleam/releases/4.0.0","2023-07-22T08:20:48.397Z","2023-07-22T08:20:46.147Z","2024-07-03T00:35:30.409Z"
"finch_gleam","5.0.0",34,"https://hex.pm/api/packages/finch_gleam/releases/5.0.0","2023-12-27T21:45:46.012Z","2023-12-27T21:45:43.594Z","2024-07-03T00:35:30.409Z"
"finch_gleam","6.0.0",46,"https://hex.pm/api/packages/finch_gleam/releases/6.0.0","2024-03-04T16:14:35.324Z","2024-03-04T16:14:32.804Z","2024-07-03T00:35:30.409Z"
"fireball","1.0.0",22,"https://hex.pm/api/packages/fireball/releases/1.0.0","2024-11-25T05:17:34.074Z","2024-11-25T05:17:31.574Z","2024-12-21T16:23:18.936Z"
"fireball","1.0.1",24,"https://hex.pm/api/packages/fireball/releases/1.0.1","2024-11-25T05:33:11.537Z","2024-11-25T05:33:09.054Z","2024-12-21T16:23:18.936Z"
"fireball","1.0.2",24,"https://hex.pm/api/packages/fireball/releases/1.0.2","2024-11-27T05:08:48.826Z","2024-11-27T04:21:20.977Z","2024-12-21T16:23:18.936Z"
"fireball","1.0.3",24,"https://hex.pm/api/packages/fireball/releases/1.0.3","2024-11-27T05:51:19.733Z","2024-11-27T05:43:10.045Z","2024-12-21T16:23:18.936Z"
"fireball","1.0.4",24,"https://hex.pm/api/packages/fireball/releases/1.0.4","2024-11-27T15:39:12.272Z","2024-11-27T15:39:09.597Z","2024-12-21T16:23:18.936Z"
"fireball","1.0.5",24,"https://hex.pm/api/packages/fireball/releases/1.0.5","2024-11-27T19:54:57.764Z","2024-11-27T19:54:54.661Z","2024-12-21T16:23:18.936Z"
"fireball","1.0.6",24,"https://hex.pm/api/packages/fireball/releases/1.0.6","2024-11-27T20:59:54.596Z","2024-11-27T20:59:50.765Z","2024-12-21T16:23:18.936Z"
"fireball","1.0.7",24,"https://hex.pm/api/packages/fireball/releases/1.0.7","2024-11-27T22:16:55.892Z","2024-11-27T22:16:52.916Z","2024-12-21T16:23:18.936Z"
"fireball","1.0.8",24,"https://hex.pm/api/packages/fireball/releases/1.0.8","2024-11-28T00:41:40.371Z","2024-11-28T00:41:37.571Z","2024-12-21T16:23:18.936Z"
"fireball","1.1.0",12,"https://hex.pm/api/packages/fireball/releases/1.1.0","2024-12-19T19:03:13.079Z","2024-12-19T19:03:09.830Z","2024-12-21T16:23:18.936Z"
"fireball","1.1.1",14,"https://hex.pm/api/packages/fireball/releases/1.1.1","2024-12-19T19:07:30.939Z","2024-12-19T19:07:27.608Z","2024-12-21T16:23:18.936Z"
"first_gleam_publish_package","0.1.0",56,"https://hex.pm/api/packages/first_gleam_publish_package/releases/0.1.0","2021-10-24T16:05:05.875Z","2021-10-24T16:05:05.875Z","2024-07-03T02:42:32.627Z"
"first_gleam_publish_package","0.2.0",59,"https://hex.pm/api/packages/first_gleam_publish_package/releases/0.2.0","2021-10-24T16:15:31.379Z","2021-10-24T16:15:31.379Z","2024-07-03T02:42:32.627Z"
"first_gleam_publish_package","0.3.0",114,"https://hex.pm/api/packages/first_gleam_publish_package/releases/0.3.0","2021-10-24T16:18:21.854Z","2021-10-24T16:18:21.854Z","2024-07-03T02:42:32.627Z"
"first_gleam_publish_package","0.4.0",58,"https://hex.pm/api/packages/first_gleam_publish_package/releases/0.4.0","2021-10-31T15:33:10.255Z","2021-10-31T15:33:10.255Z","2024-07-03T02:42:32.627Z"
"first_gleam_publish_package","0.5.0",59,"https://hex.pm/api/packages/first_gleam_publish_package/releases/0.5.0","2021-11-06T15:32:36.423Z","2021-11-06T15:32:36.423Z","2024-07-03T02:42:32.627Z"
"first_gleam_publish_package","0.6.0",60,"https://hex.pm/api/packages/first_gleam_publish_package/releases/0.6.0","2021-11-13T12:52:59.181Z","2021-11-13T12:52:59.181Z","2024-07-03T02:42:32.627Z"
"first_gleam_publish_package","0.7.0",67,"https://hex.pm/api/packages/first_gleam_publish_package/releases/0.7.0","2021-11-13T12:53:51.738Z","2021-11-13T12:53:48.408Z","2024-07-03T02:42:32.627Z"
"first_gleam_publish_package","1.0.0",67,"https://hex.pm/api/packages/first_gleam_publish_package/releases/1.0.0","2021-11-13T12:56:42.620Z","2021-11-13T12:56:39.158Z","2024-07-03T02:42:32.627Z"
"first_gleam_publish_package","2.0.0",70,"https://hex.pm/api/packages/first_gleam_publish_package/releases/2.0.0","2021-11-13T13:16:39.018Z","2021-11-13T13:16:35.809Z","2024-07-03T02:42:32.627Z"
"first_gleam_publish_package","2.1.0",88,"https://hex.pm/api/packages/first_gleam_publish_package/releases/2.1.0","2021-11-13T13:19:59.246Z","2021-11-13T13:19:56.002Z","2024-07-03T02:42:32.627Z"
"first_gleam_publish_package","2.2.2",4642,"https://hex.pm/api/packages/first_gleam_publish_package/releases/2.2.2","2021-11-24T12:37:09.240Z","2021-11-24T12:37:06.000Z","2024-07-03T02:42:32.626Z"
"flash","0.0.1",53,"https://hex.pm/api/packages/flash/releases/0.0.1","2024-03-05T14:01:34.006Z","2024-03-05T14:01:31.798Z","2025-02-18T03:38:35.479Z"
"flash","0.0.2",74,"https://hex.pm/api/packages/flash/releases/0.0.2","2024-03-13T23:50:17.880Z","2024-03-13T23:50:15.364Z","2025-02-18T03:38:35.479Z"
"flash","0.0.3",62,"https://hex.pm/api/packages/flash/releases/0.0.3","2024-03-14T00:57:45.930Z","2024-03-14T00:57:43.538Z","2025-02-18T03:38:35.479Z"
"flash","0.0.4",63,"https://hex.pm/api/packages/flash/releases/0.0.4","2024-03-23T19:20:03.835Z","2024-03-23T19:20:01.607Z","2025-02-18T03:38:35.479Z"
"flash","1.0.0",254,"https://hex.pm/api/packages/flash/releases/1.0.0","2024-03-23T19:41:06.150Z","2024-03-23T19:41:03.705Z","2025-02-18T03:38:35.479Z"
"flash","1.0.1",87,"https://hex.pm/api/packages/flash/releases/1.0.1","2024-09-03T21:34:54.010Z","2024-09-03T21:34:51.511Z","2025-02-18T03:38:35.478Z"
"flash","2.0.0",16,"https://hex.pm/api/packages/flash/releases/2.0.0","2025-02-14T13:16:24.684Z","2025-02-14T13:16:21.887Z","2025-02-18T03:38:35.478Z"
"fluentci","1.0.0",16,"https://hex.pm/api/packages/fluentci/releases/1.0.0","2024-08-15T17:21:54.878Z","2024-08-15T15:21:58.744Z","2024-08-21T13:11:21.264Z"
"fluentci","1.1.0",10,"https://hex.pm/api/packages/fluentci/releases/1.1.0","2024-08-19T15:00:01.829Z","2024-08-19T14:59:58.935Z","2024-08-21T13:11:21.264Z"
"fluoresce","1.0.0",12,"https://hex.pm/api/packages/fluoresce/releases/1.0.0","2024-05-28T22:39:15.942Z","2024-05-28T22:39:13.402Z","2024-07-02T23:48:47.273Z"
"fluoresce","1.0.1",26,"https://hex.pm/api/packages/fluoresce/releases/1.0.1","2024-05-29T18:40:24.755Z","2024-05-29T18:40:21.538Z","2024-07-02T23:48:47.273Z"
"fmglee","0.1.0",56,"https://hex.pm/api/packages/fmglee/releases/0.1.0","2024-08-06T06:44:35.781Z","2024-08-06T06:44:32.655Z","2025-01-15T07:19:26.128Z"
"fmglee","0.1.1",36,"https://hex.pm/api/packages/fmglee/releases/0.1.1","2024-08-21T12:15:56.561Z","2024-08-21T12:15:53.649Z","2025-01-15T07:19:26.128Z"
"fmglee","0.2.0",28,"https://hex.pm/api/packages/fmglee/releases/0.2.0","2024-09-07T14:49:41.408Z","2024-09-07T14:49:38.494Z","2025-01-15T07:19:26.128Z"
"fmglee","0.2.1",34,"https://hex.pm/api/packages/fmglee/releases/0.2.1","2024-09-07T14:59:23.143Z","2024-09-07T14:59:20.252Z","2025-01-15T07:19:26.127Z"
"fmglee","1.0.0",36,"https://hex.pm/api/packages/fmglee/releases/1.0.0","2024-10-15T15:12:22.411Z","2024-10-15T15:12:19.556Z","2025-01-15T07:19:26.127Z"
"fmglee","1.0.1",48,"https://hex.pm/api/packages/fmglee/releases/1.0.1","2024-11-10T03:46:50.474Z","2024-11-10T03:46:47.316Z","2025-01-15T07:19:26.127Z"
"fmglee","1.1.0",14,"https://hex.pm/api/packages/fmglee/releases/1.1.0","2025-01-12T02:12:56.982Z","2025-01-12T02:12:54.034Z","2025-01-15T07:19:26.127Z"
"fmt","0.1.0",60,"https://hex.pm/api/packages/fmt/releases/0.1.0","2024-04-19T06:22:32.531Z","2024-04-19T06:22:30.211Z","2024-07-03T00:07:27.972Z"
"for_the_crows","0.0.1",63,"https://hex.pm/api/packages/for_the_crows/releases/0.0.1","2022-09-20T09:08:48.670Z","2022-09-20T09:08:45.051Z","2024-09-23T09:03:50.582Z"
"for_the_crows","0.0.10",66,"https://hex.pm/api/packages/for_the_crows/releases/0.0.10","2022-10-14T00:52:52.618Z","2022-10-14T00:52:48.960Z","2024-09-23T09:03:50.581Z"
"for_the_crows","0.0.11",70,"https://hex.pm/api/packages/for_the_crows/releases/0.0.11","2024-09-20T01:53:17.556Z","2022-10-14T00:59:10.353Z","2024-09-23T09:03:50.581Z"
"for_the_crows","0.0.2",69,"https://hex.pm/api/packages/for_the_crows/releases/0.0.2","2022-09-21T04:47:26.675Z","2022-09-20T09:16:59.154Z","2024-09-23T09:03:50.581Z"
"for_the_crows","0.0.3",72,"https://hex.pm/api/packages/for_the_crows/releases/0.0.3","2022-09-21T04:47:30.389Z","2022-09-20T09:28:10.900Z","2024-09-23T09:03:50.581Z"
"for_the_crows","0.0.4",73,"https://hex.pm/api/packages/for_the_crows/releases/0.0.4","2022-10-03T00:30:22.884Z","2022-10-03T00:30:19.562Z","2024-09-23T09:03:50.581Z"
"for_the_crows","0.0.5",68,"https://hex.pm/api/packages/for_the_crows/releases/0.0.5","2022-10-03T05:00:36.275Z","2022-10-03T05:00:32.280Z","2024-09-23T09:03:50.581Z"
"for_the_crows","0.0.6",66,"https://hex.pm/api/packages/for_the_crows/releases/0.0.6","2022-10-12T01:59:20.131Z","2022-10-12T01:59:16.259Z","2024-09-23T09:03:50.581Z"
"for_the_crows","0.0.7",68,"https://hex.pm/api/packages/for_the_crows/releases/0.0.7","2022-10-13T05:35:49.479Z","2022-10-13T05:35:45.300Z","2024-09-23T09:03:50.581Z"
"for_the_crows","0.0.8",68,"https://hex.pm/api/packages/for_the_crows/releases/0.0.8","2022-10-13T06:21:07.175Z","2022-10-13T06:21:03.039Z","2024-09-23T09:03:50.581Z"
"for_the_crows","0.0.9",79,"https://hex.pm/api/packages/for_the_crows/releases/0.0.9","2022-10-14T00:43:50.624Z","2022-10-14T00:43:46.537Z","2024-09-23T09:03:50.581Z"
"form_coder","0.1.0",48,"https://hex.pm/api/packages/form_coder/releases/0.1.0","2022-02-13T03:44:25.660Z","2022-02-13T03:44:22.408Z","2024-07-03T00:24:04.528Z"
"form_coder","0.2.0",72,"https://hex.pm/api/packages/form_coder/releases/0.2.0","2023-02-12T01:58:49.948Z","2023-02-12T01:58:47.693Z","2024-07-03T00:24:04.528Z"
"form_coder","0.3.0",68,"https://hex.pm/api/packages/form_coder/releases/0.3.0","2024-03-18T16:28:50.426Z","2024-03-18T16:28:47.969Z","2024-07-03T00:24:04.528Z"
"formal","1.0.0",57,"https://hex.pm/api/packages/formal/releases/1.0.0","2024-02-27T22:16:45.142Z","2024-02-27T22:16:42.637Z","2024-08-29T05:11:11.017Z"
"formal","1.1.0",26,"https://hex.pm/api/packages/formal/releases/1.1.0","2024-06-24T09:41:34.999Z","2024-06-24T09:41:32.396Z","2024-08-29T05:11:11.017Z"
"formal","2.0.0",136,"https://hex.pm/api/packages/formal/releases/2.0.0","2024-06-24T14:28:19.066Z","2024-06-24T14:28:16.229Z","2024-08-29T05:11:11.017Z"
"formal","2.1.0",20,"https://hex.pm/api/packages/formal/releases/2.1.0","2024-08-20T12:55:51.790Z","2024-08-20T12:55:49.144Z","2024-08-29T05:11:11.017Z"
"formal","2.2.0",16,"https://hex.pm/api/packages/formal/releases/2.2.0","2024-08-26T20:36:40.736Z","2024-08-26T20:36:38.216Z","2024-08-29T05:11:11.017Z"
"format","1.0.0",18,"https://hex.pm/api/packages/format/releases/1.0.0","2025-04-18T00:30:58.508Z","2025-04-18T00:30:55.968Z","2025-04-21T09:36:48.418Z"
"formz","0.1.0",26,"https://hex.pm/api/packages/formz/releases/0.1.0","2024-10-29T00:15:07.655Z","2024-10-29T00:15:04.853Z","2025-02-10T20:59:42.763Z"
"formz","0.1.1",30,"https://hex.pm/api/packages/formz/releases/0.1.1","2024-10-30T23:16:28.962Z","2024-10-30T23:16:25.959Z","2025-02-10T20:59:42.763Z"
"formz","0.1.2",32,"https://hex.pm/api/packages/formz/releases/0.1.2","2024-11-01T04:58:25.864Z","2024-11-01T04:58:22.799Z","2025-02-10T20:59:42.762Z"
"formz","0.1.3",28,"https://hex.pm/api/packages/formz/releases/0.1.3","2024-11-04T15:05:34.844Z","2024-11-04T15:05:32.244Z","2025-02-10T20:59:42.762Z"
"formz","0.1.4",74,"https://hex.pm/api/packages/formz/releases/0.1.4","2024-11-05T10:50:04.009Z","2024-11-05T10:50:01.322Z","2025-02-10T20:59:42.762Z"
"formz","1.0.0",28,"https://hex.pm/api/packages/formz/releases/1.0.0","2024-11-30T22:14:05.453Z","2024-11-30T22:14:02.645Z","2025-02-10T20:59:42.762Z"
"formz","1.0.1",32,"https://hex.pm/api/packages/formz/releases/1.0.1","2024-12-01T22:37:48.470Z","2024-12-01T22:37:45.551Z","2025-02-10T20:59:42.762Z"
"formz","2.0.0",52,"https://hex.pm/api/packages/formz/releases/2.0.0","2024-12-13T18:29:06.655Z","2024-12-13T18:29:03.889Z","2025-02-10T20:59:42.762Z"
"formz","2.0.1",12,"https://hex.pm/api/packages/formz/releases/2.0.1","2025-02-07T20:59:27.054Z","2025-02-07T20:59:24.227Z","2025-02-10T20:59:42.762Z"
"formz_lustre","0.1.0",24,"https://hex.pm/api/packages/formz_lustre/releases/0.1.0","2024-10-30T23:21:39.214Z","2024-10-30T23:21:36.534Z","2025-02-10T20:59:39.058Z"
"formz_lustre","0.1.1",26,"https://hex.pm/api/packages/formz_lustre/releases/0.1.1","2024-10-30T23:25:29.468Z","2024-10-30T23:25:26.831Z","2025-02-10T20:59:39.058Z"
"formz_lustre","0.1.2",29,"https://hex.pm/api/packages/formz_lustre/releases/0.1.2","2024-11-01T05:01:13.917Z","2024-11-01T05:01:11.046Z","2025-02-10T20:59:39.058Z"
"formz_lustre","0.1.3",26,"https://hex.pm/api/packages/formz_lustre/releases/0.1.3","2024-11-04T15:11:29.395Z","2024-11-04T15:11:26.646Z","2025-02-10T20:59:39.058Z"
"formz_lustre","0.1.4",32,"https://hex.pm/api/packages/formz_lustre/releases/0.1.4","2024-11-05T10:57:23.805Z","2024-11-05T10:57:20.993Z","2025-02-10T20:59:39.058Z"
"formz_lustre","1.0.0",28,"https://hex.pm/api/packages/formz_lustre/releases/1.0.0","2024-11-30T22:19:43.212Z","2024-11-30T22:19:40.754Z","2025-02-10T20:59:39.058Z"
"formz_lustre","2.0.0",52,"https://hex.pm/api/packages/formz_lustre/releases/2.0.0","2024-12-13T18:32:51.264Z","2024-12-13T18:32:48.431Z","2025-02-10T20:59:39.058Z"
"formz_lustre","2.0.1",12,"https://hex.pm/api/packages/formz_lustre/releases/2.0.1","2025-02-07T21:00:40.930Z","2025-02-07T21:00:36.736Z","2025-02-10T20:59:39.058Z"
"formz_nakai","0.1.0",24,"https://hex.pm/api/packages/formz_nakai/releases/0.1.0","2024-10-30T23:20:04.858Z","2024-10-30T23:20:01.936Z","2025-02-10T20:59:40.281Z"
"formz_nakai","0.1.1",26,"https://hex.pm/api/packages/formz_nakai/releases/0.1.1","2024-10-30T23:25:46.807Z","2024-10-30T23:25:44.343Z","2025-02-10T20:59:40.281Z"
"formz_nakai","0.1.2",29,"https://hex.pm/api/packages/formz_nakai/releases/0.1.2","2024-11-01T05:01:54.984Z","2024-11-01T05:01:52.229Z","2025-02-10T20:59:40.280Z"
"formz_nakai","0.1.3",26,"https://hex.pm/api/packages/formz_nakai/releases/0.1.3","2024-11-04T15:10:33.364Z","2024-11-04T15:10:30.620Z","2025-02-10T20:59:40.280Z"
"formz_nakai","0.1.4",60,"https://hex.pm/api/packages/formz_nakai/releases/0.1.4","2024-11-05T10:58:10.398Z","2024-11-05T10:58:07.578Z","2025-02-10T20:59:40.280Z"
"formz_nakai","1.0.0",24,"https://hex.pm/api/packages/formz_nakai/releases/1.0.0","2024-11-30T22:19:17.794Z","2024-11-30T22:19:15.106Z","2025-02-10T20:59:40.280Z"
"formz_nakai","2.0.0",46,"https://hex.pm/api/packages/formz_nakai/releases/2.0.0","2024-12-13T18:31:52.788Z","2024-12-13T18:31:50.118Z","2025-02-10T20:59:40.280Z"
"formz_nakai","2.0.1",12,"https://hex.pm/api/packages/formz_nakai/releases/2.0.1","2025-02-07T21:00:06.275Z","2025-02-07T21:00:02.888Z","2025-02-10T20:59:40.280Z"
"formz_string","0.1.0",26,"https://hex.pm/api/packages/formz_string/releases/0.1.0","2024-10-30T23:17:34.066Z","2024-10-30T23:17:31.359Z","2025-02-10T20:59:41.507Z"
"formz_string","0.1.1",30,"https://hex.pm/api/packages/formz_string/releases/0.1.1","2024-10-30T23:26:13.556Z","2024-10-30T23:26:10.553Z","2025-02-10T20:59:41.507Z"
"formz_string","0.1.2",28,"https://hex.pm/api/packages/formz_string/releases/0.1.2","2024-11-01T05:00:06.502Z","2024-11-01T05:00:03.904Z","2025-02-10T20:59:41.507Z"
"formz_string","0.1.3",26,"https://hex.pm/api/packages/formz_string/releases/0.1.3","2024-11-04T15:09:13.455Z","2024-11-04T15:09:10.750Z","2025-02-10T20:59:41.507Z"
"formz_string","0.1.4",26,"https://hex.pm/api/packages/formz_string/releases/0.1.4","2024-11-05T10:56:47.038Z","2024-11-05T10:56:44.435Z","2025-02-10T20:59:41.507Z"
"formz_string","1.0.0",26,"https://hex.pm/api/packages/formz_string/releases/1.0.0","2024-11-30T22:18:23.376Z","2024-11-30T22:18:20.729Z","2025-02-10T20:59:41.507Z"
"formz_string","2.0.0",46,"https://hex.pm/api/packages/formz_string/releases/2.0.0","2024-12-13T18:30:48.084Z","2024-12-13T18:30:45.363Z","2025-02-10T20:59:41.507Z"
"formz_string","2.0.1",12,"https://hex.pm/api/packages/formz_string/releases/2.0.1","2025-02-07T20:59:45.280Z","2025-02-07T20:59:41.865Z","2025-02-10T20:59:41.507Z"
"fp","0.1.0",52,"https://hex.pm/api/packages/fp/releases/0.1.0","2023-03-12T20:13:45.305Z","2023-03-12T20:13:42.416Z","2024-07-03T01:45:43.360Z"
"fp2","0.0.1",56,"https://hex.pm/api/packages/fp2/releases/0.0.1","2022-08-18T04:14:41.890Z","2022-08-18T04:14:41.890Z","2024-07-03T02:13:15.784Z"
"fp2_gleam","0.0.1",51,"https://hex.pm/api/packages/fp2_gleam/releases/0.0.1","2022-08-18T04:15:50.056Z","2022-08-18T04:15:50.056Z","2024-07-03T02:13:14.674Z"
"fp_gl","0.0.1",74,"https://hex.pm/api/packages/fp_gl/releases/0.0.1","2022-08-18T04:17:14.799Z","2022-08-18T04:17:11.184Z","2024-07-03T02:13:13.566Z"
"frac","1.0.0",16,"https://hex.pm/api/packages/frac/releases/1.0.0","2024-11-11T18:38:02.412Z","2024-11-11T18:37:59.478Z","2024-11-26T10:33:20.929Z"
"frac","2.0.0",20,"https://hex.pm/api/packages/frac/releases/2.0.0","2024-11-13T22:23:33.752Z","2024-11-13T22:23:30.963Z","2024-11-26T10:33:20.929Z"
"frac","2.0.1",24,"https://hex.pm/api/packages/frac/releases/2.0.1","2024-11-22T20:22:46.705Z","2024-11-22T20:22:43.815Z","2024-11-26T10:33:20.929Z"
"franz","0.1.0",18,"https://hex.pm/api/packages/franz/releases/0.1.0","2025-02-10T01:42:37.918Z","2025-02-10T01:42:34.920Z","2025-02-17T07:03:46.876Z"
"franz","0.2.0",20,"https://hex.pm/api/packages/franz/releases/0.2.0","2025-02-10T22:40:18.343Z","2025-02-10T22:40:15.363Z","2025-02-17T07:03:46.876Z"
"franz","0.3.0",20,"https://hex.pm/api/packages/franz/releases/0.3.0","2025-02-11T10:16:00.789Z","2025-02-11T10:15:58.015Z","2025-02-17T07:03:46.876Z"
"franz","0.4.0",21,"https://hex.pm/api/packages/franz/releases/0.4.0","2025-02-11T12:02:56.857Z","2025-02-11T11:51:45.674Z","2025-02-17T07:03:46.876Z"
"franz","0.5.0",20,"https://hex.pm/api/packages/franz/releases/0.5.0","2025-02-11T13:15:42.789Z","2025-02-11T13:15:39.730Z","2025-02-17T07:03:46.876Z"
"franz","0.5.1",20,"https://hex.pm/api/packages/franz/releases/0.5.1","2025-02-12T05:07:50.338Z","2025-02-12T05:07:47.149Z","2025-02-17T07:03:46.876Z"
"franz","1.0.0",16,"https://hex.pm/api/packages/franz/releases/1.0.0","2025-02-13T13:30:26.183Z","2025-02-13T13:30:23.316Z","2025-02-17T07:03:46.876Z"
"franz","1.0.1",14,"https://hex.pm/api/packages/franz/releases/1.0.1","2025-02-13T13:33:14.984Z","2025-02-13T13:33:11.726Z","2025-02-17T07:03:46.876Z"
"fresnel","0.1.0",69,"https://hex.pm/api/packages/fresnel/releases/0.1.0","2024-04-22T16:08:09.400Z","2024-04-22T16:06:33.420Z","2024-07-02T23:57:58.692Z"
"fresnel","0.1.1",17,"https://hex.pm/api/packages/fresnel/releases/0.1.1","2024-05-09T20:14:06.245Z","2024-05-09T20:08:01.587Z","2024-07-02T23:57:58.692Z"
"frontmatter","1.0.0",16,"https://hex.pm/api/packages/frontmatter/releases/1.0.0","2025-03-25T18:21:40.694Z","2025-03-25T18:21:37.995Z","2025-03-27T11:42:46.454Z"
"fswalk","1.0.0",86,"https://hex.pm/api/packages/fswalk/releases/1.0.0","2024-01-18T01:56:47.396Z","2024-01-18T01:56:44.901Z","2024-12-30T16:08:40.703Z"
"fswalk","1.0.1",91,"https://hex.pm/api/packages/fswalk/releases/1.0.1","2024-01-18T02:21:24.332Z","2024-01-18T02:21:21.628Z","2024-12-30T16:08:40.703Z"
"fswalk","1.0.2",93,"https://hex.pm/api/packages/fswalk/releases/1.0.2","2024-01-19T08:06:32.571Z","2024-01-19T08:06:30.278Z","2024-12-30T16:08:40.703Z"
"fswalk","1.0.4",95,"https://hex.pm/api/packages/fswalk/releases/1.0.4","2024-01-19T08:47:05.157Z","2024-01-19T08:47:02.679Z","2024-12-30T16:08:40.703Z"
"fswalk","2.0.0",119,"https://hex.pm/api/packages/fswalk/releases/2.0.0","2024-01-21T18:22:07.904Z","2024-01-21T18:22:05.288Z","2024-12-30T16:08:40.703Z"
"fswalk","2.0.1",88,"https://hex.pm/api/packages/fswalk/releases/2.0.1","2024-03-01T19:22:26.429Z","2024-03-01T19:22:23.940Z","2024-12-30T16:08:40.703Z"
"fswalk","2.0.2",166,"https://hex.pm/api/packages/fswalk/releases/2.0.2","2024-03-01T20:09:48.559Z","2024-03-01T20:09:46.255Z","2024-12-30T16:08:40.703Z"
"fswalk","2.0.3",117,"https://hex.pm/api/packages/fswalk/releases/2.0.3","2024-04-21T01:53:40.295Z","2024-04-21T01:53:38.089Z","2024-12-30T16:08:40.703Z"
"fswalk","3.0.0",76,"https://hex.pm/api/packages/fswalk/releases/3.0.0","2024-04-21T03:28:13.622Z","2024-04-21T03:28:11.335Z","2024-12-30T16:08:40.703Z"
"fswalk","3.0.1",462,"https://hex.pm/api/packages/fswalk/releases/3.0.1","2024-04-21T03:42:29.342Z","2024-04-21T03:42:26.947Z","2024-12-30T16:08:40.703Z"
"fswalk","3.0.2",119,"https://hex.pm/api/packages/fswalk/releases/3.0.2","2024-09-08T20:37:48.542Z","2024-09-08T20:37:45.925Z","2024-12-30T16:08:40.703Z"
"fswalk","3.0.3",20,"https://hex.pm/api/packages/fswalk/releases/3.0.3","2024-12-27T02:40:47.598Z","2024-12-27T02:40:44.694Z","2024-12-30T16:08:40.703Z"
"ftpasta","0.2.0",22,"https://hex.pm/api/packages/ftpasta/releases/0.2.0","2024-09-28T16:08:03.360Z","2024-09-28T16:08:00.069Z","2024-11-12T08:07:51.760Z"
"ftpasta","0.2.1",12,"https://hex.pm/api/packages/ftpasta/releases/0.2.1","2024-11-09T17:18:23.374Z","2024-11-09T17:18:19.994Z","2024-11-12T08:07:51.760Z"
"functx","1.0.0",42,"https://hex.pm/api/packages/functx/releases/1.0.0","2024-06-18T18:00:25.164Z","2024-06-18T18:00:21.695Z","2025-01-02T16:02:25.910Z"
"funsies","1.0.0",16,"https://hex.pm/api/packages/funsies/releases/1.0.0","2024-10-06T16:16:48.326Z","2024-10-06T16:16:44.721Z","2024-10-10T20:59:00.099Z"
"funsies","1.0.1",16,"https://hex.pm/api/packages/funsies/releases/1.0.1","2024-10-06T22:15:14.948Z","2024-10-06T22:15:12.432Z","2024-10-10T20:59:00.099Z"
"funsies","1.0.2",14,"https://hex.pm/api/packages/funsies/releases/1.0.2","2024-10-07T16:43:47.724Z","2024-10-07T16:43:44.416Z","2024-10-10T20:59:00.099Z"
"funsies","1.0.3",14,"https://hex.pm/api/packages/funsies/releases/1.0.3","2024-10-07T18:49:51.123Z","2024-10-07T18:49:48.742Z","2024-10-10T20:59:00.099Z"
"funsies","1.0.4",18,"https://hex.pm/api/packages/funsies/releases/1.0.4","2024-10-07T20:50:09.529Z","2024-10-07T20:50:06.874Z","2024-10-10T20:59:00.099Z"
"funtil","1.0.0",203,"https://hex.pm/api/packages/funtil/releases/1.0.0","2023-07-16T00:09:30.293Z","2023-07-16T00:06:15.383Z","2024-07-03T01:27:31.299Z"
"gacache","1.0.0",770,"https://hex.pm/api/packages/gacache/releases/1.0.0","2024-08-07T16:07:08.234Z","2024-08-07T16:07:05.577Z","2025-01-09T02:13:27.605Z"
"gacache","1.1.0",18,"https://hex.pm/api/packages/gacache/releases/1.1.0","2025-01-06T13:06:35.185Z","2025-01-06T13:06:31.297Z","2025-01-09T02:13:27.605Z"
"galant","0.1.0",58,"https://hex.pm/api/packages/galant/releases/0.1.0","2022-12-22T19:52:53.207Z","2022-12-22T19:34:48.466Z","2024-07-03T01:57:49.055Z"
"galant","0.1.1",65,"https://hex.pm/api/packages/galant/releases/0.1.1","2022-12-23T13:39:54.463Z","2022-12-23T13:39:53.707Z","2024-07-03T01:57:49.055Z"
"galant","0.1.2",108,"https://hex.pm/api/packages/galant/releases/0.1.2","2022-12-23T14:26:22.671Z","2022-12-23T14:26:21.795Z","2024-07-03T01:57:49.055Z"
"gap","0.1.0",244,"https://hex.pm/api/packages/gap/releases/0.1.0","2023-01-28T17:09:30.819Z","2023-01-28T17:09:29.842Z","2024-07-03T00:25:33.847Z"
"gap","0.2.0",45,"https://hex.pm/api/packages/gap/releases/0.2.0","2023-03-10T08:01:36.349Z","2023-03-10T08:01:33.832Z","2024-07-03T00:25:33.847Z"
"gap","0.3.0",57,"https://hex.pm/api/packages/gap/releases/0.3.0","2023-03-15T16:19:29.318Z","2023-03-15T16:19:26.955Z","2024-07-03T00:25:33.847Z"
"gap","0.4.0",79,"https://hex.pm/api/packages/gap/releases/0.4.0","2023-04-23T19:17:23.421Z","2023-04-23T19:17:21.019Z","2024-07-03T00:25:33.847Z"
"gap","0.5.0",86,"https://hex.pm/api/packages/gap/releases/0.5.0","2023-06-27T19:43:53.573Z","2023-06-27T19:43:51.234Z","2024-07-03T00:25:33.847Z"
"gap","0.6.0",57,"https://hex.pm/api/packages/gap/releases/0.6.0","2023-07-15T10:52:39.884Z","2023-07-15T10:52:37.379Z","2024-07-03T00:25:33.847Z"
"gap","0.7.0",586,"https://hex.pm/api/packages/gap/releases/0.7.0","2023-07-15T21:15:39.424Z","2023-07-15T21:15:37.105Z","2024-07-03T00:25:33.847Z"
"gap","1.0.0",53,"https://hex.pm/api/packages/gap/releases/1.0.0","2023-11-04T13:08:55.380Z","2023-11-04T13:08:53.013Z","2024-07-03T00:25:33.847Z"
"gap","1.0.1",263,"https://hex.pm/api/packages/gap/releases/1.0.1","2023-11-06T17:57:54.909Z","2023-11-06T17:57:52.711Z","2024-07-03T00:25:33.847Z"
"gap","1.1.0",2617,"https://hex.pm/api/packages/gap/releases/1.1.0","2024-01-15T17:47:16.543Z","2024-01-15T17:47:14.512Z","2024-07-03T00:25:33.846Z"
"gap","1.1.3",958,"https://hex.pm/api/packages/gap/releases/1.1.3","2024-03-16T21:40:27.791Z","2024-03-16T21:40:25.542Z","2024-07-03T00:25:33.846Z"
"garnet_tool","0.0.1",26,"https://hex.pm/api/packages/garnet_tool/releases/0.0.1","2024-05-17T16:34:05.276Z","2024-05-17T16:34:02.397Z","2024-10-02T18:21:20.031Z"
"garnet_tool","1.0.0",29,"https://hex.pm/api/packages/garnet_tool/releases/1.0.0","2024-05-17T16:34:46.221Z","2024-05-15T14:50:57.084Z","2024-10-02T18:21:20.031Z"
"garnet_tool","1.0.1",29,"https://hex.pm/api/packages/garnet_tool/releases/1.0.1","2024-05-17T16:35:24.810Z","2024-05-17T16:35:21.634Z","2024-10-02T18:21:20.030Z"
"garnet_tool","1.0.2",36,"https://hex.pm/api/packages/garnet_tool/releases/1.0.2","2024-05-17T16:57:38.545Z","2024-05-17T16:57:35.578Z","2024-10-02T18:21:20.030Z"
"garnet_tool","1.0.3",18,"https://hex.pm/api/packages/garnet_tool/releases/1.0.3","2024-09-24T04:10:41.070Z","2024-09-24T04:10:37.841Z","2024-10-02T18:21:20.030Z"
"garnet_tool","1.0.4",38,"https://hex.pm/api/packages/garnet_tool/releases/1.0.4","2024-09-30T03:47:02.517Z","2024-09-30T03:46:59.192Z","2024-10-02T18:21:20.030Z"
"gary","1.0.0",122,"https://hex.pm/api/packages/gary/releases/1.0.0","2024-05-01T12:11:45.565Z","2024-05-01T12:11:43.491Z","2024-12-12T16:39:48.751Z"
"gary","1.0.1",78,"https://hex.pm/api/packages/gary/releases/1.0.1","2024-05-15T03:09:17.856Z","2024-05-15T03:09:15.358Z","2024-12-12T16:39:48.751Z"
"gary","1.1.0",16,"https://hex.pm/api/packages/gary/releases/1.1.0","2024-12-10T18:42:40.247Z","2024-12-10T18:42:37.621Z","2024-12-12T16:39:48.750Z"
"gauth","1.0.0",18,"https://hex.pm/api/packages/gauth/releases/1.0.0","2025-03-27T15:19:49.949Z","2025-03-27T15:19:46.270Z","2025-03-31T08:28:19.788Z"
"gauth","1.0.1",20,"https://hex.pm/api/packages/gauth/releases/1.0.1","2025-03-28T10:56:43.042Z","2025-03-28T10:56:40.483Z","2025-03-31T08:28:19.788Z"
"gauzy","0.1.0",22,"https://hex.pm/api/packages/gauzy/releases/0.1.0","2025-03-30T14:40:20.258Z","2025-03-30T14:40:16.167Z","2025-04-29T13:28:37.769Z"
"gauzy","1.0.0",12,"https://hex.pm/api/packages/gauzy/releases/1.0.0","2025-04-25T23:51:12.902Z","2025-04-25T23:51:10.397Z","2025-04-29T13:28:37.769Z"
"gauzy","2.0.0",12,"https://hex.pm/api/packages/gauzy/releases/2.0.0","2025-04-26T10:00:12.295Z","2025-04-26T09:44:05.408Z","2025-04-29T13:28:37.769Z"
"gauzy","2.0.1",10,"https://hex.pm/api/packages/gauzy/releases/2.0.1","2025-04-26T12:20:14.059Z","2025-04-26T12:20:11.110Z","2025-04-29T13:28:37.769Z"
"gbase32_clockwork","1.0.0",40,"https://hex.pm/api/packages/gbase32_clockwork/releases/1.0.0","2024-03-18T21:26:28.810Z","2024-03-18T21:25:31.526Z","2024-10-29T05:45:05.214Z"
"gbase32_clockwork","2.0.0",14,"https://hex.pm/api/packages/gbase32_clockwork/releases/2.0.0","2024-10-26T19:34:55.634Z","2024-10-26T19:34:53.062Z","2024-10-29T05:45:05.214Z"
"gbase32_clockwork","2.0.1",14,"https://hex.pm/api/packages/gbase32_clockwork/releases/2.0.1","2024-10-26T19:42:44.644Z","2024-10-26T19:42:41.066Z","2024-10-29T05:45:05.214Z"
"gbase32_clockwork","2.0.2",14,"https://hex.pm/api/packages/gbase32_clockwork/releases/2.0.2","2024-10-26T19:45:54.776Z","2024-10-26T19:45:52.059Z","2024-10-29T05:45:05.214Z"
"gbase32_clockwork","2.0.3",14,"https://hex.pm/api/packages/gbase32_clockwork/releases/2.0.3","2024-10-26T19:51:20.335Z","2024-10-26T19:51:17.769Z","2024-10-29T05:45:05.214Z"
"gcalc","0.0.1",44,"https://hex.pm/api/packages/gcalc/releases/0.0.1","2024-03-15T18:58:27.280Z","2024-03-15T18:58:24.817Z","2024-11-27T07:03:37.580Z"
"gcalc","0.1.0",44,"https://hex.pm/api/packages/gcalc/releases/0.1.0","2024-03-26T22:01:58.102Z","2024-03-26T22:01:55.778Z","2024-11-27T07:03:37.580Z"
"gcalc","0.1.1",72,"https://hex.pm/api/packages/gcalc/releases/0.1.1","2024-03-26T22:38:02.021Z","2024-03-26T22:37:59.607Z","2024-11-27T07:03:37.580Z"
"gcalc","0.2.0",12,"https://hex.pm/api/packages/gcalc/releases/0.2.0","2024-11-25T20:36:34.190Z","2024-11-25T20:36:29.636Z","2024-11-27T07:03:37.580Z"
"gchess","0.1.0",40,"https://hex.pm/api/packages/gchess/releases/0.1.0","2023-10-27T20:39:53.731Z","2023-10-27T20:34:27.338Z","2024-07-02T23:51:56.618Z"
"gchess","0.1.1",42,"https://hex.pm/api/packages/gchess/releases/0.1.1","2023-10-31T17:41:03.324Z","2023-10-31T17:41:00.764Z","2024-07-02T23:51:56.618Z"
"gchess","0.1.2",55,"https://hex.pm/api/packages/gchess/releases/0.1.2","2023-11-03T18:34:43.253Z","2023-11-03T18:34:40.807Z","2024-07-02T23:51:56.618Z"
"gchess","0.1.3",43,"https://hex.pm/api/packages/gchess/releases/0.1.3","2023-11-09T15:50:44.389Z","2023-11-09T15:50:41.991Z","2024-07-02T23:51:56.618Z"
"gchess","0.1.4",34,"https://hex.pm/api/packages/gchess/releases/0.1.4","2024-03-15T16:17:20.036Z","2024-03-15T16:17:17.369Z","2024-07-02T23:51:56.618Z"
"gchess","0.1.5",18,"https://hex.pm/api/packages/gchess/releases/0.1.5","2024-05-13T22:26:38.941Z","2024-05-13T22:26:36.471Z","2024-07-02T23:51:56.618Z"
"gchess","0.1.6",16,"https://hex.pm/api/packages/gchess/releases/0.1.6","2024-05-23T17:11:59.884Z","2024-05-23T17:11:57.174Z","2024-07-02T23:51:56.617Z"
"gclog","0.0.1",18,"https://hex.pm/api/packages/gclog/releases/0.0.1","2024-12-05T15:09:45.130Z","2024-12-05T15:09:42.035Z","2024-12-08T09:59:07.387Z"
"gemo","1.0.0",16,"https://hex.pm/api/packages/gemo/releases/1.0.0","2024-12-13T19:51:58.490Z","2024-12-13T19:23:09.936Z","2024-12-16T13:06:25.740Z"
"gemo","1.0.1",16,"https://hex.pm/api/packages/gemo/releases/1.0.1","2024-12-13T19:48:53.846Z","2024-12-13T19:48:51.051Z","2024-12-16T13:06:25.740Z"
"gemqtt","0.1.0",53,"https://hex.pm/api/packages/gemqtt/releases/0.1.0","2024-03-19T20:39:19.595Z","2024-03-19T20:39:16.829Z","2024-10-04T01:04:51.279Z"
"gemqtt","0.1.1",10,"https://hex.pm/api/packages/gemqtt/releases/0.1.1","2024-10-01T16:03:57.338Z","2024-10-01T16:03:54.539Z","2024-10-04T01:04:51.279Z"
"gen_core_erlang","0.5.0",32,"https://hex.pm/api/packages/gen_core_erlang/releases/0.5.0","2024-01-06T13:41:48.278Z","2024-01-06T13:41:45.890Z","2024-07-03T00:53:26.268Z"
"gen_core_erlang","0.5.1",62,"https://hex.pm/api/packages/gen_core_erlang/releases/0.5.1","2024-01-09T17:04:46.060Z","2024-01-09T17:04:43.741Z","2024-07-03T00:53:26.268Z"
"gen_gleam","0.1.0",34,"https://hex.pm/api/packages/gen_gleam/releases/0.1.0","2024-01-22T08:22:10.974Z","2024-01-22T08:22:08.306Z","2024-07-03T00:22:12.193Z"
"gen_gleam","0.1.1",36,"https://hex.pm/api/packages/gen_gleam/releases/0.1.1","2024-01-24T20:13:48.948Z","2024-01-24T20:13:46.529Z","2024-07-03T00:22:12.193Z"
"gen_gleam","0.2.0",38,"https://hex.pm/api/packages/gen_gleam/releases/0.2.0","2024-01-27T09:13:49.614Z","2024-01-27T09:13:47.119Z","2024-07-03T00:22:12.193Z"
"gen_gleam","0.3.0",34,"https://hex.pm/api/packages/gen_gleam/releases/0.3.0","2024-01-29T18:26:11.614Z","2024-01-29T18:26:09.170Z","2024-07-03T00:22:12.192Z"
"gen_gleam","0.3.1",61,"https://hex.pm/api/packages/gen_gleam/releases/0.3.1","2024-01-30T18:55:41.311Z","2024-01-30T18:55:38.690Z","2024-07-03T00:22:12.192Z"
"gen_gleam","0.3.2",33,"https://hex.pm/api/packages/gen_gleam/releases/0.3.2","2024-03-20T21:46:49.759Z","2024-03-20T21:46:46.447Z","2024-07-03T00:22:12.192Z"
"geny","0.0.1",28,"https://hex.pm/api/packages/geny/releases/0.0.1","2024-05-22T16:18:06.489Z","2024-05-22T16:18:03.035Z","2024-07-02T23:52:20.109Z"
"germinal","0.1.0",44,"https://hex.pm/api/packages/germinal/releases/0.1.0","2024-03-28T06:32:39.578Z","2024-03-28T06:20:55.169Z","2024-07-03T00:18:15.376Z"
"gextra","1.0.0",18,"https://hex.pm/api/packages/gextra/releases/1.0.0","2024-12-20T15:01:47.014Z","2024-12-20T14:59:42.056Z","2024-12-24T06:02:18.158Z"
"gextra","1.1.0",14,"https://hex.pm/api/packages/gextra/releases/1.1.0","2024-12-20T17:28:10.547Z","2024-12-20T17:28:06.853Z","2024-12-24T06:02:18.158Z"
"gextra","1.2.0",16,"https://hex.pm/api/packages/gextra/releases/1.2.0","2024-12-20T17:58:00.010Z","2024-12-20T17:52:16.856Z","2024-12-24T06:02:18.158Z"
"ggleam","1.0.0",8,"https://hex.pm/api/packages/ggleam/releases/1.0.0","2024-07-16T17:05:50.612Z","2024-07-16T17:05:47.617Z","2024-07-18T21:19:11.477Z"
"gild","0.1.1",35,"https://hex.pm/api/packages/gild/releases/0.1.1","2024-03-25T01:07:08.994Z","2024-03-25T01:07:06.499Z","2024-07-18T11:06:51.034Z"
"gild","0.3.0",8,"https://hex.pm/api/packages/gild/releases/0.3.0","2024-07-16T03:50:33.433Z","2024-07-16T03:50:29.749Z","2024-07-18T11:06:51.034Z"
"gild_frontend","0.1.1",28,"https://hex.pm/api/packages/gild_frontend/releases/0.1.1","2024-03-25T01:05:05.164Z","2024-03-25T01:05:02.483Z","2024-07-03T00:20:12.780Z"
"gip","1.0.0",16,"https://hex.pm/api/packages/gip/releases/1.0.0","2024-08-07T00:20:36.098Z","2024-08-07T00:16:29.575Z","2024-08-09T04:10:06.271Z"
"github_sdk","1.0.0",16,"https://hex.pm/api/packages/github_sdk/releases/1.0.0","2025-04-29T15:45:26.770Z","2025-04-29T15:45:16.647Z","2025-05-02T23:59:33.930Z"
"given","1.0.0",36,"https://hex.pm/api/packages/given/releases/1.0.0","2024-12-14T16:37:41.769Z","2024-12-14T16:37:38.590Z","2025-04-24T09:47:27.414Z"
"given","2.0.0",38,"https://hex.pm/api/packages/given/releases/2.0.0","2024-12-14T17:00:03.529Z","2024-12-14T16:59:59.799Z","2025-04-24T09:47:27.414Z"
"given","3.0.0",36,"https://hex.pm/api/packages/given/releases/3.0.0","2024-12-16T17:29:25.152Z","2024-12-16T17:29:21.937Z","2025-04-24T09:47:27.414Z"
"given","3.0.1",36,"https://hex.pm/api/packages/given/releases/3.0.1","2024-12-16T19:14:29.725Z","2024-12-16T19:14:26.838Z","2025-04-24T09:47:27.414Z"
"given","3.0.2",70,"https://hex.pm/api/packages/given/releases/3.0.2","2024-12-16T19:17:03.587Z","2024-12-16T19:17:00.840Z","2025-04-24T09:47:27.414Z"
"given","4.0.0",36,"https://hex.pm/api/packages/given/releases/4.0.0","2025-01-01T15:16:04.220Z","2025-01-01T15:06:43.225Z","2025-04-24T09:47:27.414Z"
"given","4.0.1",38,"https://hex.pm/api/packages/given/releases/4.0.1","2025-01-01T15:43:17.656Z","2025-01-01T15:43:14.679Z","2025-04-24T09:47:27.414Z"
"given","4.1.0",36,"https://hex.pm/api/packages/given/releases/4.1.0","2025-01-01T16:07:18.489Z","2025-01-01T16:07:15.470Z","2025-04-24T09:47:27.414Z"
"given","4.1.1",250,"https://hex.pm/api/packages/given/releases/4.1.1","2025-01-01T16:17:07.536Z","2025-01-01T16:17:03.753Z","2025-04-24T09:47:27.414Z"
"given","5.0.0",36,"https://hex.pm/api/packages/given/releases/5.0.0","2025-01-16T19:14:39.866Z","2025-01-16T19:14:37.021Z","2025-04-24T09:47:27.414Z"
"given","5.0.1",36,"https://hex.pm/api/packages/given/releases/5.0.1","2025-01-16T19:17:18.643Z","2025-01-16T19:17:15.889Z","2025-04-24T09:47:27.414Z"
"given","5.0.2",561,"https://hex.pm/api/packages/given/releases/5.0.2","2025-01-16T19:24:35.364Z","2025-01-16T19:24:31.894Z","2025-04-24T09:47:27.414Z"
"given","5.0.3",398,"https://hex.pm/api/packages/given/releases/5.0.3","2025-03-06T22:11:15.839Z","2025-03-06T22:11:13.056Z","2025-04-24T09:47:27.414Z"
"given","5.0.4",52,"https://hex.pm/api/packages/given/releases/5.0.4","2025-04-20T10:35:50.583Z","2025-04-20T10:35:47.862Z","2025-04-24T09:47:27.414Z"
"gjwt","1.0.0",20,"https://hex.pm/api/packages/gjwt/releases/1.0.0","2024-08-03T00:28:35.927Z","2024-08-03T00:28:33.206Z","2024-10-24T02:41:01.259Z"
"gjwt","1.0.1",28,"https://hex.pm/api/packages/gjwt/releases/1.0.1","2024-08-03T00:49:28.287Z","2024-08-03T00:49:25.731Z","2024-10-24T02:41:01.259Z"
"gjwt","1.0.2",28,"https://hex.pm/api/packages/gjwt/releases/1.0.2","2024-08-03T01:16:07.996Z","2024-08-03T01:16:05.500Z","2024-10-24T02:41:01.259Z"
"gjwt","1.0.3",16,"https://hex.pm/api/packages/gjwt/releases/1.0.3","2024-10-21T22:24:22.416Z","2024-10-21T22:24:19.593Z","2024-10-24T02:41:01.259Z"
"gl","0.0.1",28,"https://hex.pm/api/packages/gl/releases/0.0.1","2024-01-29T17:48:13.454Z","2024-01-29T17:48:10.940Z","2024-07-03T00:48:13.490Z"
"gl_wasm","1.0.0",39,"https://hex.pm/api/packages/gl_wasm/releases/1.0.0","2025-01-05T13:11:33.513Z","2025-01-05T13:11:30.535Z","2025-04-29T13:28:43.694Z"
"gl_wasm","1.0.1",52,"https://hex.pm/api/packages/gl_wasm/releases/1.0.1","2025-01-12T19:42:19.479Z","2025-01-12T19:42:16.561Z","2025-04-29T13:28:43.694Z"
"gl_wasm","1.1.0",43,"https://hex.pm/api/packages/gl_wasm/releases/1.1.0","2025-01-29T19:29:05.878Z","2025-01-29T19:29:02.957Z","2025-04-29T13:28:43.694Z"
"gl_wasm","1.2.0",10,"https://hex.pm/api/packages/gl_wasm/releases/1.2.0","2025-04-26T08:55:16.249Z","2025-04-26T08:55:13.752Z","2025-04-29T13:28:43.694Z"
"glace","0.1.0",23,"https://hex.pm/api/packages/glace/releases/0.1.0","2025-01-30T04:41:25.939Z","2025-01-30T04:41:22.100Z","2025-02-02T07:17:06.326Z"
"glacier","0.1.0",115,"https://hex.pm/api/packages/glacier/releases/0.1.0","2022-12-31T02:58:08.891Z","2022-12-31T02:58:08.072Z","2025-05-01T17:02:34.771Z"
"glacier","0.1.1",120,"https://hex.pm/api/packages/glacier/releases/0.1.1","2022-12-31T03:24:49.201Z","2022-12-31T03:24:48.482Z","2025-05-01T17:02:34.771Z"
"glacier","0.1.2",123,"https://hex.pm/api/packages/glacier/releases/0.1.2","2022-12-31T03:27:47.855Z","2022-12-31T03:27:46.974Z","2025-05-01T17:02:34.771Z"
"glacier","0.1.3",125,"https://hex.pm/api/packages/glacier/releases/0.1.3","2022-12-31T03:52:19.617Z","2022-12-31T03:52:18.820Z","2025-05-01T17:02:34.771Z"
"glacier","0.10.0",77,"https://hex.pm/api/packages/glacier/releases/0.10.0","2024-04-11T20:44:00.249Z","2024-04-11T20:43:57.956Z","2025-05-01T17:02:34.771Z"
"glacier","0.2.0",126,"https://hex.pm/api/packages/glacier/releases/0.2.0","2023-01-01T04:19:30.584Z","2023-01-01T04:19:29.743Z","2025-05-01T17:02:34.771Z"
"glacier","0.2.1",126,"https://hex.pm/api/packages/glacier/releases/0.2.1","2023-01-01T04:22:32.308Z","2023-01-01T04:22:31.515Z","2025-05-01T17:02:34.771Z"
"glacier","0.2.2",124,"https://hex.pm/api/packages/glacier/releases/0.2.2","2023-01-01T04:29:55.616Z","2023-01-01T04:29:54.926Z","2025-05-01T17:02:34.771Z"
"glacier","0.2.3",127,"https://hex.pm/api/packages/glacier/releases/0.2.3","2023-01-01T04:32:22.431Z","2023-01-01T04:32:21.744Z","2025-05-01T17:02:34.771Z"
"glacier","0.2.4",124,"https://hex.pm/api/packages/glacier/releases/0.2.4","2023-01-01T04:45:18.752Z","2023-01-01T04:45:17.966Z","2025-05-01T17:02:34.771Z"
"glacier","0.2.5",127,"https://hex.pm/api/packages/glacier/releases/0.2.5","2023-01-01T04:50:34.454Z","2023-01-01T04:50:33.558Z","2025-05-01T17:02:34.771Z"
"glacier","0.2.6",125,"https://hex.pm/api/packages/glacier/releases/0.2.6","2023-01-01T05:09:16.034Z","2023-01-01T05:09:15.297Z","2025-05-01T17:02:34.771Z"
"glacier","0.2.7",110,"https://hex.pm/api/packages/glacier/releases/0.2.7","2023-01-05T16:46:09.835Z","2023-01-05T16:46:09.035Z","2025-05-01T17:02:34.771Z"
"glacier","0.3.0",106,"https://hex.pm/api/packages/glacier/releases/0.3.0","2023-01-08T12:17:50.102Z","2023-01-08T12:17:49.274Z","2025-05-01T17:02:34.771Z"
"glacier","0.3.1",107,"https://hex.pm/api/packages/glacier/releases/0.3.1","2023-01-08T12:19:50.287Z","2023-01-08T12:19:49.576Z","2025-05-01T17:02:34.771Z"
"glacier","0.4.0",121,"https://hex.pm/api/packages/glacier/releases/0.4.0","2023-01-08T18:01:40.096Z","2023-01-08T18:01:38.797Z","2025-05-01T17:02:34.771Z"
"glacier","0.5.0",1023,"https://hex.pm/api/packages/glacier/releases/0.5.0","2023-01-19T22:35:04.788Z","2023-01-19T22:35:03.885Z","2025-05-01T17:02:34.771Z"
"glacier","0.6.0",103,"https://hex.pm/api/packages/glacier/releases/0.6.0","2023-01-31T17:34:39.450Z","2023-01-31T17:34:36.903Z","2025-05-01T17:02:34.771Z"
"glacier","0.6.1",105,"https://hex.pm/api/packages/glacier/releases/0.6.1","2023-01-31T17:43:59.277Z","2023-01-31T17:43:56.623Z","2025-05-01T17:02:34.771Z"
"glacier","0.6.2",116,"https://hex.pm/api/packages/glacier/releases/0.6.2","2023-01-31T17:55:11.203Z","2023-01-31T17:55:08.916Z","2025-05-01T17:02:34.771Z"
"glacier","0.8.0",91,"https://hex.pm/api/packages/glacier/releases/0.8.0","2023-03-05T12:10:21.149Z","2023-03-05T12:10:18.675Z","2025-05-01T17:02:34.771Z"
"glacier","0.8.1",194,"https://hex.pm/api/packages/glacier/releases/0.8.1","2023-03-16T15:58:27.260Z","2023-03-16T15:58:23.742Z","2025-05-01T17:02:34.771Z"
"glacier","0.9.0",162,"https://hex.pm/api/packages/glacier/releases/0.9.0","2023-07-14T05:58:17.261Z","2023-07-14T05:58:14.654Z","2025-05-01T17:02:34.771Z"
"glacier","1.0.0",453,"https://hex.pm/api/packages/glacier/releases/1.0.0","2024-04-11T21:48:46.797Z","2024-04-11T21:48:44.359Z","2025-05-01T17:02:34.771Z"
"glacier","1.1.0",968,"https://hex.pm/api/packages/glacier/releases/1.1.0","2024-07-10T13:57:00.486Z","2024-07-10T13:53:01.390Z","2025-05-01T17:02:34.771Z"
"glacier","1.3.0",18,"https://hex.pm/api/packages/glacier/releases/1.3.0","2025-04-22T19:17:46.554Z","2025-04-22T19:17:43.771Z","2025-05-01T17:02:34.771Z"
"glacier","1.3.1",22,"https://hex.pm/api/packages/glacier/releases/1.3.1","2025-04-22T19:23:28.818Z","2025-04-22T19:23:25.592Z","2025-05-01T17:02:34.771Z"
"glacier","1.3.2",16,"https://hex.pm/api/packages/glacier/releases/1.3.2","2025-04-28T19:53:03.732Z","2025-04-28T19:53:00.372Z","2025-05-01T17:02:34.771Z"
"glacier_gleeunit","0.10.0",1043,"https://hex.pm/api/packages/glacier_gleeunit/releases/0.10.0","2023-01-19T16:57:09.528Z","2023-01-19T16:57:08.657Z","2025-05-01T17:02:36.153Z"
"glacier_gleeunit","0.10.1",1022,"https://hex.pm/api/packages/glacier_gleeunit/releases/0.10.1","2023-01-19T22:01:05.755Z","2023-01-19T22:01:04.993Z","2025-05-01T17:02:36.153Z"
"glacier_gleeunit","0.10.11",692,"https://hex.pm/api/packages/glacier_gleeunit/releases/0.10.11","2023-01-23T17:00:40.027Z","2023-01-23T17:00:24.729Z","2025-05-01T17:02:36.153Z"
"glacier_gleeunit","0.10.12",114,"https://hex.pm/api/packages/glacier_gleeunit/releases/0.10.12","2023-01-31T17:42:41.061Z","2023-01-31T17:42:38.652Z","2025-05-01T17:02:36.153Z"
"glacier_gleeunit","0.10.2",1025,"https://hex.pm/api/packages/glacier_gleeunit/releases/0.10.2","2023-01-19T22:15:04.981Z","2023-01-19T22:15:04.378Z","2025-05-01T17:02:36.153Z"
"glacier_gleeunit","0.10.3",1024,"https://hex.pm/api/packages/glacier_gleeunit/releases/0.10.3","2023-01-19T22:28:52.499Z","2023-01-19T22:28:51.586Z","2025-05-01T17:02:36.153Z"
"glacier_gleeunit","0.11.10",200,"https://hex.pm/api/packages/glacier_gleeunit/releases/0.11.10","2023-03-05T11:49:44.812Z","2023-03-05T11:49:42.348Z","2025-05-01T17:02:36.153Z"
"glacier_gleeunit","0.11.20",139,"https://hex.pm/api/packages/glacier_gleeunit/releases/0.11.20","2023-07-14T05:43:31.398Z","2023-07-14T05:43:28.777Z","2025-05-01T17:02:36.153Z"
"glacier_gleeunit","0.11.40",90,"https://hex.pm/api/packages/glacier_gleeunit/releases/0.11.40","2024-04-11T20:09:04.785Z","2024-04-11T20:09:02.400Z","2025-05-01T17:02:36.153Z"
"glacier_gleeunit","0.9.0",117,"https://hex.pm/api/packages/glacier_gleeunit/releases/0.9.0","2023-01-08T17:27:08.469Z","2023-01-08T17:27:07.728Z","2025-05-01T17:02:36.153Z"
"glacier_gleeunit","1.1.2001",435,"https://hex.pm/api/packages/glacier_gleeunit/releases/1.1.2001","2024-04-11T21:44:34.803Z","2024-04-11T21:44:32.376Z","2025-05-01T17:02:36.153Z"
"glacier_gleeunit","1.2.1001",1003,"https://hex.pm/api/packages/glacier_gleeunit/releases/1.2.1001","2024-07-10T13:43:14.302Z","2024-07-10T13:43:11.633Z","2025-05-01T17:02:36.153Z"
"glacier_gleeunit","1.3.1001",28,"https://hex.pm/api/packages/glacier_gleeunit/releases/1.3.1001","2025-04-22T19:16:32.888Z","2025-04-22T19:16:30.137Z","2025-05-01T17:02:36.153Z"
"glacier_gleeunit","1.3.1002",20,"https://hex.pm/api/packages/glacier_gleeunit/releases/1.3.1002","2025-04-28T19:50:45.844Z","2025-04-28T19:50:41.576Z","2025-05-01T17:02:36.153Z"
"gladvent","0.1.0",87,"https://hex.pm/api/packages/gladvent/releases/0.1.0","2022-02-02T21:47:42.160Z","2022-02-02T21:47:39.104Z","2024-12-20T09:33:24.072Z"
"gladvent","0.1.1",89,"https://hex.pm/api/packages/gladvent/releases/0.1.1","2022-02-03T16:14:19.702Z","2022-02-03T16:14:16.473Z","2024-12-20T09:33:24.072Z"
"gladvent","0.1.2",88,"https://hex.pm/api/packages/gladvent/releases/0.1.2","2022-02-03T20:37:58.696Z","2022-02-03T20:37:55.095Z","2024-12-20T09:33:24.072Z"
"gladvent","0.1.3",90,"https://hex.pm/api/packages/gladvent/releases/0.1.3","2022-02-23T16:48:05.881Z","2022-02-23T16:48:02.825Z","2024-12-20T09:33:24.072Z"
"gladvent","0.2.1",90,"https://hex.pm/api/packages/gladvent/releases/0.2.1","2022-05-05T19:28:26.000Z","2022-05-05T19:28:23.102Z","2024-12-20T09:33:24.072Z"
"gladvent","0.3.0",86,"https://hex.pm/api/packages/gladvent/releases/0.3.0","2022-09-16T21:34:52.738Z","2022-09-16T21:34:49.003Z","2024-12-20T09:33:24.072Z"
"gladvent","0.4.0",89,"https://hex.pm/api/packages/gladvent/releases/0.4.0","2022-11-29T13:42:21.986Z","2022-11-29T13:42:21.347Z","2024-12-20T09:33:24.072Z"
"gladvent","0.4.1",104,"https://hex.pm/api/packages/gladvent/releases/0.4.1","2022-11-30T10:37:30.553Z","2022-11-30T10:37:30.008Z","2024-12-20T09:33:24.072Z"
"gladvent","0.4.2",103,"https://hex.pm/api/packages/gladvent/releases/0.4.2","2022-12-05T10:44:14.453Z","2022-12-05T10:44:13.849Z","2024-12-20T09:33:24.072Z"
"gladvent","0.5.0",127,"https://hex.pm/api/packages/gladvent/releases/0.5.0","2022-12-06T20:52:00.278Z","2022-12-06T20:51:59.764Z","2024-12-20T09:33:24.072Z"
"gladvent","0.5.1",123,"https://hex.pm/api/packages/gladvent/releases/0.5.1","2022-12-09T16:15:15.944Z","2022-12-09T16:15:15.183Z","2024-12-20T09:33:24.072Z"
"gladvent","0.6.0",59,"https://hex.pm/api/packages/gladvent/releases/0.6.0","2023-11-13T22:44:06.723Z","2023-11-13T22:44:04.932Z","2024-12-20T09:33:24.072Z"
"gladvent","0.6.1",230,"https://hex.pm/api/packages/gladvent/releases/0.6.1","2023-11-14T16:59:50.636Z","2023-11-14T16:59:47.984Z","2024-12-20T09:33:24.072Z"
"gladvent","0.6.2",45,"https://hex.pm/api/packages/gladvent/releases/0.6.2","2024-03-06T00:52:22.240Z","2024-03-06T00:52:20.135Z","2024-12-20T09:33:24.072Z"
"gladvent","0.7.0",45,"https://hex.pm/api/packages/gladvent/releases/0.7.0","2024-03-06T22:13:42.481Z","2024-03-06T22:13:40.283Z","2024-12-20T09:33:24.072Z"
"gladvent","0.7.1",99,"https://hex.pm/api/packages/gladvent/releases/0.7.1","2024-03-07T23:23:36.762Z","2024-03-07T23:23:34.299Z","2024-12-20T09:33:24.072Z"
"gladvent","0.7.2",36,"https://hex.pm/api/packages/gladvent/releases/0.7.2","2024-05-25T22:43:54.817Z","2024-05-25T22:43:52.168Z","2024-12-20T09:33:24.072Z"
"gladvent","0.7.3",100,"https://hex.pm/api/packages/gladvent/releases/0.7.3","2024-05-25T23:06:17.618Z","2024-05-25T23:06:15.099Z","2024-12-20T09:33:24.072Z"
"gladvent","1.0.0",30,"https://hex.pm/api/packages/gladvent/releases/1.0.0","2024-08-09T01:04:06.231Z","2024-08-09T01:04:03.738Z","2024-12-20T09:33:24.072Z"
"gladvent","1.0.1",82,"https://hex.pm/api/packages/gladvent/releases/1.0.1","2024-08-09T17:16:16.428Z","2024-08-09T17:16:14.089Z","2024-12-20T09:33:24.072Z"
"gladvent","2.0.0",30,"https://hex.pm/api/packages/gladvent/releases/2.0.0","2024-11-21T14:48:24.864Z","2024-11-21T14:48:22.403Z","2024-12-20T09:33:24.072Z"
"gladvent","2.0.1",26,"https://hex.pm/api/packages/gladvent/releases/2.0.1","2024-11-22T19:45:44.435Z","2024-11-22T19:45:42.005Z","2024-12-20T09:33:24.072Z"
"gladvent","2.0.2",816,"https://hex.pm/api/packages/gladvent/releases/2.0.2","2024-11-23T21:44:11.600Z","2024-11-23T21:44:08.965Z","2024-12-20T09:33:24.072Z"
"gladvent","2.1.0",222,"https://hex.pm/api/packages/gladvent/releases/2.1.0","2024-12-06T20:38:13.535Z","2024-12-06T20:38:11.019Z","2024-12-20T09:33:24.072Z"
"gladvent","2.2.0",28,"https://hex.pm/api/packages/gladvent/releases/2.2.0","2024-12-18T17:51:24.471Z","2024-12-18T17:51:21.432Z","2024-12-20T09:33:24.071Z"
"glailglind","1.0.0",59,"https://hex.pm/api/packages/glailglind/releases/1.0.0","2023-12-06T16:54:07.188Z","2023-12-06T16:54:04.774Z","2025-03-12T00:43:33.758Z"
"glailglind","1.1.1",472,"https://hex.pm/api/packages/glailglind/releases/1.1.1","2024-02-18T14:41:13.951Z","2024-02-18T14:41:11.582Z","2025-03-12T00:43:33.758Z"
"glailglind","1.1.2",998,"https://hex.pm/api/packages/glailglind/releases/1.1.2","2024-06-06T10:48:55.186Z","2024-06-06T10:48:52.387Z","2025-03-12T00:43:33.758Z"
"glailglind","1.1.3",1038,"https://hex.pm/api/packages/glailglind/releases/1.1.3","2024-07-03T08:59:20.498Z","2024-07-03T08:59:17.990Z","2025-03-12T00:43:33.758Z"
"glailglind","2.0.0",31,"https://hex.pm/api/packages/glailglind/releases/2.0.0","2025-02-24T18:22:20.226Z","2025-02-24T18:22:17.778Z","2025-03-12T00:43:33.758Z"
"glailglind","2.0.1",14,"https://hex.pm/api/packages/glailglind/releases/2.0.1","2025-03-09T15:21:11.089Z","2025-03-09T15:21:07.995Z","2025-03-12T00:43:33.758Z"
"glailwind_merge","1.0.0",16,"https://hex.pm/api/packages/glailwind_merge/releases/1.0.0","2024-10-19T13:06:05.896Z","2024-10-19T13:06:03.175Z","2024-10-22T09:40:04.852Z"
"glailwind_merge","1.1.0",10,"https://hex.pm/api/packages/glailwind_merge/releases/1.1.0","2024-10-19T14:58:07.231Z","2024-10-19T14:58:04.775Z","2024-10-22T09:40:04.852Z"
"glam","1.0.0",124,"https://hex.pm/api/packages/glam/releases/1.0.0","2023-08-28T19:31:09.611Z","2023-08-28T19:23:58.100Z","2025-02-13T00:26:10.792Z"
"glam","1.1.0",125,"https://hex.pm/api/packages/glam/releases/1.1.0","2023-09-10T18:13:23.502Z","2023-09-10T18:05:12.168Z","2025-02-13T00:26:10.792Z"
"glam","1.1.1",129,"https://hex.pm/api/packages/glam/releases/1.1.1","2023-09-10T18:37:45.734Z","2023-09-10T18:37:43.057Z","2025-02-13T00:26:10.792Z"
"glam","1.2.0",158,"https://hex.pm/api/packages/glam/releases/1.2.0","2023-09-23T15:32:26.536Z","2023-09-23T15:32:23.478Z","2025-02-13T00:26:10.792Z"
"glam","1.3.0",324,"https://hex.pm/api/packages/glam/releases/1.3.0","2024-01-03T09:36:13.207Z","2024-01-03T09:36:10.702Z","2025-02-13T00:26:10.792Z"
"glam","2.0.0",466,"https://hex.pm/api/packages/glam/releases/2.0.0","2024-02-10T21:56:52.573Z","2024-02-10T21:56:50.357Z","2025-02-13T00:26:10.792Z"
"glam","2.0.1",29155,"https://hex.pm/api/packages/glam/releases/2.0.1","2024-04-26T07:19:24.640Z","2024-04-26T07:19:22.166Z","2025-02-13T00:26:10.792Z"
"glam","2.0.2",21,"https://hex.pm/api/packages/glam/releases/2.0.2","2025-02-11T09:49:13.523Z","2025-02-11T09:49:10.325Z","2025-02-13T00:26:10.792Z"
"glambda","0.1.0",36,"https://hex.pm/api/packages/glambda/releases/0.1.0","2024-10-25T16:21:22.498Z","2024-10-25T16:21:19.755Z","2025-01-24T17:33:04.241Z"
"glambda","0.1.1",27,"https://hex.pm/api/packages/glambda/releases/0.1.1","2024-12-09T22:36:19.513Z","2024-12-09T22:36:16.935Z","2025-01-24T17:33:04.241Z"
"glambda","1.0.0",12,"https://hex.pm/api/packages/glambda/releases/1.0.0","2025-01-21T20:50:10.667Z","2025-01-21T20:50:07.821Z","2025-01-24T17:33:04.241Z"
"glame","1.0.0",27,"https://hex.pm/api/packages/glame/releases/1.0.0","2024-03-18T22:00:57.138Z","2024-03-18T22:00:54.750Z","2024-07-03T00:23:53.747Z"
"glame","1.0.1",29,"https://hex.pm/api/packages/glame/releases/1.0.1","2024-03-18T22:09:34.848Z","2024-03-18T22:09:32.498Z","2024-07-03T00:23:53.747Z"
"glame","1.0.2",28,"https://hex.pm/api/packages/glame/releases/1.0.2","2024-03-18T22:28:12.586Z","2024-03-18T22:28:10.431Z","2024-07-03T00:23:53.747Z"
"glaml","1.0.0",36,"https://hex.pm/api/packages/glaml/releases/1.0.0","2024-06-05T20:16:05.167Z","2024-06-05T20:16:02.345Z","2025-02-13T10:43:57.786Z"
"glaml","1.0.1",206,"https://hex.pm/api/packages/glaml/releases/1.0.1","2024-06-05T23:10:53.690Z","2024-06-05T23:10:50.745Z","2025-02-13T10:43:57.786Z"
"glaml","2.0.0",209,"https://hex.pm/api/packages/glaml/releases/2.0.0","2024-11-20T16:39:31.909Z","2024-11-20T16:39:27.723Z","2025-02-13T10:43:57.786Z"
"glaml","3.0.0",22,"https://hex.pm/api/packages/glaml/releases/3.0.0","2025-01-22T22:39:11.507Z","2025-01-22T22:39:08.918Z","2025-02-13T10:43:57.786Z"
"glaml","3.0.1",42,"https://hex.pm/api/packages/glaml/releases/3.0.1","2025-01-23T16:31:36.502Z","2025-01-23T16:31:33.368Z","2025-02-13T10:43:57.786Z"
"glaml","3.0.2",19,"https://hex.pm/api/packages/glaml/releases/3.0.2","2025-02-11T06:28:40.983Z","2025-02-11T06:28:37.011Z","2025-02-13T10:43:57.786Z"
"glance","0.1.0",123,"https://hex.pm/api/packages/glance/releases/0.1.0","2023-05-12T21:45:13.054Z","2023-05-12T21:45:10.955Z","2025-02-24T14:02:42.849Z"
"glance","0.10.0",217,"https://hex.pm/api/packages/glance/releases/0.10.0","2024-04-20T12:14:35.180Z","2024-04-20T12:14:32.514Z","2025-02-24T14:02:42.849Z"
"glance","0.11.0",10493,"https://hex.pm/api/packages/glance/releases/0.11.0","2024-04-25T15:05:37.003Z","2024-04-25T15:05:33.872Z","2025-02-24T14:02:42.849Z"
"glance","0.2.0",122,"https://hex.pm/api/packages/glance/releases/0.2.0","2023-05-19T12:44:40.597Z","2023-05-19T12:44:37.735Z","2025-02-24T14:02:42.849Z"
"glance","0.3.0",122,"https://hex.pm/api/packages/glance/releases/0.3.0","2023-05-23T17:14:53.114Z","2023-05-23T17:14:50.777Z","2025-02-24T14:02:42.849Z"
"glance","0.4.0",119,"https://hex.pm/api/packages/glance/releases/0.4.0","2023-06-20T12:44:10.431Z","2023-06-20T12:44:08.247Z","2025-02-24T14:02:42.849Z"
"glance","0.4.1",123,"https://hex.pm/api/packages/glance/releases/0.4.1","2023-06-20T13:01:09.753Z","2023-06-20T13:01:07.533Z","2025-02-24T14:02:42.849Z"
"glance","0.5.0",122,"https://hex.pm/api/packages/glance/releases/0.5.0","2023-06-21T16:40:47.217Z","2023-06-21T16:40:45.041Z","2025-02-24T14:02:42.849Z"
"glance","0.5.1",136,"https://hex.pm/api/packages/glance/releases/0.5.1","2023-06-21T16:47:23.335Z","2023-06-21T16:47:21.165Z","2025-02-24T14:02:42.849Z"
"glance","0.5.2",128,"https://hex.pm/api/packages/glance/releases/0.5.2","2023-06-24T13:16:42.544Z","2023-06-24T13:16:40.019Z","2025-02-24T14:02:42.849Z"
"glance","0.6.0",128,"https://hex.pm/api/packages/glance/releases/0.6.0","2023-06-29T12:37:13.924Z","2023-06-29T12:37:11.697Z","2025-02-24T14:02:42.849Z"
"glance","0.6.1",407,"https://hex.pm/api/packages/glance/releases/0.6.1","2023-07-05T14:45:25.427Z","2023-07-05T14:45:23.050Z","2025-02-24T14:02:42.849Z"
"glance","0.6.2",161,"https://hex.pm/api/packages/glance/releases/0.6.2","2023-09-07T13:14:51.672Z","2023-09-07T13:14:49.076Z","2025-02-24T14:02:42.849Z"
"glance","0.7.0",188,"https://hex.pm/api/packages/glance/releases/0.7.0","2023-09-15T11:12:42.958Z","2023-09-15T11:12:39.641Z","2025-02-24T14:02:42.849Z"
"glance","0.7.1",346,"https://hex.pm/api/packages/glance/releases/0.7.1","2023-09-27T16:04:18.305Z","2023-09-27T16:04:15.597Z","2025-02-24T14:02:42.849Z"
"glance","0.8.0",328,"https://hex.pm/api/packages/glance/releases/0.8.0","2023-11-02T11:09:24.318Z","2023-11-02T11:09:21.887Z","2025-02-24T14:02:42.849Z"
"glance","0.8.1",1070,"https://hex.pm/api/packages/glance/releases/0.8.1","2023-12-05T13:43:18.761Z","2023-12-05T13:43:16.488Z","2025-02-24T14:02:42.849Z"
"glance","0.8.2",2971,"https://hex.pm/api/packages/glance/releases/0.8.2","2024-01-20T10:00:55.274Z","2024-01-20T10:00:52.683Z","2025-02-24T14:02:42.849Z"
"glance","0.9.0",294,"https://hex.pm/api/packages/glance/releases/0.9.0","2024-04-10T12:35:45.746Z","2024-04-10T12:35:43.392Z","2025-02-24T14:02:42.849Z"
"glance","1.0.0",2164,"https://hex.pm/api/packages/glance/releases/1.0.0","2024-09-30T21:09:33.292Z","2024-09-30T21:09:30.769Z","2025-02-24T14:02:42.849Z"
"glance","1.1.0",564,"https://hex.pm/api/packages/glance/releases/1.1.0","2024-12-04T14:57:02.670Z","2024-12-04T14:56:59.753Z","2025-02-24T14:02:42.849Z"
"glance","2.0.0",2644,"https://hex.pm/api/packages/glance/releases/2.0.0","2024-12-09T16:43:33.570Z","2024-12-09T16:43:30.835Z","2025-02-24T14:02:42.849Z"
"glance","2.0.1",312,"https://hex.pm/api/packages/glance/releases/2.0.1","2025-02-12T18:04:04.420Z","2025-02-12T18:04:01.390Z","2025-02-24T14:02:42.849Z"
"glance","3.0.0",20,"https://hex.pm/api/packages/glance/releases/3.0.0","2025-02-21T12:05:10.772Z","2025-02-21T12:05:07.918Z","2025-02-24T14:02:42.849Z"
"glance_printer","0.1.0",74,"https://hex.pm/api/packages/glance_printer/releases/0.1.0","2023-10-01T17:00:16.418Z","2023-10-01T16:49:44.736Z","2025-02-02T17:34:20.205Z"
"glance_printer","1.0.0",60,"https://hex.pm/api/packages/glance_printer/releases/1.0.0","2024-01-06T01:28:51.028Z","2024-01-06T01:28:48.534Z","2025-02-02T17:34:20.205Z"
"glance_printer","1.1.0",170,"https://hex.pm/api/packages/glance_printer/releases/1.1.0","2024-02-01T17:46:59.971Z","2024-02-01T17:46:57.636Z","2025-02-02T17:34:20.205Z"
"glance_printer","1.2.0",66,"https://hex.pm/api/packages/glance_printer/releases/1.2.0","2024-06-27T16:05:40.279Z","2024-06-27T16:05:37.705Z","2025-02-02T17:34:20.205Z"
"glance_printer","1.2.1",52,"https://hex.pm/api/packages/glance_printer/releases/1.2.1","2024-11-05T19:30:34.782Z","2024-11-05T19:30:31.552Z","2025-02-02T17:34:20.205Z"
"glance_printer","2.0.0",13,"https://hex.pm/api/packages/glance_printer/releases/2.0.0","2025-01-30T19:11:13.798Z","2025-01-30T19:11:11.209Z","2025-02-02T17:34:20.205Z"
"glanoid","1.0.0",23,"https://hex.pm/api/packages/glanoid/releases/1.0.0","2024-04-12T03:22:16.082Z","2024-04-12T03:22:13.335Z","2024-07-03T00:09:54.685Z"
"glanoid","1.0.1",40,"https://hex.pm/api/packages/glanoid/releases/1.0.1","2024-04-12T10:41:33.536Z","2024-04-12T10:41:31.079Z","2024-07-03T00:09:54.685Z"
"glare","0.1.0",41,"https://hex.pm/api/packages/glare/releases/0.1.0","2023-06-05T22:47:13.572Z","2023-06-05T22:47:11.330Z","2024-07-02T23:54:17.933Z"
"glare","0.1.1",45,"https://hex.pm/api/packages/glare/releases/0.1.1","2023-06-05T23:03:38.172Z","2023-06-05T23:03:35.553Z","2024-07-02T23:54:17.933Z"
"glare","0.1.2",47,"https://hex.pm/api/packages/glare/releases/0.1.2","2023-06-09T06:28:49.014Z","2023-06-09T06:28:46.946Z","2024-07-02T23:54:17.933Z"
"glare","0.1.3",64,"https://hex.pm/api/packages/glare/releases/0.1.3","2023-06-09T06:36:37.671Z","2023-06-09T06:36:35.260Z","2024-07-02T23:54:17.933Z"
"glare","0.1.4",48,"https://hex.pm/api/packages/glare/releases/0.1.4","2023-12-17T03:30:09.568Z","2023-12-17T03:30:07.087Z","2024-07-02T23:54:17.933Z"
"glare","0.1.5",19,"https://hex.pm/api/packages/glare/releases/0.1.5","2024-05-18T22:40:19.603Z","2024-05-18T22:40:17.189Z","2024-07-02T23:54:17.933Z"
"glat","0.1.0",14,"https://hex.pm/api/packages/glat/releases/0.1.0","2024-11-14T02:09:06.617Z","2024-11-14T02:02:29.710Z","2024-11-17T11:11:41.421Z"
"glatch","1.0.0",16,"https://hex.pm/api/packages/glatch/releases/1.0.0","2024-05-13T16:18:58.343Z","2024-05-13T16:18:55.853Z","2024-07-02T23:55:49.394Z"
"glatch","1.1.0",18,"https://hex.pm/api/packages/glatch/releases/1.1.0","2024-05-14T17:37:20.742Z","2024-05-14T17:37:17.541Z","2024-07-02T23:55:49.394Z"
"glatch","1.1.1",19,"https://hex.pm/api/packages/glatch/releases/1.1.1","2024-05-14T17:47:10.557Z","2024-05-14T17:47:07.880Z","2024-07-02T23:55:49.394Z"
"glats","0.1.0",81,"https://hex.pm/api/packages/glats/releases/0.1.0","2023-04-17T07:33:04.528Z","2023-04-17T07:29:00.972Z","2024-12-27T05:57:15.159Z"
"glats","0.1.1",82,"https://hex.pm/api/packages/glats/releases/0.1.1","2023-04-17T10:56:25.235Z","2023-04-17T10:56:23.020Z","2024-12-27T05:57:15.159Z"
"glats","0.2.0",83,"https://hex.pm/api/packages/glats/releases/0.2.0","2023-04-18T09:10:08.665Z","2023-04-18T09:10:06.409Z","2024-12-27T05:57:15.159Z"
"glats","0.3.0",88,"https://hex.pm/api/packages/glats/releases/0.3.0","2023-04-18T13:46:23.355Z","2023-04-18T12:55:41.169Z","2024-12-27T05:57:15.159Z"
"glats","0.3.1",80,"https://hex.pm/api/packages/glats/releases/0.3.1","2023-04-19T07:28:19.794Z","2023-04-19T07:28:17.364Z","2024-12-27T05:57:15.159Z"
"glats","0.4.0",84,"https://hex.pm/api/packages/glats/releases/0.4.0","2023-04-19T10:54:43.089Z","2023-04-19T10:54:40.761Z","2024-12-27T05:57:15.159Z"
"glats","0.4.1",81,"https://hex.pm/api/packages/glats/releases/0.4.1","2023-04-19T14:36:04.240Z","2023-04-19T14:36:02.078Z","2024-12-27T05:57:15.159Z"
"glats","0.5.0",82,"https://hex.pm/api/packages/glats/releases/0.5.0","2023-04-25T14:07:20.599Z","2023-04-25T14:07:18.417Z","2024-12-27T05:57:15.159Z"
"glats","0.5.1",91,"https://hex.pm/api/packages/glats/releases/0.5.1","2023-04-25T18:39:35.797Z","2023-04-25T18:39:32.911Z","2024-12-27T05:57:15.159Z"
"glats","0.5.2",78,"https://hex.pm/api/packages/glats/releases/0.5.2","2023-04-26T06:37:58.587Z","2023-04-26T06:37:56.048Z","2024-12-27T05:57:15.159Z"
"glats","0.6.0",75,"https://hex.pm/api/packages/glats/releases/0.6.0","2023-05-05T07:35:59.728Z","2023-05-05T07:35:57.080Z","2024-12-27T05:57:15.159Z"
"glats","0.6.1",82,"https://hex.pm/api/packages/glats/releases/0.6.1","2023-05-17T08:07:52.945Z","2023-05-17T08:07:50.635Z","2024-12-27T05:57:15.159Z"
"glats","0.7.0",59,"https://hex.pm/api/packages/glats/releases/0.7.0","2024-03-28T10:01:38.790Z","2024-03-28T10:01:35.068Z","2024-12-27T05:57:15.159Z"
"glats","0.8.0",20,"https://hex.pm/api/packages/glats/releases/0.8.0","2024-12-23T09:03:09.391Z","2024-12-23T09:03:06.193Z","2024-12-27T05:57:15.159Z"
"glatus","1.0.0",118,"https://hex.pm/api/packages/glatus/releases/1.0.0","2023-11-10T13:40:40.806Z","2023-11-10T13:40:38.064Z","2024-12-26T19:40:59.998Z"
"glatus","2.0.0",18,"https://hex.pm/api/packages/glatus/releases/2.0.0","2024-12-22T19:35:10.085Z","2024-12-22T19:35:07.011Z","2024-12-26T19:40:59.998Z"
"glbencode","1.0.0",19,"https://hex.pm/api/packages/glbencode/releases/1.0.0","2025-01-29T20:30:58.665Z","2025-01-29T20:20:53.943Z","2025-02-01T10:42:47.682Z"
"glcode","1.0.0",35,"https://hex.pm/api/packages/glcode/releases/1.0.0","2024-03-27T07:37:50.713Z","2024-03-27T07:37:48.402Z","2024-07-03T00:14:05.151Z"
"glcode","1.1.0",29,"https://hex.pm/api/packages/glcode/releases/1.1.0","2024-04-05T10:48:43.584Z","2024-04-05T10:48:41.229Z","2024-07-03T00:14:05.151Z"
"gleaf","1.0.0",19,"https://hex.pm/api/packages/gleaf/releases/1.0.0","2024-05-14T19:56:59.380Z","2024-05-14T19:56:56.590Z","2024-07-02T23:55:37.396Z"
"gleam","0.1.0",128,"https://hex.pm/api/packages/gleam/releases/0.1.0","2022-01-07T21:19:04.864Z","2022-01-07T21:19:01.831Z","2024-07-03T02:37:24.555Z"
"gleam_bbmustache","2.0.0",336,"https://hex.pm/api/packages/gleam_bbmustache/releases/2.0.0","2022-02-02T17:57:34.691Z","2022-02-02T17:57:31.553Z","2024-07-03T00:51:02.870Z"
"gleam_bbmustache","2.1.0",86,"https://hex.pm/api/packages/gleam_bbmustache/releases/2.1.0","2023-08-06T20:37:03.264Z","2023-08-06T20:37:00.903Z","2024-07-03T00:51:02.870Z"
"gleam_bbmustache","2.2.0",248,"https://hex.pm/api/packages/gleam_bbmustache/releases/2.2.0","2024-01-18T12:27:32.890Z","2024-01-18T12:27:30.487Z","2024-07-03T00:51:02.869Z"
"gleam_bitwise","1.1.0",285,"https://hex.pm/api/packages/gleam_bitwise/releases/1.1.0","2021-11-27T18:17:24.482Z","2021-11-27T18:17:21.508Z","2024-07-03T01:07:36.115Z"
"gleam_bitwise","1.2.0",3640,"https://hex.pm/api/packages/gleam_bitwise/releases/1.2.0","2022-05-29T10:14:20.628Z","2022-05-29T10:14:17.750Z","2024-07-03T01:07:36.115Z"
"gleam_bitwise","1.3.0",1047,"https://hex.pm/api/packages/gleam_bitwise/releases/1.3.0","2023-08-24T11:50:54.065Z","2023-08-24T11:50:51.487Z","2024-07-03T01:07:36.115Z"
"gleam_bitwise","1.3.1",3650,"https://hex.pm/api/packages/gleam_bitwise/releases/1.3.1","2023-11-06T18:23:51.718Z","2023-11-06T18:23:48.977Z","2024-07-03T01:07:36.115Z"
"gleam_bson","0.1.0",69,"https://hex.pm/api/packages/gleam_bson/releases/0.1.0","2023-10-05T15:23:23.323Z","2022-02-20T10:18:07.908Z","2024-07-03T01:14:09.886Z"
"gleam_bson","0.10.0",61,"https://hex.pm/api/packages/gleam_bson/releases/0.10.0","2023-10-05T15:22:54.540Z","2022-03-21T13:29:07.301Z","2024-07-03T01:14:09.885Z"
"gleam_bson","0.10.1",59,"https://hex.pm/api/packages/gleam_bson/releases/0.10.1","2023-10-05T15:22:51.344Z","2022-03-21T13:32:31.978Z","2024-07-03T01:14:09.885Z"
"gleam_bson","0.11.0",65,"https://hex.pm/api/packages/gleam_bson/releases/0.11.0","2023-10-05T15:22:48.183Z","2022-03-25T12:04:22.484Z","2024-07-03T01:14:09.885Z"
"gleam_bson","0.12.0",68,"https://hex.pm/api/packages/gleam_bson/releases/0.12.0","2023-10-05T15:22:45.010Z","2022-03-26T07:53:23.141Z","2024-07-03T01:14:09.885Z"
"gleam_bson","0.13.0",66,"https://hex.pm/api/packages/gleam_bson/releases/0.13.0","2023-10-05T15:22:41.844Z","2022-05-26T14:36:24.396Z","2024-07-03T01:14:09.885Z"
"gleam_bson","0.14.0",61,"https://hex.pm/api/packages/gleam_bson/releases/0.14.0","2023-10-05T15:22:35.684Z","2022-09-07T14:06:57.144Z","2024-07-03T01:14:09.885Z"
"gleam_bson","0.15.0",62,"https://hex.pm/api/packages/gleam_bson/releases/0.15.0","2023-10-05T15:22:32.110Z","2022-09-19T03:17:37.852Z","2024-07-03T01:14:09.885Z"
"gleam_bson","0.16.0",61,"https://hex.pm/api/packages/gleam_bson/releases/0.16.0","2023-10-05T15:22:28.862Z","2022-10-06T11:17:04.677Z","2024-07-03T01:14:09.885Z"
"gleam_bson","0.17.0",63,"https://hex.pm/api/packages/gleam_bson/releases/0.17.0","2023-10-05T15:22:25.648Z","2022-11-02T16:57:05.593Z","2024-07-03T01:14:09.885Z"
"gleam_bson","0.18.0",71,"https://hex.pm/api/packages/gleam_bson/releases/0.18.0","2023-10-05T15:22:22.324Z","2022-11-26T14:07:51.343Z","2024-07-03T01:14:09.885Z"
"gleam_bson","0.19.0",79,"https://hex.pm/api/packages/gleam_bson/releases/0.19.0","2023-10-05T15:22:18.989Z","2022-12-09T07:09:24.709Z","2024-07-03T01:14:09.885Z"
"gleam_bson","0.2.0",65,"https://hex.pm/api/packages/gleam_bson/releases/0.2.0","2023-10-05T15:23:20.219Z","2022-02-24T03:22:25.875Z","2024-07-03T01:14:09.886Z"
"gleam_bson","0.20.0",81,"https://hex.pm/api/packages/gleam_bson/releases/0.20.0","2023-10-05T15:22:15.779Z","2022-12-27T15:27:40.044Z","2024-07-03T01:14:09.885Z"
"gleam_bson","0.21.0",51,"https://hex.pm/api/packages/gleam_bson/releases/0.21.0","2023-10-05T15:22:12.514Z","2023-03-01T18:40:39.882Z","2024-07-03T01:14:09.885Z"
"gleam_bson","0.22.0",45,"https://hex.pm/api/packages/gleam_bson/releases/0.22.0","2023-10-05T15:22:09.287Z","2023-04-01T05:04:05.755Z","2024-07-03T01:14:09.885Z"
"gleam_bson","0.23.0",44,"https://hex.pm/api/packages/gleam_bson/releases/0.23.0","2023-10-05T15:22:05.966Z","2023-04-02T09:02:17.146Z","2024-07-03T01:14:09.884Z"
"gleam_bson","0.24.0",45,"https://hex.pm/api/packages/gleam_bson/releases/0.24.0","2023-10-05T15:22:02.365Z","2023-04-29T18:12:03.801Z","2024-07-03T01:14:09.884Z"
"gleam_bson","0.25.0",53,"https://hex.pm/api/packages/gleam_bson/releases/0.25.0","2023-10-05T15:21:59.059Z","2023-05-10T06:14:36.193Z","2024-07-03T01:14:09.884Z"
"gleam_bson","0.26.0",51,"https://hex.pm/api/packages/gleam_bson/releases/0.26.0","2023-10-05T15:21:55.762Z","2023-07-18T07:24:38.293Z","2024-07-03T01:14:09.884Z"
"gleam_bson","0.27.0",42,"https://hex.pm/api/packages/gleam_bson/releases/0.27.0","2023-10-05T15:21:51.726Z","2023-09-29T03:01:43.774Z","2024-07-03T01:14:09.884Z"
"gleam_bson","0.3.0",59,"https://hex.pm/api/packages/gleam_bson/releases/0.3.0","2023-10-05T15:23:17.012Z","2022-02-27T04:05:25.626Z","2024-07-03T01:14:09.886Z"
"gleam_bson","0.4.0",58,"https://hex.pm/api/packages/gleam_bson/releases/0.4.0","2023-10-05T15:23:13.630Z","2022-03-04T09:34:37.643Z","2024-07-03T01:14:09.886Z"
"gleam_bson","0.5.0",56,"https://hex.pm/api/packages/gleam_bson/releases/0.5.0","2023-10-05T15:23:10.520Z","2022-03-04T09:37:44.374Z","2024-07-03T01:14:09.886Z"
"gleam_bson","0.6.0",59,"https://hex.pm/api/packages/gleam_bson/releases/0.6.0","2023-10-05T15:23:07.352Z","2022-03-17T06:57:33.496Z","2024-07-03T01:14:09.886Z"
"gleam_bson","0.7.0",58,"https://hex.pm/api/packages/gleam_bson/releases/0.7.0","2023-10-05T15:23:04.213Z","2022-03-17T16:20:57.440Z","2024-07-03T01:14:09.886Z"
"gleam_bson","0.8.0",55,"https://hex.pm/api/packages/gleam_bson/releases/0.8.0","2023-10-05T15:23:00.886Z","2022-03-18T12:05:59.071Z","2024-07-03T01:14:09.886Z"
"gleam_bson","0.9.0",73,"https://hex.pm/api/packages/gleam_bson/releases/0.9.0","2023-10-05T15:22:57.696Z","2022-03-20T18:14:08.263Z","2024-07-03T01:14:09.885Z"
"gleam_community_ansi","1.0.0",98,"https://hex.pm/api/packages/gleam_community_ansi/releases/1.0.0","2022-12-28T20:00:39.677Z","2022-12-28T20:00:39.063Z","2025-03-12T00:43:37.080Z"
"gleam_community_ansi","1.1.0",2437,"https://hex.pm/api/packages/gleam_community_ansi/releases/1.1.0","2023-01-23T15:07:11.628Z","2023-01-23T15:07:10.712Z","2025-03-12T00:43:37.080Z"
"gleam_community_ansi","1.2.0",728,"https://hex.pm/api/packages/gleam_community_ansi/releases/1.2.0","2023-11-01T17:49:20.485Z","2023-11-01T17:49:18.339Z","2025-03-12T00:43:37.080Z"
"gleam_community_ansi","1.3.0",149,"https://hex.pm/api/packages/gleam_community_ansi/releases/1.3.0","2023-12-22T17:22:40.953Z","2023-12-22T17:22:38.499Z","2025-03-12T00:43:37.080Z"
"gleam_community_ansi","1.4.0",17795,"https://hex.pm/api/packages/gleam_community_ansi/releases/1.4.0","2024-01-06T18:46:34.933Z","2024-01-06T18:46:32.809Z","2025-03-12T00:43:37.080Z"
"gleam_community_ansi","1.4.1",22542,"https://hex.pm/api/packages/gleam_community_ansi/releases/1.4.1","2024-08-12T21:31:55.186Z","2024-08-12T21:31:51.867Z","2025-03-12T00:43:37.080Z"
"gleam_community_ansi","1.4.2",12891,"https://hex.pm/api/packages/gleam_community_ansi/releases/1.4.2","2024-12-22T15:55:34.962Z","2024-12-22T15:55:32.323Z","2025-03-12T00:43:37.080Z"
"gleam_community_ansi","1.4.3",178,"https://hex.pm/api/packages/gleam_community_ansi/releases/1.4.3","2025-03-09T12:33:03.805Z","2025-03-09T12:33:01.256Z","2025-03-12T00:43:37.080Z"
"gleam_community_colour","1.0.0",868,"https://hex.pm/api/packages/gleam_community_colour/releases/1.0.0","2023-01-22T18:01:52.213Z","2023-01-22T18:01:51.347Z","2025-03-11T14:24:56.759Z"
"gleam_community_colour","1.1.0",1739,"https://hex.pm/api/packages/gleam_community_colour/releases/1.1.0","2023-03-03T15:55:17.078Z","2023-03-03T15:55:14.973Z","2025-03-11T14:24:56.759Z"
"gleam_community_colour","1.2.0",807,"https://hex.pm/api/packages/gleam_community_colour/releases/1.2.0","2023-11-01T17:30:27.096Z","2023-11-01T17:30:24.647Z","2025-03-11T14:24:56.759Z"
"gleam_community_colour","1.3.0",8517,"https://hex.pm/api/packages/gleam_community_colour/releases/1.3.0","2023-12-22T17:10:48.458Z","2023-12-22T17:10:45.881Z","2025-03-11T14:24:56.759Z"
"gleam_community_colour","1.4.0",25895,"https://hex.pm/api/packages/gleam_community_colour/releases/1.4.0","2024-03-23T22:14:36.475Z","2024-03-23T22:14:34.281Z","2025-03-11T14:24:56.759Z"
"gleam_community_colour","1.4.1",21240,"https://hex.pm/api/packages/gleam_community_colour/releases/1.4.1","2024-11-17T12:33:38.194Z","2024-11-17T12:33:35.768Z","2025-03-11T14:24:56.759Z"
"gleam_community_colour","2.0.0",94,"https://hex.pm/api/packages/gleam_community_colour/releases/2.0.0","2025-03-09T10:59:32.065Z","2025-03-09T10:59:29.490Z","2025-03-11T14:24:56.759Z"
"gleam_community_maths","1.0.0",185,"https://hex.pm/api/packages/gleam_community_maths/releases/1.0.0","2023-09-18T08:14:29.001Z","2023-09-18T08:14:26.659Z","2025-04-07T15:39:43.979Z"
"gleam_community_maths","1.0.1",74,"https://hex.pm/api/packages/gleam_community_maths/releases/1.0.1","2023-12-09T00:28:21.930Z","2023-12-09T00:28:19.806Z","2025-04-07T15:39:43.979Z"
"gleam_community_maths","1.0.2",102,"https://hex.pm/api/packages/gleam_community_maths/releases/1.0.2","2023-12-19T11:30:25.601Z","2023-12-19T11:30:22.778Z","2025-04-07T15:39:43.979Z"
"gleam_community_maths","1.1.0",264,"https://hex.pm/api/packages/gleam_community_maths/releases/1.1.0","2024-03-11T23:29:34.840Z","2024-03-11T23:29:32.061Z","2025-04-07T15:39:43.979Z"
"gleam_community_maths","1.1.1",1570,"https://hex.pm/api/packages/gleam_community_maths/releases/1.1.1","2024-05-25T00:43:59.163Z","2024-05-25T00:43:56.669Z","2025-04-07T15:39:43.979Z"
"gleam_community_maths","2.0.0",24,"https://hex.pm/api/packages/gleam_community_maths/releases/2.0.0","2025-04-03T22:48:02.992Z","2025-04-03T22:48:00.083Z","2025-04-07T15:39:43.979Z"
"gleam_community_path","0.1.0",331,"https://hex.pm/api/packages/gleam_community_path/releases/0.1.0","2023-11-10T02:48:40.937Z","2023-11-10T02:48:38.587Z","2024-07-03T01:06:13.106Z"
"gleam_cors","0.1.0",65,"https://hex.pm/api/packages/gleam_cors/releases/0.1.0","2024-01-31T22:13:43.722Z","2022-02-27T10:03:00.154Z","2024-07-03T00:47:56.801Z"
"gleam_cors","0.1.1",75,"https://hex.pm/api/packages/gleam_cors/releases/0.1.1","2024-01-31T22:13:36.000Z","2022-05-21T17:44:48.508Z","2024-07-03T00:47:56.801Z"
"gleam_cors","0.2.0",80,"https://hex.pm/api/packages/gleam_cors/releases/0.2.0","2024-01-31T22:13:07.101Z","2023-06-01T22:08:34.514Z","2024-07-03T00:47:56.801Z"
"gleam_cowboy","0.3.0",120,"https://hex.pm/api/packages/gleam_cowboy/releases/0.3.0","2021-12-03T22:03:35.187Z","2021-12-03T22:03:31.874Z","2024-12-10T23:35:08.369Z"
"gleam_cowboy","0.4.0",132,"https://hex.pm/api/packages/gleam_cowboy/releases/0.4.0","2022-02-05T14:03:10.695Z","2022-02-05T14:03:07.368Z","2024-12-10T23:35:08.369Z"
"gleam_cowboy","0.5.0",247,"https://hex.pm/api/packages/gleam_cowboy/releases/0.5.0","2022-09-10T10:10:32.078Z","2022-09-10T10:10:28.024Z","2024-12-10T23:35:08.369Z"
"gleam_cowboy","0.6.0",104,"https://hex.pm/api/packages/gleam_cowboy/releases/0.6.0","2023-11-06T12:25:22.422Z","2023-11-06T12:25:19.965Z","2024-12-10T23:35:08.369Z"
"gleam_cowboy","0.7.0",308,"https://hex.pm/api/packages/gleam_cowboy/releases/0.7.0","2024-03-20T20:28:18.116Z","2024-03-20T20:28:15.493Z","2024-12-10T23:35:08.369Z"
"gleam_cowboy","1.0.0",14,"https://hex.pm/api/packages/gleam_cowboy/releases/1.0.0","2024-12-08T11:51:25.345Z","2024-12-08T11:51:22.731Z","2024-12-10T23:35:08.369Z"
"gleam_cowboy_websockets","0.1.0",72,"https://hex.pm/api/packages/gleam_cowboy_websockets/releases/0.1.0","2022-04-04T00:34:44.586Z","2022-04-04T00:34:41.270Z","2024-07-03T02:26:28.504Z"
"gleam_crypto","0.3.0",591,"https://hex.pm/api/packages/gleam_crypto/releases/0.3.0","2022-01-29T17:54:08.239Z","2022-01-29T17:54:05.337Z","2025-04-01T15:23:45.758Z"
"gleam_crypto","0.3.1",455,"https://hex.pm/api/packages/gleam_crypto/releases/0.3.1","2023-03-07T15:54:31.839Z","2023-03-07T15:54:29.262Z","2025-04-01T15:23:45.758Z"
"gleam_crypto","0.4.0",746,"https://hex.pm/api/packages/gleam_crypto/releases/0.4.0","2023-08-03T13:08:57.921Z","2023-08-03T13:08:55.675Z","2025-04-01T15:23:45.758Z"
"gleam_crypto","0.5.0",160,"https://hex.pm/api/packages/gleam_crypto/releases/0.5.0","2023-11-06T18:41:39.409Z","2023-11-06T18:41:37.107Z","2025-04-01T15:23:45.758Z"
"gleam_crypto","0.5.1",864,"https://hex.pm/api/packages/gleam_crypto/releases/0.5.1","2023-11-13T12:14:02.197Z","2023-11-13T12:14:00.094Z","2025-04-01T15:23:45.758Z"
"gleam_crypto","1.0.0",521,"https://hex.pm/api/packages/gleam_crypto/releases/1.0.0","2024-01-15T11:33:45.988Z","2024-01-15T11:33:43.626Z","2025-04-01T15:23:45.758Z"
"gleam_crypto","1.1.0",64,"https://hex.pm/api/packages/gleam_crypto/releases/1.1.0","2024-02-15T15:29:55.592Z","2024-02-15T15:29:53.105Z","2025-04-01T15:23:45.758Z"
"gleam_crypto","1.2.0",60,"https://hex.pm/api/packages/gleam_crypto/releases/1.2.0","2024-02-15T17:27:00.182Z","2024-02-15T17:26:57.865Z","2025-04-01T15:23:45.758Z"
"gleam_crypto","1.3.0",38951,"https://hex.pm/api/packages/gleam_crypto/releases/1.3.0","2024-02-15T17:51:12.603Z","2024-02-15T17:51:09.993Z","2025-04-01T15:23:45.758Z"
"gleam_crypto","1.4.0",74262,"https://hex.pm/api/packages/gleam_crypto/releases/1.4.0","2024-09-30T21:28:27.712Z","2024-09-30T21:28:25.196Z","2025-04-01T15:23:45.758Z"
"gleam_crypto","1.5.0",435,"https://hex.pm/api/packages/gleam_crypto/releases/1.5.0","2025-03-29T13:37:56.483Z","2025-03-29T13:37:54.136Z","2025-04-01T15:23:45.758Z"
"gleam_deno","0.1.0",1006,"https://hex.pm/api/packages/gleam_deno/releases/0.1.0","2023-01-19T15:10:06.272Z","2023-01-19T15:10:05.458Z","2024-07-03T01:54:48.331Z"
"gleam_deque","1.0.0",32,"https://hex.pm/api/packages/gleam_deque/releases/1.0.0","2024-11-20T18:14:26.493Z","2024-11-20T18:14:23.578Z","2024-11-25T14:02:53.595Z"
"gleam_dotenv","1.0.0",51,"https://hex.pm/api/packages/gleam_dotenv/releases/1.0.0","2023-10-25T01:10:08.621Z","2023-10-25T01:10:06.125Z","2024-07-03T01:10:58.256Z"
"gleam_dotenv","1.0.1",49,"https://hex.pm/api/packages/gleam_dotenv/releases/1.0.1","2023-10-25T01:35:16.821Z","2023-10-25T01:11:45.408Z","2024-07-03T01:10:58.256Z"
"gleam_elli","0.5.0",270,"https://hex.pm/api/packages/gleam_elli/releases/0.5.0","2021-12-03T21:58:58.890Z","2021-12-03T21:58:55.485Z","2024-11-21T07:29:43.672Z"
"gleam_elli","1.0.0",330,"https://hex.pm/api/packages/gleam_elli/releases/1.0.0","2022-01-29T22:39:21.366Z","2022-01-29T22:39:18.508Z","2024-11-21T07:29:43.672Z"
"gleam_elli","1.1.0",107,"https://hex.pm/api/packages/gleam_elli/releases/1.1.0","2022-02-16T12:05:24.130Z","2022-02-16T12:05:21.094Z","2024-11-21T07:29:43.672Z"
"gleam_elli","1.1.1",490,"https://hex.pm/api/packages/gleam_elli/releases/1.1.1","2022-02-17T12:18:16.878Z","2022-02-17T12:18:13.800Z","2024-11-21T07:29:43.672Z"
"gleam_elli","2.0.0",321,"https://hex.pm/api/packages/gleam_elli/releases/2.0.0","2022-09-10T10:04:46.879Z","2022-09-10T10:04:42.690Z","2024-11-21T07:29:43.672Z"
"gleam_elli","2.1.0",196,"https://hex.pm/api/packages/gleam_elli/releases/2.1.0","2023-02-14T10:58:49.910Z","2023-02-14T10:58:47.592Z","2024-11-21T07:29:43.672Z"
"gleam_elli","2.2.0",122,"https://hex.pm/api/packages/gleam_elli/releases/2.2.0","2023-08-03T13:04:33.307Z","2023-08-03T13:04:31.004Z","2024-11-21T07:29:43.672Z"
"gleam_elli","2.3.0",230,"https://hex.pm/api/packages/gleam_elli/releases/2.3.0","2023-11-06T18:48:31.809Z","2023-11-06T18:48:29.512Z","2024-11-21T07:29:43.672Z"
"gleam_elli","2.4.0",697,"https://hex.pm/api/packages/gleam_elli/releases/2.4.0","2024-03-12T12:09:55.248Z","2024-03-12T12:09:52.902Z","2024-11-21T07:29:43.672Z"
"gleam_elli","2.4.1",295,"https://hex.pm/api/packages/gleam_elli/releases/2.4.1","2024-08-15T13:44:48.559Z","2024-08-15T13:44:46.061Z","2024-11-21T07:29:43.672Z"
"gleam_elli","2.4.2",12,"https://hex.pm/api/packages/gleam_elli/releases/2.4.2","2024-11-19T17:35:42.778Z","2024-11-19T17:35:40.076Z","2024-11-21T07:29:43.672Z"
"gleam_email","0.1.0",60,"https://hex.pm/api/packages/gleam_email/releases/0.1.0","2022-02-08T22:35:10.396Z","2022-02-08T22:35:07.020Z","2024-07-03T02:33:34.569Z"
"gleam_erlang","0.10.0",129,"https://hex.pm/api/packages/gleam_erlang/releases/0.10.0","2022-07-19T18:36:00.020Z","2022-07-19T18:35:55.826Z","2025-04-28T16:52:12.755Z"
"gleam_erlang","0.11.0",86,"https://hex.pm/api/packages/gleam_erlang/releases/0.11.0","2022-07-30T20:47:45.711Z","2022-07-30T20:47:41.525Z","2025-04-28T16:52:12.755Z"
"gleam_erlang","0.12.0",86,"https://hex.pm/api/packages/gleam_erlang/releases/0.12.0","2022-07-30T20:53:42.669Z","2022-07-30T20:53:38.550Z","2025-04-28T16:52:12.755Z"
"gleam_erlang","0.13.0",95,"https://hex.pm/api/packages/gleam_erlang/releases/0.13.0","2022-07-30T21:53:37.900Z","2022-07-30T21:53:34.274Z","2025-04-28T16:52:12.755Z"
"gleam_erlang","0.14.0",112,"https://hex.pm/api/packages/gleam_erlang/releases/0.14.0","2022-08-01T19:37:25.903Z","2022-08-01T19:37:22.531Z","2025-04-28T16:52:12.755Z"
"gleam_erlang","0.15.0",1849,"https://hex.pm/api/packages/gleam_erlang/releases/0.15.0","2022-08-07T17:03:18.400Z","2022-08-07T17:03:14.514Z","2025-04-28T16:52:12.755Z"
"gleam_erlang","0.16.0",95,"https://hex.pm/api/packages/gleam_erlang/releases/0.16.0","2022-10-13T11:54:08.067Z","2022-10-13T11:54:04.610Z","2025-04-28T16:52:12.755Z"
"gleam_erlang","0.17.0",740,"https://hex.pm/api/packages/gleam_erlang/releases/0.17.0","2022-10-20T15:03:17.003Z","2022-10-20T15:03:13.374Z","2025-04-28T16:52:12.755Z"
"gleam_erlang","0.17.1",766,"https://hex.pm/api/packages/gleam_erlang/releases/0.17.1","2022-12-08T21:36:25.569Z","2022-12-08T21:36:24.672Z","2025-04-28T16:52:12.755Z"
"gleam_erlang","0.18.0",1248,"https://hex.pm/api/packages/gleam_erlang/releases/0.18.0","2023-02-03T13:30:16.504Z","2023-02-03T13:30:13.971Z","2025-04-28T16:52:12.755Z"
"gleam_erlang","0.18.0-rc1",78,"https://hex.pm/api/packages/gleam_erlang/releases/0.18.0-rc1","2021-11-23T18:27:28.769Z","2021-11-23T18:26:11.845Z","2025-04-28T16:52:12.755Z"
"gleam_erlang","0.18.1",3072,"https://hex.pm/api/packages/gleam_erlang/releases/0.18.1","2023-03-02T10:01:14.042Z","2023-03-02T10:01:11.770Z","2025-04-28T16:52:12.755Z"
"gleam_erlang","0.19.0",1696,"https://hex.pm/api/packages/gleam_erlang/releases/0.19.0","2023-05-17T14:10:00.723Z","2023-05-17T14:09:58.376Z","2025-04-28T16:52:12.755Z"
"gleam_erlang","0.2.0",201,"https://hex.pm/api/packages/gleam_erlang/releases/0.2.0","2021-11-23T18:32:36.571Z","2021-11-23T18:32:33.486Z","2025-04-28T16:52:12.755Z"
"gleam_erlang","0.20.0",592,"https://hex.pm/api/packages/gleam_erlang/releases/0.20.0","2023-08-03T11:20:01.862Z","2023-08-03T11:19:59.461Z","2025-04-28T16:52:12.755Z"
"gleam_erlang","0.21.0",1292,"https://hex.pm/api/packages/gleam_erlang/releases/0.21.0","2023-08-25T10:43:43.965Z","2023-08-25T10:43:41.495Z","2025-04-28T16:52:12.755Z"
"gleam_erlang","0.22.0",1763,"https://hex.pm/api/packages/gleam_erlang/releases/0.22.0","2023-08-30T09:26:49.536Z","2023-08-30T09:26:46.750Z","2025-04-28T16:52:12.754Z"
"gleam_erlang","0.23.0",950,"https://hex.pm/api/packages/gleam_erlang/releases/0.23.0","2023-11-02T17:35:47.127Z","2023-11-02T17:35:44.040Z","2025-04-28T16:52:12.754Z"
"gleam_erlang","0.23.1",2825,"https://hex.pm/api/packages/gleam_erlang/releases/0.23.1","2023-11-15T17:08:49.112Z","2023-11-15T17:08:46.824Z","2025-04-28T16:52:12.754Z"
"gleam_erlang","0.24.0",44316,"https://hex.pm/api/packages/gleam_erlang/releases/0.24.0","2024-01-03T22:47:37.763Z","2024-01-03T22:47:35.459Z","2025-04-28T16:52:12.754Z"
"gleam_erlang","0.25.0",91478,"https://hex.pm/api/packages/gleam_erlang/releases/0.25.0","2024-03-20T21:00:42.960Z","2024-03-20T21:00:40.007Z","2025-04-28T16:52:12.754Z"
"gleam_erlang","0.26.0",9921,"https://hex.pm/api/packages/gleam_erlang/releases/0.26.0","2024-09-03T15:46:10.954Z","2024-09-03T15:46:08.337Z","2025-04-28T16:52:12.754Z"
"gleam_erlang","0.27.0",21011,"https://hex.pm/api/packages/gleam_erlang/releases/0.27.0","2024-09-30T09:37:30.735Z","2024-09-30T09:37:28.162Z","2025-04-28T16:52:12.754Z"
"gleam_erlang","0.28.0",5311,"https://hex.pm/api/packages/gleam_erlang/releases/0.28.0","2024-10-24T11:12:35.248Z","2024-10-24T11:12:32.650Z","2025-04-28T16:52:12.754Z"
"gleam_erlang","0.29.0",417,"https://hex.pm/api/packages/gleam_erlang/releases/0.29.0","2024-11-10T21:43:27.166Z","2024-11-10T21:43:23.570Z","2025-04-28T16:52:12.754Z"
"gleam_erlang","0.3.0",100,"https://hex.pm/api/packages/gleam_erlang/releases/0.3.0","2021-11-27T11:47:35.228Z","2021-11-27T11:47:32.310Z","2025-04-28T16:52:12.755Z"
"gleam_erlang","0.30.0",8271,"https://hex.pm/api/packages/gleam_erlang/releases/0.30.0","2024-11-11T21:52:29.148Z","2024-11-11T21:52:25.701Z","2025-04-28T16:52:12.754Z"
"gleam_erlang","0.31.0",410,"https://hex.pm/api/packages/gleam_erlang/releases/0.31.0","2024-11-27T16:26:08.831Z","2024-11-27T16:26:06.150Z","2025-04-28T16:52:12.754Z"
"gleam_erlang","0.32.0",3510,"https://hex.pm/api/packages/gleam_erlang/releases/0.32.0","2024-11-28T11:37:20.450Z","2024-11-28T11:37:17.430Z","2025-04-28T16:52:12.754Z"
"gleam_erlang","0.33.0",34044,"https://hex.pm/api/packages/gleam_erlang/releases/0.33.0","2024-12-05T14:15:28.836Z","2024-12-05T14:15:25.979Z","2025-04-28T16:52:12.754Z"
"gleam_erlang","0.34.0",43185,"https://hex.pm/api/packages/gleam_erlang/releases/0.34.0","2025-02-02T17:13:36.265Z","2025-02-02T17:13:31.850Z","2025-04-28T16:52:12.754Z"
"gleam_erlang","0.4.0",318,"https://hex.pm/api/packages/gleam_erlang/releases/0.4.0","2021-11-27T12:36:34.222Z","2021-11-27T12:36:31.176Z","2025-04-28T16:52:12.755Z"
"gleam_erlang","0.5.0",1012,"https://hex.pm/api/packages/gleam_erlang/releases/0.5.0","2021-12-04T14:18:44.441Z","2021-12-04T14:18:41.515Z","2025-04-28T16:52:12.755Z"
"gleam_erlang","0.6.0",197,"https://hex.pm/api/packages/gleam_erlang/releases/0.6.0","2021-12-29T21:38:06.139Z","2021-12-29T21:38:03.113Z","2025-04-28T16:52:12.755Z"
"gleam_erlang","0.7.0",144,"https://hex.pm/api/packages/gleam_erlang/releases/0.7.0","2022-01-13T23:36:20.888Z","2022-01-13T23:36:17.926Z","2025-04-28T16:52:12.755Z"
"gleam_erlang","0.8.0",188,"https://hex.pm/api/packages/gleam_erlang/releases/0.8.0","2022-01-18T18:06:03.421Z","2022-01-18T18:05:59.977Z","2025-04-28T16:52:12.755Z"
"gleam_erlang","0.9.0",289,"https://hex.pm/api/packages/gleam_erlang/releases/0.9.0","2022-01-26T18:39:09.467Z","2022-01-26T18:39:06.307Z","2025-04-28T16:52:12.755Z"
"gleam_erlang","0.9.1",229,"https://hex.pm/api/packages/gleam_erlang/releases/0.9.1","2022-02-04T16:46:39.331Z","2022-02-04T16:46:36.085Z","2025-04-28T16:52:12.755Z"
"gleam_erlang","0.9.2",749,"https://hex.pm/api/packages/gleam_erlang/releases/0.9.2","2022-02-07T22:35:55.976Z","2022-02-07T22:35:52.759Z","2025-04-28T16:52:12.755Z"
"gleam_erlang","0.9.3",481,"https://hex.pm/api/packages/gleam_erlang/releases/0.9.3","2022-05-24T11:03:02.835Z","2022-05-24T11:02:59.817Z","2025-04-28T16:52:12.755Z"
"gleam_erlang","1.0.0-rc1",16,"https://hex.pm/api/packages/gleam_erlang/releases/1.0.0-rc1","2025-04-24T20:34:39.975Z","2025-04-24T20:34:37.380Z","2025-04-28T16:52:12.754Z"
"gleam_erlexec","0.0.1",73,"https://hex.pm/api/packages/gleam_erlexec/releases/0.0.1","2024-03-22T21:28:15.660Z","2022-09-09T21:57:04.386Z","2024-07-03T00:21:10.720Z"
"gleam_fetch","0.1.0",649,"https://hex.pm/api/packages/gleam_fetch/releases/0.1.0","2022-12-29T16:49:01.555Z","2022-12-29T16:49:00.884Z","2025-04-01T15:23:49.278Z"
"gleam_fetch","0.2.0",231,"https://hex.pm/api/packages/gleam_fetch/releases/0.2.0","2023-08-03T11:56:35.419Z","2023-08-03T11:56:33.090Z","2025-04-01T15:23:49.278Z"
"gleam_fetch","0.2.1",158,"https://hex.pm/api/packages/gleam_fetch/releases/0.2.1","2023-09-30T14:07:25.009Z","2023-09-30T14:07:22.464Z","2025-04-01T15:23:49.278Z"
"gleam_fetch","0.3.0",151,"https://hex.pm/api/packages/gleam_fetch/releases/0.3.0","2023-11-06T14:32:37.020Z","2023-11-06T14:32:34.738Z","2025-04-01T15:23:49.278Z"
"gleam_fetch","0.3.1",276,"https://hex.pm/api/packages/gleam_fetch/releases/0.3.1","2024-01-16T13:39:59.390Z","2024-01-16T13:39:56.824Z","2025-04-01T15:23:49.278Z"
"gleam_fetch","0.4.0",7576,"https://hex.pm/api/packages/gleam_fetch/releases/0.4.0","2024-03-07T12:53:40.481Z","2024-03-07T12:53:38.171Z","2025-04-01T15:23:49.278Z"
"gleam_fetch","1.0.0",204,"https://hex.pm/api/packages/gleam_fetch/releases/1.0.0","2024-04-22T19:39:32.634Z","2024-04-22T19:39:30.036Z","2025-04-01T15:23:49.278Z"
"gleam_fetch","1.0.1",10631,"https://hex.pm/api/packages/gleam_fetch/releases/1.0.1","2024-06-12T12:06:07.054Z","2024-06-12T12:06:04.484Z","2025-04-01T15:23:49.278Z"
"gleam_fetch","1.1.0",13229,"https://hex.pm/api/packages/gleam_fetch/releases/1.1.0","2024-11-19T13:18:25.950Z","2024-11-19T13:18:23.171Z","2025-04-01T15:23:49.278Z"
"gleam_fetch","1.1.1",12996,"https://hex.pm/api/packages/gleam_fetch/releases/1.1.1","2025-02-06T11:37:53.500Z","2025-02-06T11:37:50.588Z","2025-04-01T15:23:49.277Z"
"gleam_fetch","1.2.0",218,"https://hex.pm/api/packages/gleam_fetch/releases/1.2.0","2025-03-20T12:41:40.473Z","2025-03-20T12:41:37.976Z","2025-04-01T15:23:49.277Z"
"gleam_fetch","1.3.0",74,"https://hex.pm/api/packages/gleam_fetch/releases/1.3.0","2025-03-29T11:36:29.370Z","2025-03-29T11:36:26.748Z","2025-04-01T15:23:49.277Z"
"gleam_gun","0.4.0",61,"https://hex.pm/api/packages/gleam_gun/releases/0.4.0","2022-12-20T22:03:29.623Z","2022-12-20T22:03:28.921Z","2024-07-03T00:47:08.922Z"
"gleam_gun","0.4.1",67,"https://hex.pm/api/packages/gleam_gun/releases/0.4.1","2022-12-20T22:48:30.136Z","2022-12-20T22:48:29.508Z","2024-07-03T00:47:08.922Z"
"gleam_gun","0.4.2",64,"https://hex.pm/api/packages/gleam_gun/releases/0.4.2","2023-04-06T02:48:26.197Z","2023-04-06T02:48:23.921Z","2024-07-03T00:47:08.922Z"
"gleam_gun","0.5.0",50,"https://hex.pm/api/packages/gleam_gun/releases/0.5.0","2024-02-04T01:07:40.990Z","2024-02-04T01:07:38.709Z","2024-07-03T00:47:08.922Z"
"gleam_hackney","0.1.0",158,"https://hex.pm/api/packages/gleam_hackney/releases/0.1.0","2021-12-26T16:23:26.866Z","2021-12-26T16:23:23.651Z","2025-02-08T17:34:16.702Z"
"gleam_hackney","0.2.0",310,"https://hex.pm/api/packages/gleam_hackney/releases/0.2.0","2022-01-31T21:24:08.223Z","2022-01-31T21:24:05.362Z","2025-02-08T17:34:16.702Z"
"gleam_hackney","0.2.1",925,"https://hex.pm/api/packages/gleam_hackney/releases/0.2.1","2022-05-24T11:00:24.292Z","2022-05-24T11:00:21.210Z","2025-02-08T17:34:16.702Z"
"gleam_hackney","1.0.0",598,"https://hex.pm/api/packages/gleam_hackney/releases/1.0.0","2023-03-02T10:35:07.171Z","2023-03-02T10:35:04.952Z","2025-02-08T17:34:16.702Z"
"gleam_hackney","1.1.0",652,"https://hex.pm/api/packages/gleam_hackney/releases/1.1.0","2023-08-03T12:53:14.831Z","2023-08-03T12:53:11.806Z","2025-02-08T17:34:16.702Z"
"gleam_hackney","1.2.0",13563,"https://hex.pm/api/packages/gleam_hackney/releases/1.2.0","2023-11-06T19:02:46.569Z","2023-11-06T19:02:44.130Z","2025-02-08T17:34:16.701Z"
"gleam_hackney","1.3.0",5613,"https://hex.pm/api/packages/gleam_hackney/releases/1.3.0","2024-12-07T23:08:47.894Z","2024-12-07T23:08:45.430Z","2025-02-08T17:34:16.701Z"
"gleam_hackney","1.3.1",48,"https://hex.pm/api/packages/gleam_hackney/releases/1.3.1","2025-02-06T11:52:28.787Z","2025-02-06T11:52:25.993Z","2025-02-08T17:34:16.701Z"
"gleam_hexpm","0.1.0",185,"https://hex.pm/api/packages/gleam_hexpm/releases/0.1.0","2023-05-01T16:32:36.119Z","2023-05-01T16:32:34.092Z","2025-04-08T12:15:32.566Z"
"gleam_hexpm","0.2.0",70,"https://hex.pm/api/packages/gleam_hexpm/releases/0.2.0","2023-11-07T15:55:50.425Z","2023-11-07T15:55:48.285Z","2025-04-08T12:15:32.566Z"
"gleam_hexpm","1.0.0",553,"https://hex.pm/api/packages/gleam_hexpm/releases/1.0.0","2024-01-15T11:03:04.509Z","2024-01-15T11:03:02.173Z","2025-04-08T12:15:32.566Z"
"gleam_hexpm","1.1.0",3533,"https://hex.pm/api/packages/gleam_hexpm/releases/1.1.0","2024-06-12T12:33:20.271Z","2024-06-12T12:33:17.794Z","2025-04-08T12:15:32.566Z"
"gleam_hexpm","2.0.0",2231,"https://hex.pm/api/packages/gleam_hexpm/releases/2.0.0","2024-12-22T15:56:08.927Z","2024-12-22T15:56:05.756Z","2025-04-08T12:15:32.566Z"
"gleam_hexpm","3.0.0",86,"https://hex.pm/api/packages/gleam_hexpm/releases/3.0.0","2025-04-03T13:13:39.589Z","2025-04-03T13:13:37.021Z","2025-04-08T12:15:32.566Z"
"gleam_hexpm","3.0.1",32,"https://hex.pm/api/packages/gleam_hexpm/releases/3.0.1","2025-04-05T22:26:22.287Z","2025-04-05T22:26:19.578Z","2025-04-08T12:15:32.566Z"
"gleam_html","0.1.0",60,"https://hex.pm/api/packages/gleam_html/releases/0.1.0","2022-05-20T15:32:44.412Z","2022-05-20T15:32:41.487Z","2024-07-03T02:21:53.592Z"
"gleam_http","2.1.0",568,"https://hex.pm/api/packages/gleam_http/releases/2.1.0","2021-11-26T17:57:07.949Z","2021-11-26T17:57:04.481Z","2025-02-08T17:34:22.436Z"
"gleam_http","3.0.0",782,"https://hex.pm/api/packages/gleam_http/releases/3.0.0","2022-01-29T22:32:54.728Z","2022-01-29T22:32:51.948Z","2025-02-08T17:34:22.435Z"
"gleam_http","3.0.1",429,"https://hex.pm/api/packages/gleam_http/releases/3.0.1","2022-05-15T09:14:51.943Z","2022-05-15T09:14:49.009Z","2025-02-08T17:34:22.435Z"
"gleam_http","3.1.0",247,"https://hex.pm/api/packages/gleam_http/releases/3.1.0","2022-08-05T12:37:11.909Z","2022-08-05T12:37:08.370Z","2025-02-08T17:34:22.435Z"
"gleam_http","3.1.1",1402,"https://hex.pm/api/packages/gleam_http/releases/3.1.1","2022-10-15T20:44:57.930Z","2022-10-15T20:44:53.120Z","2025-02-08T17:34:22.435Z"
"gleam_http","3.1.2",482,"https://hex.pm/api/packages/gleam_http/releases/3.1.2","2023-03-02T10:38:40.215Z","2023-03-02T10:38:37.933Z","2025-02-08T17:34:22.435Z"
"gleam_http","3.2.0",1880,"https://hex.pm/api/packages/gleam_http/releases/3.2.0","2023-04-21T10:18:04.136Z","2023-04-21T10:18:01.808Z","2025-02-08T17:34:22.435Z"
"gleam_http","3.3.0",117,"https://hex.pm/api/packages/gleam_http/releases/3.3.0","2023-07-29T16:04:53.135Z","2023-07-29T16:04:50.809Z","2025-02-08T17:34:22.435Z"
"gleam_http","3.4.0",108,"https://hex.pm/api/packages/gleam_http/releases/3.4.0","2023-08-02T11:14:59.023Z","2023-08-02T11:14:56.878Z","2025-02-08T17:34:22.435Z"
"gleam_http","3.5.0",1703,"https://hex.pm/api/packages/gleam_http/releases/3.5.0","2023-08-04T20:24:09.464Z","2023-08-04T20:24:07.047Z","2025-02-08T17:34:22.435Z"
"gleam_http","3.5.1",314,"https://hex.pm/api/packages/gleam_http/releases/3.5.1","2023-11-02T16:17:13.539Z","2023-11-02T16:17:11.130Z","2025-02-08T17:34:22.435Z"
"gleam_http","3.5.2",750,"https://hex.pm/api/packages/gleam_http/releases/3.5.2","2023-11-13T19:17:24.096Z","2023-11-13T19:17:21.808Z","2025-02-08T17:34:22.435Z"
"gleam_http","3.5.3",2925,"https://hex.pm/api/packages/gleam_http/releases/3.5.3","2023-12-22T19:37:52.584Z","2023-12-22T19:37:50.192Z","2025-02-08T17:34:22.435Z"
"gleam_http","3.6.0",45066,"https://hex.pm/api/packages/gleam_http/releases/3.6.0","2024-03-12T12:26:46.658Z","2024-03-12T12:26:44.431Z","2025-02-08T17:34:22.435Z"
"gleam_http","3.7.0",28806,"https://hex.pm/api/packages/gleam_http/releases/3.7.0","2024-09-12T15:47:34.593Z","2024-09-12T15:47:31.906Z","2025-02-08T17:34:22.435Z"
"gleam_http","3.7.1",7130,"https://hex.pm/api/packages/gleam_http/releases/3.7.1","2024-11-19T17:29:14.791Z","2024-11-19T17:29:12.259Z","2025-02-08T17:34:22.435Z"
"gleam_http","3.7.2",24113,"https://hex.pm/api/packages/gleam_http/releases/3.7.2","2024-12-08T14:08:23.459Z","2024-12-08T14:08:20.663Z","2025-02-08T17:34:22.435Z"
"gleam_http","4.0.0",36,"https://hex.pm/api/packages/gleam_http/releases/4.0.0","2025-02-06T11:28:29.278Z","2025-02-06T11:28:26.511Z","2025-02-08T17:34:22.435Z"
"gleam_httpc","1.1.0",194,"https://hex.pm/api/packages/gleam_httpc/releases/1.1.0","2021-12-05T17:10:53.698Z","2021-12-05T17:10:50.674Z","2025-02-11T07:16:58.367Z"
"gleam_httpc","2.0.0",188,"https://hex.pm/api/packages/gleam_httpc/releases/2.0.0","2022-04-03T20:27:46.821Z","2022-04-03T20:27:43.512Z","2025-02-11T07:16:58.367Z"
"gleam_httpc","2.0.1",202,"https://hex.pm/api/packages/gleam_httpc/releases/2.0.1","2023-03-02T10:11:42.491Z","2023-03-02T10:11:40.113Z","2025-02-11T07:16:58.367Z"
"gleam_httpc","2.1.0",105,"https://hex.pm/api/packages/gleam_httpc/releases/2.1.0","2023-08-03T12:40:37.985Z","2023-08-03T12:40:35.807Z","2025-02-11T07:16:58.367Z"
"gleam_httpc","2.1.1",227,"https://hex.pm/api/packages/gleam_httpc/releases/2.1.1","2023-11-02T11:14:08.765Z","2023-11-02T11:14:06.503Z","2025-02-11T07:16:58.367Z"
"gleam_httpc","2.1.2",589,"https://hex.pm/api/packages/gleam_httpc/releases/2.1.2","2024-01-16T13:35:34.968Z","2024-01-16T13:35:32.658Z","2025-02-11T07:16:58.367Z"
"gleam_httpc","2.2.0",18615,"https://hex.pm/api/packages/gleam_httpc/releases/2.2.0","2024-03-19T15:28:06.264Z","2024-03-19T15:28:03.989Z","2025-02-11T07:16:58.367Z"
"gleam_httpc","2.3.0",5320,"https://hex.pm/api/packages/gleam_httpc/releases/2.3.0","2024-09-11T14:23:57.444Z","2024-09-11T14:23:54.823Z","2025-02-11T07:16:58.367Z"
"gleam_httpc","3.0.0",11325,"https://hex.pm/api/packages/gleam_httpc/releases/3.0.0","2024-10-02T18:03:55.539Z","2024-10-02T18:03:53.112Z","2025-02-11T07:16:58.367Z"
"gleam_httpc","4.0.0",14485,"https://hex.pm/api/packages/gleam_httpc/releases/4.0.0","2024-11-10T16:39:31.500Z","2024-11-10T16:39:28.682Z","2025-02-11T07:16:58.367Z"
"gleam_httpc","4.0.1",243,"https://hex.pm/api/packages/gleam_httpc/releases/4.0.1","2025-02-06T11:33:51.029Z","2025-02-06T11:33:48.303Z","2025-02-11T07:16:58.367Z"
"gleam_httpc","4.1.0",155,"https://hex.pm/api/packages/gleam_httpc/releases/4.1.0","2025-02-08T14:47:03.034Z","2025-02-08T14:46:59.793Z","2025-02-11T07:16:58.367Z"
"gleam_javascript","0.1.0",417,"https://hex.pm/api/packages/gleam_javascript/releases/0.1.0","2022-01-11T20:21:21.923Z","2022-01-11T20:21:18.646Z","2025-02-05T07:18:46.084Z"
"gleam_javascript","0.10.0",658,"https://hex.pm/api/packages/gleam_javascript/releases/0.10.0","2024-06-23T21:51:08.920Z","2024-06-23T21:51:06.507Z","2025-02-05T07:18:46.083Z"
"gleam_javascript","0.11.0",5175,"https://hex.pm/api/packages/gleam_javascript/releases/0.11.0","2024-06-26T10:40:53.930Z","2024-06-26T10:40:51.348Z","2025-02-05T07:18:46.083Z"
"gleam_javascript","0.12.0",10417,"https://hex.pm/api/packages/gleam_javascript/releases/0.12.0","2024-08-19T14:52:10.496Z","2024-08-19T14:52:07.894Z","2025-02-05T07:18:46.083Z"
"gleam_javascript","0.13.0",26025,"https://hex.pm/api/packages/gleam_javascript/releases/0.13.0","2024-09-30T09:55:16.862Z","2024-09-30T09:55:14.358Z","2025-02-05T07:18:46.083Z"
"gleam_javascript","0.2.0",202,"https://hex.pm/api/packages/gleam_javascript/releases/0.2.0","2022-11-22T16:06:16.844Z","2022-11-22T16:06:16.167Z","2025-02-05T07:18:46.084Z"
"gleam_javascript","0.3.0",263,"https://hex.pm/api/packages/gleam_javascript/releases/0.3.0","2022-12-10T12:33:37.612Z","2022-12-10T12:33:36.991Z","2025-02-05T07:18:46.084Z"
"gleam_javascript","0.4.0",1641,"https://hex.pm/api/packages/gleam_javascript/releases/0.4.0","2023-01-19T11:39:58.658Z","2023-01-19T11:39:57.746Z","2025-02-05T07:18:46.084Z"
"gleam_javascript","0.5.0",88,"https://hex.pm/api/packages/gleam_javascript/releases/0.5.0","2023-08-03T12:01:52.754Z","2023-08-03T11:40:14.821Z","2025-02-05T07:18:46.084Z"
"gleam_javascript","0.6.0",188,"https://hex.pm/api/packages/gleam_javascript/releases/0.6.0","2023-08-12T14:26:58.428Z","2023-08-12T14:26:56.126Z","2025-02-05T07:18:46.084Z"
"gleam_javascript","0.6.1",139,"https://hex.pm/api/packages/gleam_javascript/releases/0.6.1","2023-09-08T21:03:24.274Z","2023-09-08T21:03:21.827Z","2025-02-05T07:18:46.083Z"
"gleam_javascript","0.7.0",576,"https://hex.pm/api/packages/gleam_javascript/releases/0.7.0","2023-11-06T14:39:48.978Z","2023-11-06T14:39:46.753Z","2025-02-05T07:18:46.083Z"
"gleam_javascript","0.7.1",25738,"https://hex.pm/api/packages/gleam_javascript/releases/0.7.1","2024-01-16T13:43:31.980Z","2024-01-16T13:43:29.882Z","2025-02-05T07:18:46.083Z"
"gleam_javascript","0.8.0",4184,"https://hex.pm/api/packages/gleam_javascript/releases/0.8.0","2024-02-22T12:33:19.553Z","2024-02-22T12:33:17.102Z","2025-02-05T07:18:46.083Z"
"gleam_javascript","0.9.0",703,"https://hex.pm/api/packages/gleam_javascript/releases/0.9.0","2024-06-20T14:13:49.214Z","2024-06-20T14:13:46.113Z","2025-02-05T07:18:46.083Z"
"gleam_javascript","1.0.0",18,"https://hex.pm/api/packages/gleam_javascript/releases/1.0.0","2025-02-03T12:45:17.745Z","2025-02-03T12:45:14.989Z","2025-02-05T07:18:46.083Z"
"gleam_json","0.2.0",204,"https://hex.pm/api/packages/gleam_json/releases/0.2.0","2022-01-01T18:47:44.636Z","2022-01-01T18:47:41.763Z","2025-01-07T09:06:36.434Z"
"gleam_json","0.3.0",214,"https://hex.pm/api/packages/gleam_json/releases/0.3.0","2022-01-09T22:34:31.239Z","2022-01-09T22:34:28.044Z","2025-01-07T09:06:36.434Z"
"gleam_json","0.4.0",511,"https://hex.pm/api/packages/gleam_json/releases/0.4.0","2022-02-05T09:38:48.700Z","2022-02-05T09:38:45.308Z","2025-01-07T09:06:36.434Z"
"gleam_json","0.5.0",1411,"https://hex.pm/api/packages/gleam_json/releases/0.5.0","2022-06-11T17:42:26.864Z","2022-06-11T17:42:24.028Z","2025-01-07T09:06:36.434Z"
"gleam_json","0.5.1",2266,"https://hex.pm/api/packages/gleam_json/releases/0.5.1","2023-03-02T10:41:28.383Z","2023-03-02T10:41:25.974Z","2025-01-07T09:06:36.434Z"
"gleam_json","0.6.0",1974,"https://hex.pm/api/packages/gleam_json/releases/0.6.0","2023-08-03T12:33:42.104Z","2023-08-03T12:33:39.788Z","2025-01-07T09:06:36.434Z"
"gleam_json","0.7.0",3635,"https://hex.pm/api/packages/gleam_json/releases/0.7.0","2023-11-05T18:21:41.060Z","2023-11-05T18:21:38.648Z","2025-01-07T09:06:36.434Z"
"gleam_json","1.0.0",8162,"https://hex.pm/api/packages/gleam_json/releases/1.0.0","2024-01-16T13:05:36.382Z","2024-01-16T13:05:33.925Z","2025-01-07T09:06:36.434Z"
"gleam_json","1.0.1",63156,"https://hex.pm/api/packages/gleam_json/releases/1.0.1","2024-04-25T11:21:56.644Z","2024-04-25T11:21:54.385Z","2025-01-07T09:06:36.434Z"
"gleam_json","2.0.0",19450,"https://hex.pm/api/packages/gleam_json/releases/2.0.0","2024-05-23T18:49:03.521Z","2024-05-23T18:49:00.138Z","2025-01-07T09:06:36.434Z"
"gleam_json","2.1.0",7746,"https://hex.pm/api/packages/gleam_json/releases/2.1.0","2024-11-19T14:00:32.520Z","2024-11-19T14:00:29.882Z","2025-01-07T09:06:36.434Z"
"gleam_json","2.2.0",4022,"https://hex.pm/api/packages/gleam_json/releases/2.2.0","2024-12-22T15:40:53.480Z","2024-12-22T15:40:50.295Z","2025-01-07T09:06:36.434Z"
"gleam_json","2.3.0",977,"https://hex.pm/api/packages/gleam_json/releases/2.3.0","2025-01-04T12:33:50.669Z","2025-01-04T12:33:48.080Z","2025-01-07T09:06:36.434Z"
"gleam_module_javascript_test","0.1.0",40,"https://hex.pm/api/packages/gleam_module_javascript_test/releases/0.1.0","2023-04-09T23:52:05.371Z","2023-04-09T23:52:03.357Z","2024-07-03T01:40:41.590Z"
"gleam_module_javascript_test","0.2.0",74,"https://hex.pm/api/packages/gleam_module_javascript_test/releases/0.2.0","2023-04-16T18:31:19.034Z","2023-04-16T18:31:16.915Z","2024-07-03T01:40:41.590Z"
"gleam_mongo","0.1.0",56,"https://hex.pm/api/packages/gleam_mongo/releases/0.1.0","2023-10-05T16:06:19.637Z","2022-02-27T04:09:08.264Z","2024-07-03T01:14:07.549Z"
"gleam_mongo","0.1.1",65,"https://hex.pm/api/packages/gleam_mongo/releases/0.1.1","2023-10-05T16:06:18.233Z","2022-02-27T04:29:24.521Z","2024-07-03T01:14:07.549Z"
"gleam_mongo","0.1.2",59,"https://hex.pm/api/packages/gleam_mongo/releases/0.1.2","2023-10-05T16:06:16.749Z","2022-02-27T04:30:15.956Z","2024-07-03T01:14:07.549Z"
"gleam_mongo","0.1.3",62,"https://hex.pm/api/packages/gleam_mongo/releases/0.1.3","2023-10-05T16:06:15.310Z","2022-02-28T14:00:35.081Z","2024-07-03T01:14:07.548Z"
"gleam_mongo","0.10.0",67,"https://hex.pm/api/packages/gleam_mongo/releases/0.10.0","2023-10-05T16:06:02.396Z","2022-11-02T17:02:40.676Z","2024-07-03T01:14:07.548Z"
"gleam_mongo","0.11.0",72,"https://hex.pm/api/packages/gleam_mongo/releases/0.11.0","2023-10-05T16:06:00.833Z","2022-11-26T15:12:20.251Z","2024-07-03T01:14:07.548Z"
"gleam_mongo","0.12.0",81,"https://hex.pm/api/packages/gleam_mongo/releases/0.12.0","2023-10-05T16:05:59.318Z","2022-12-09T07:26:29.937Z","2024-07-03T01:14:07.547Z"
"gleam_mongo","0.13.0",82,"https://hex.pm/api/packages/gleam_mongo/releases/0.13.0","2023-10-05T16:05:57.851Z","2022-12-27T16:44:28.652Z","2024-07-03T01:14:07.547Z"
"gleam_mongo","0.14.0",58,"https://hex.pm/api/packages/gleam_mongo/releases/0.14.0","2023-10-05T16:05:56.440Z","2023-03-01T18:46:45.439Z","2024-07-03T01:14:07.547Z"
"gleam_mongo","0.15.0",43,"https://hex.pm/api/packages/gleam_mongo/releases/0.15.0","2023-10-05T16:05:54.452Z","2023-04-01T06:31:41.849Z","2024-07-03T01:14:07.547Z"
"gleam_mongo","0.15.1",42,"https://hex.pm/api/packages/gleam_mongo/releases/0.15.1","2023-10-05T16:05:52.953Z","2023-05-09T04:35:06.353Z","2024-07-03T01:14:07.547Z"
"gleam_mongo","0.16.0",48,"https://hex.pm/api/packages/gleam_mongo/releases/0.16.0","2023-10-05T16:05:51.513Z","2023-05-10T06:23:08.788Z","2024-07-03T01:14:07.547Z"
"gleam_mongo","0.17.0",48,"https://hex.pm/api/packages/gleam_mongo/releases/0.17.0","2023-10-05T16:05:49.896Z","2023-07-18T08:08:19.770Z","2024-07-03T01:14:07.547Z"
"gleam_mongo","0.18.0",38,"https://hex.pm/api/packages/gleam_mongo/releases/0.18.0","2023-10-05T16:05:48.391Z","2023-09-29T03:08:31.863Z","2024-07-03T01:14:07.547Z"
"gleam_mongo","0.18.1",38,"https://hex.pm/api/packages/gleam_mongo/releases/0.18.1","2023-10-05T16:05:46.833Z","2023-09-29T06:21:59.489Z","2024-07-03T01:14:07.547Z"
"gleam_mongo","0.2.0",63,"https://hex.pm/api/packages/gleam_mongo/releases/0.2.0","2023-10-05T16:06:13.821Z","2022-03-19T15:43:45.588Z","2024-07-03T01:14:07.548Z"
"gleam_mongo","0.3.0",63,"https://hex.pm/api/packages/gleam_mongo/releases/0.3.0","2022-03-22T17:14:28.313Z","2022-03-22T17:14:24.144Z","2024-07-03T01:14:07.548Z"
"gleam_mongo","0.4.0",65,"https://hex.pm/api/packages/gleam_mongo/releases/0.4.0","2023-10-05T16:06:11.389Z","2022-03-27T08:47:04.869Z","2024-07-03T01:14:07.548Z"
"gleam_mongo","0.5.0",67,"https://hex.pm/api/packages/gleam_mongo/releases/0.5.0","2023-10-05T16:06:09.956Z","2022-04-02T09:38:58.704Z","2024-07-03T01:14:07.548Z"
"gleam_mongo","0.6.0",65,"https://hex.pm/api/packages/gleam_mongo/releases/0.6.0","2023-10-05T16:06:08.423Z","2022-05-26T14:38:51.265Z","2024-07-03T01:14:07.548Z"
"gleam_mongo","0.7.0",61,"https://hex.pm/api/packages/gleam_mongo/releases/0.7.0","2023-10-05T16:06:06.998Z","2022-09-07T14:09:27.252Z","2024-07-03T01:14:07.548Z"
"gleam_mongo","0.8.0",66,"https://hex.pm/api/packages/gleam_mongo/releases/0.8.0","2023-10-05T16:06:05.518Z","2022-09-19T03:41:17.890Z","2024-07-03T01:14:07.548Z"
"gleam_mongo","0.9.0",75,"https://hex.pm/api/packages/gleam_mongo/releases/0.9.0","2023-10-05T16:06:03.944Z","2022-10-06T11:55:09.318Z","2024-07-03T01:14:07.548Z"
"gleam_nodejs","0.1.0",1004,"https://hex.pm/api/packages/gleam_nodejs/releases/0.1.0","2023-01-19T15:10:22.291Z","2023-01-19T15:10:21.583Z","2024-07-03T01:54:47.232Z"
"gleam_os_mon","0.0.1",64,"https://hex.pm/api/packages/gleam_os_mon/releases/0.0.1","2022-09-03T12:12:26.374Z","2022-09-03T12:12:22.104Z","2024-07-03T02:11:02.264Z"
"gleam_otp","0.10.0",63764,"https://hex.pm/api/packages/gleam_otp/releases/0.10.0","2024-03-11T11:00:38.871Z","2024-03-11T11:00:36.696Z","2025-01-22T14:06:49.052Z"
"gleam_otp","0.11.0",535,"https://hex.pm/api/packages/gleam_otp/releases/0.11.0","2024-08-16T17:45:23.229Z","2024-08-16T17:45:20.191Z","2025-01-22T14:06:49.052Z"
"gleam_otp","0.11.1",3017,"https://hex.pm/api/packages/gleam_otp/releases/0.11.1","2024-08-19T13:55:13.189Z","2024-08-19T13:55:10.559Z","2025-01-22T14:06:49.052Z"
"gleam_otp","0.11.2",10200,"https://hex.pm/api/packages/gleam_otp/releases/0.11.2","2024-08-21T11:07:15.491Z","2024-08-21T11:07:12.769Z","2025-01-22T14:06:49.052Z"
"gleam_otp","0.12.0",7258,"https://hex.pm/api/packages/gleam_otp/releases/0.12.0","2024-09-03T15:57:46.955Z","2024-09-03T15:57:44.277Z","2025-01-22T14:06:49.052Z"
"gleam_otp","0.12.1",16989,"https://hex.pm/api/packages/gleam_otp/releases/0.12.1","2024-09-30T09:40:51.005Z","2024-09-30T09:40:48.554Z","2025-01-22T14:06:49.052Z"
"gleam_otp","0.13.0",2492,"https://hex.pm/api/packages/gleam_otp/releases/0.13.0","2024-10-31T16:21:44.468Z","2024-10-31T16:21:41.439Z","2025-01-22T14:06:49.052Z"
"gleam_otp","0.14.0",3296,"https://hex.pm/api/packages/gleam_otp/releases/0.14.0","2024-11-10T18:29:55.528Z","2024-11-10T18:29:52.928Z","2025-01-22T14:06:49.052Z"
"gleam_otp","0.14.1",7462,"https://hex.pm/api/packages/gleam_otp/releases/0.14.1","2024-11-15T14:59:47.833Z","2024-11-15T14:59:45.021Z","2025-01-22T14:06:49.052Z"
"gleam_otp","0.15.0",648,"https://hex.pm/api/packages/gleam_otp/releases/0.15.0","2024-12-08T12:37:55.924Z","2024-12-08T12:37:52.934Z","2025-01-22T14:06:49.052Z"
"gleam_otp","0.16.0",14875,"https://hex.pm/api/packages/gleam_otp/releases/0.16.0","2024-12-10T12:12:12.718Z","2024-12-10T12:12:09.955Z","2025-01-22T14:06:49.051Z"
"gleam_otp","0.16.1",192,"https://hex.pm/api/packages/gleam_otp/releases/0.16.1","2025-01-20T14:01:49.525Z","2025-01-20T14:01:46.865Z","2025-01-22T14:06:49.051Z"
"gleam_otp","0.3.0",338,"https://hex.pm/api/packages/gleam_otp/releases/0.3.0","2021-11-23T18:46:59.698Z","2021-11-23T18:46:56.593Z","2025-01-22T14:06:49.053Z"
"gleam_otp","0.3.1",857,"https://hex.pm/api/packages/gleam_otp/releases/0.3.1","2022-01-07T18:23:32.773Z","2022-01-07T18:23:29.406Z","2025-01-22T14:06:49.053Z"
"gleam_otp","0.4.0",508,"https://hex.pm/api/packages/gleam_otp/releases/0.4.0","2022-04-16T22:34:43.473Z","2022-04-16T22:34:39.151Z","2025-01-22T14:06:49.053Z"
"gleam_otp","0.5.0",342,"https://hex.pm/api/packages/gleam_otp/releases/0.5.0","2022-08-09T17:47:31.540Z","2022-08-09T17:47:27.650Z","2025-01-22T14:06:49.053Z"
"gleam_otp","0.5.1",79,"https://hex.pm/api/packages/gleam_otp/releases/0.5.1","2022-11-11T11:51:23.194Z","2022-11-11T11:51:22.597Z","2025-01-22T14:06:49.052Z"
"gleam_otp","0.5.2",1058,"https://hex.pm/api/packages/gleam_otp/releases/0.5.2","2022-11-15T10:16:01.299Z","2022-11-15T10:16:00.585Z","2025-01-22T14:06:49.052Z"
"gleam_otp","0.5.3",1680,"https://hex.pm/api/packages/gleam_otp/releases/0.5.3","2023-03-30T14:17:07.298Z","2023-03-30T14:17:04.992Z","2025-01-22T14:06:49.052Z"
"gleam_otp","0.6.0",376,"https://hex.pm/api/packages/gleam_otp/releases/0.6.0","2023-07-27T14:40:13.368Z","2023-07-27T14:39:07.842Z","2025-01-22T14:06:49.052Z"
"gleam_otp","0.7.0",1298,"https://hex.pm/api/packages/gleam_otp/releases/0.7.0","2023-08-30T09:54:46.683Z","2023-08-30T09:54:44.218Z","2025-01-22T14:06:49.052Z"
"gleam_otp","0.8.0",1296,"https://hex.pm/api/packages/gleam_otp/releases/0.8.0","2023-11-06T14:48:19.397Z","2023-11-06T14:48:17.154Z","2025-01-22T14:06:49.052Z"
"gleam_otp","0.9.0",2807,"https://hex.pm/api/packages/gleam_otp/releases/0.9.0","2024-01-03T22:43:54.252Z","2024-01-03T22:43:51.679Z","2025-01-22T14:06:49.052Z"
"gleam_package_interface","1.0.0",2810,"https://hex.pm/api/packages/gleam_package_interface/releases/1.0.0","2024-02-29T11:59:13.861Z","2024-02-29T11:59:11.469Z","2024-12-27T05:57:31.571Z"
"gleam_package_interface","1.1.0",11581,"https://hex.pm/api/packages/gleam_package_interface/releases/1.1.0","2024-06-20T10:18:43.547Z","2024-06-20T10:18:40.854Z","2024-12-27T05:57:31.571Z"
"gleam_package_interface","1.2.0",1459,"https://hex.pm/api/packages/gleam_package_interface/releases/1.2.0","2024-12-08T12:12:12.452Z","2024-12-08T12:12:09.753Z","2024-12-27T05:57:31.571Z"
"gleam_package_interface","1.3.0",22,"https://hex.pm/api/packages/gleam_package_interface/releases/1.3.0","2024-12-22T22:18:40.546Z","2024-12-22T19:05:07.618Z","2024-12-27T05:57:31.571Z"
"gleam_package_interface","2.0.0",20,"https://hex.pm/api/packages/gleam_package_interface/releases/2.0.0","2024-12-22T22:19:55.686Z","2024-12-22T22:19:52.417Z","2024-12-27T05:57:31.571Z"
"gleam_pgo","0.10.0",789,"https://hex.pm/api/packages/gleam_pgo/releases/0.10.0","2024-06-02T10:43:12.220Z","2024-06-02T10:43:09.428Z","2024-11-14T21:40:18.733Z"
"gleam_pgo","0.11.0",356,"https://hex.pm/api/packages/gleam_pgo/releases/0.11.0","2024-06-22T14:58:18.269Z","2024-06-22T14:58:15.644Z","2024-11-14T21:40:18.733Z"
"gleam_pgo","0.12.0",254,"https://hex.pm/api/packages/gleam_pgo/releases/0.12.0","2024-07-03T14:37:07.370Z","2024-07-03T14:37:04.700Z","2024-11-14T21:40:18.733Z"
"gleam_pgo","0.13.0",2094,"https://hex.pm/api/packages/gleam_pgo/releases/0.13.0","2024-07-17T11:38:41.030Z","2024-07-17T11:38:38.431Z","2024-11-14T21:40:18.733Z"
"gleam_pgo","0.14.0",14021,"https://hex.pm/api/packages/gleam_pgo/releases/0.14.0","2024-11-12T12:22:13.793Z","2024-08-15T13:49:37.043Z","2024-11-14T21:40:18.733Z"
"gleam_pgo","0.2.0",132,"https://hex.pm/api/packages/gleam_pgo/releases/0.2.0","2022-01-26T20:45:41.697Z","2022-01-26T20:45:38.451Z","2024-11-14T21:40:18.733Z"
"gleam_pgo","0.3.0",225,"https://hex.pm/api/packages/gleam_pgo/releases/0.3.0","2022-02-17T18:28:59.578Z","2022-02-17T18:28:56.228Z","2024-11-14T21:40:18.733Z"
"gleam_pgo","0.4.0",304,"https://hex.pm/api/packages/gleam_pgo/releases/0.4.0","2022-06-12T19:43:29.966Z","2022-06-12T19:43:27.007Z","2024-11-14T21:40:18.733Z"
"gleam_pgo","0.4.1",314,"https://hex.pm/api/packages/gleam_pgo/releases/0.4.1","2023-03-02T10:07:35.504Z","2023-03-02T10:07:33.119Z","2024-11-14T21:40:18.733Z"
"gleam_pgo","0.5.0",201,"https://hex.pm/api/packages/gleam_pgo/releases/0.5.0","2023-08-03T12:27:39.024Z","2023-08-03T12:27:36.570Z","2024-11-14T21:40:18.733Z"
"gleam_pgo","0.6.0",179,"https://hex.pm/api/packages/gleam_pgo/releases/0.6.0","2023-11-06T19:08:52.158Z","2023-11-06T19:08:49.920Z","2024-11-14T21:40:18.733Z"
"gleam_pgo","0.6.1",608,"https://hex.pm/api/packages/gleam_pgo/releases/0.6.1","2024-01-16T13:09:16.251Z","2024-01-16T13:09:13.844Z","2024-11-14T21:40:18.733Z"
"gleam_pgo","0.7.0",559,"https://hex.pm/api/packages/gleam_pgo/releases/0.7.0","2024-04-05T13:56:29.210Z","2024-04-05T13:56:26.849Z","2024-11-14T21:40:18.733Z"
"gleam_pgo","0.8.0",34,"https://hex.pm/api/packages/gleam_pgo/releases/0.8.0","2024-05-20T14:03:57.420Z","2024-05-20T14:03:54.710Z","2024-11-14T21:40:18.733Z"
"gleam_pgo","0.9.0",319,"https://hex.pm/api/packages/gleam_pgo/releases/0.9.0","2024-05-20T14:22:38.971Z","2024-05-20T14:22:36.387Z","2024-11-14T21:40:18.733Z"
"gleam_qs","0.2.0",59,"https://hex.pm/api/packages/gleam_qs/releases/0.2.0","2023-05-03T23:19:31.541Z","2023-05-03T23:19:28.783Z","2024-07-03T01:37:56.715Z"
"gleam_regexp","1.0.0",30318,"https://hex.pm/api/packages/gleam_regexp/releases/1.0.0","2024-11-25T17:54:26.862Z","2024-11-25T17:54:24.018Z","2025-04-08T12:15:26.070Z"
"gleam_regexp","1.1.0",26612,"https://hex.pm/api/packages/gleam_regexp/releases/1.1.0","2025-02-05T16:13:07.381Z","2025-02-05T16:13:04.209Z","2025-04-08T12:15:26.070Z"
"gleam_regexp","1.1.1",352,"https://hex.pm/api/packages/gleam_regexp/releases/1.1.1","2025-04-06T09:34:02.164Z","2025-04-06T09:33:59.719Z","2025-04-08T12:15:26.070Z"
"gleam_retry","0.1.0",18,"https://hex.pm/api/packages/gleam_retry/releases/0.1.0","2024-11-26T09:51:38.150Z","2024-11-25T06:35:07.176Z","2024-11-27T17:20:15.604Z"
"gleam_retry","0.1.1",16,"https://hex.pm/api/packages/gleam_retry/releases/0.1.1","2024-11-26T09:50:46.686Z","2024-11-25T07:02:47.075Z","2024-11-27T17:20:15.604Z"
"gleam_sendgrid","0.1.0",49,"https://hex.pm/api/packages/gleam_sendgrid/releases/0.1.0","2022-02-09T22:10:19.727Z","2022-02-09T22:10:15.323Z","2024-07-03T01:07:45.161Z"
"gleam_sendgrid","0.1.1",71,"https://hex.pm/api/packages/gleam_sendgrid/releases/0.1.1","2022-09-11T13:27:30.764Z","2022-09-11T13:27:26.545Z","2024-07-03T01:07:45.161Z"
"gleam_sendgrid","0.2.0",65,"https://hex.pm/api/packages/gleam_sendgrid/releases/0.2.0","2023-11-06T13:10:59.846Z","2023-11-06T13:10:57.692Z","2024-07-03T01:07:45.158Z"
"gleam_stats","0.1.1",69,"https://hex.pm/api/packages/gleam_stats/releases/0.1.1","2022-02-20T18:49:06.314Z","2022-02-20T18:18:57.951Z","2024-07-03T02:17:51.149Z"
"gleam_stats","0.1.2",69,"https://hex.pm/api/packages/gleam_stats/releases/0.1.2","2022-03-09T19:40:27.532Z","2022-03-09T19:40:24.212Z","2024-07-03T02:17:51.149Z"
"gleam_stats","1.0.0",60,"https://hex.pm/api/packages/gleam_stats/releases/1.0.0","2022-05-15T19:36:32.510Z","2022-05-15T18:45:05.127Z","2024-07-03T02:17:51.149Z"
"gleam_stats","1.1.0",83,"https://hex.pm/api/packages/gleam_stats/releases/1.1.0","2022-07-03T10:17:56.198Z","2022-07-02T22:55:24.843Z","2024-07-03T02:17:51.149Z"
"gleam_stdlib","0.18.0",1578,"https://hex.pm/api/packages/gleam_stdlib/releases/0.18.0","2021-11-23T18:31:55.015Z","2021-11-23T18:31:51.314Z","2025-04-09T19:09:33.366Z"
"gleam_stdlib","0.18.0-rc1",145,"https://hex.pm/api/packages/gleam_stdlib/releases/0.18.0-rc1","2021-11-23T17:28:23.368Z","2021-11-23T17:28:19.905Z","2025-04-09T19:09:33.366Z"
"gleam_stdlib","0.18.1",636,"https://hex.pm/api/packages/gleam_stdlib/releases/0.18.1","2021-12-19T14:10:59.000Z","2021-12-19T14:10:55.828Z","2025-04-09T19:09:33.366Z"
"gleam_stdlib","0.19.0",149,"https://hex.pm/api/packages/gleam_stdlib/releases/0.19.0","2022-01-09T18:28:29.803Z","2022-01-09T18:28:26.615Z","2025-04-09T19:09:33.366Z"
"gleam_stdlib","0.19.1",139,"https://hex.pm/api/packages/gleam_stdlib/releases/0.19.1","2022-01-09T19:35:27.942Z","2022-01-09T19:35:24.832Z","2025-04-09T19:09:33.366Z"
"gleam_stdlib","0.19.2",768,"https://hex.pm/api/packages/gleam_stdlib/releases/0.19.2","2022-01-09T19:38:35.537Z","2022-01-09T19:38:32.600Z","2025-04-09T19:09:33.366Z"
"gleam_stdlib","0.19.3",1400,"https://hex.pm/api/packages/gleam_stdlib/releases/0.19.3","2022-01-14T22:44:44.372Z","2022-01-14T22:44:41.046Z","2025-04-09T19:09:33.366Z"
"gleam_stdlib","0.20.0",1557,"https://hex.pm/api/packages/gleam_stdlib/releases/0.20.0","2022-02-22T19:05:34.139Z","2022-02-22T19:05:30.691Z","2025-04-09T19:09:33.366Z"
"gleam_stdlib","0.21.0",1573,"https://hex.pm/api/packages/gleam_stdlib/releases/0.21.0","2022-04-24T12:23:28.412Z","2022-04-24T12:23:25.507Z","2025-04-09T19:09:33.366Z"
"gleam_stdlib","0.22.0",662,"https://hex.pm/api/packages/gleam_stdlib/releases/0.22.0","2022-06-15T21:00:26.138Z","2022-06-15T21:00:22.863Z","2025-04-09T19:09:33.366Z"
"gleam_stdlib","0.22.1",688,"https://hex.pm/api/packages/gleam_stdlib/releases/0.22.1","2022-06-27T20:28:54.970Z","2022-06-27T20:28:51.352Z","2025-04-09T19:09:33.366Z"
"gleam_stdlib","0.22.2",129,"https://hex.pm/api/packages/gleam_stdlib/releases/0.22.2","2022-08-09T21:57:47.021Z","2022-08-09T21:56:53.058Z","2025-04-09T19:09:33.366Z"
"gleam_stdlib","0.22.3",5170,"https://hex.pm/api/packages/gleam_stdlib/releases/0.22.3","2022-08-09T22:09:13.535Z","2022-08-09T22:09:09.531Z","2025-04-09T19:09:33.366Z"
"gleam_stdlib","0.23.0",346,"https://hex.pm/api/packages/gleam_stdlib/releases/0.23.0","2022-09-15T11:51:41.857Z","2022-09-15T11:51:38.121Z","2025-04-09T19:09:33.366Z"
"gleam_stdlib","0.24.0",862,"https://hex.pm/api/packages/gleam_stdlib/releases/0.24.0","2022-10-15T12:07:04.775Z","2022-10-15T12:07:00.456Z","2025-04-09T19:09:33.366Z"
"gleam_stdlib","0.25.0",3299,"https://hex.pm/api/packages/gleam_stdlib/releases/0.25.0","2022-11-19T14:03:03.679Z","2022-11-19T14:01:59.503Z","2025-04-09T19:09:33.366Z"
"gleam_stdlib","0.26.0",2788,"https://hex.pm/api/packages/gleam_stdlib/releases/0.26.0","2023-01-12T15:14:07.041Z","2023-01-12T15:14:06.041Z","2025-04-09T19:09:33.366Z"
"gleam_stdlib","0.26.1",2018,"https://hex.pm/api/packages/gleam_stdlib/releases/0.26.1","2023-02-02T16:56:28.114Z","2023-02-02T16:56:25.161Z","2025-04-09T19:09:33.366Z"
"gleam_stdlib","0.27.0",3182,"https://hex.pm/api/packages/gleam_stdlib/releases/0.27.0","2023-02-26T19:04:23.665Z","2023-02-26T19:04:21.137Z","2025-04-09T19:09:33.366Z"
"gleam_stdlib","0.28.0",779,"https://hex.pm/api/packages/gleam_stdlib/releases/0.28.0","2023-03-26T20:21:25.146Z","2023-03-26T20:21:22.705Z","2025-04-09T19:09:33.366Z"
"gleam_stdlib","0.28.1",1670,"https://hex.pm/api/packages/gleam_stdlib/releases/0.28.1","2023-04-10T10:06:41.353Z","2023-04-10T10:00:49.941Z","2025-04-09T19:09:33.366Z"
"gleam_stdlib","0.28.2",1716,"https://hex.pm/api/packages/gleam_stdlib/releases/0.28.2","2023-05-09T11:49:37.716Z","2023-05-09T11:49:35.369Z","2025-04-09T19:09:33.366Z"
"gleam_stdlib","0.29.0",779,"https://hex.pm/api/packages/gleam_stdlib/releases/0.29.0","2023-05-23T09:50:41.428Z","2023-05-23T09:49:48.662Z","2025-04-09T19:09:33.366Z"
"gleam_stdlib","0.29.1",1276,"https://hex.pm/api/packages/gleam_stdlib/releases/0.29.1","2023-06-01T17:12:16.759Z","2023-06-01T17:12:14.581Z","2025-04-09T19:09:33.366Z"
"gleam_stdlib","0.29.2",1105,"https://hex.pm/api/packages/gleam_stdlib/releases/0.29.2","2023-06-21T16:23:56.510Z","2023-06-21T16:23:54.003Z","2025-04-09T19:09:33.366Z"
"gleam_stdlib","0.30.0",1091,"https://hex.pm/api/packages/gleam_stdlib/releases/0.30.0","2023-07-16T10:45:43.476Z","2023-07-16T10:45:41.075Z","2025-04-09T19:09:33.366Z"
"gleam_stdlib","0.30.1",3106,"https://hex.pm/api/packages/gleam_stdlib/releases/0.30.1","2023-08-06T20:29:31.021Z","2023-08-06T20:29:28.871Z","2025-04-09T19:09:33.365Z"
"gleam_stdlib","0.30.2",1757,"https://hex.pm/api/packages/gleam_stdlib/releases/0.30.2","2023-08-31T13:59:20.006Z","2023-08-31T13:59:17.560Z","2025-04-09T19:09:33.365Z"
"gleam_stdlib","0.31.0",2216,"https://hex.pm/api/packages/gleam_stdlib/releases/0.31.0","2023-09-25T12:42:44.524Z","2023-09-25T12:42:42.025Z","2025-04-09T19:09:33.365Z"
"gleam_stdlib","0.32.0",1810,"https://hex.pm/api/packages/gleam_stdlib/releases/0.32.0","2023-11-01T15:49:12.047Z","2023-11-01T15:49:09.460Z","2025-04-09T19:09:33.365Z"
"gleam_stdlib","0.32.1",2052,"https://hex.pm/api/packages/gleam_stdlib/releases/0.32.1","2023-11-11T23:17:42.903Z","2023-11-11T23:17:40.621Z","2025-04-09T19:09:33.365Z"
"gleam_stdlib","0.33.0",560,"https://hex.pm/api/packages/gleam_stdlib/releases/0.33.0","2023-11-30T20:01:56.341Z","2023-11-30T20:01:54.092Z","2025-04-09T19:09:33.365Z"
"gleam_stdlib","0.33.1",1485,"https://hex.pm/api/packages/gleam_stdlib/releases/0.33.1","2023-12-02T22:22:58.741Z","2023-12-02T22:22:56.159Z","2025-04-09T19:09:33.365Z"
"gleam_stdlib","0.34.0",42355,"https://hex.pm/api/packages/gleam_stdlib/releases/0.34.0","2023-12-17T18:46:29.542Z","2023-12-17T18:46:27.028Z","2025-04-09T19:09:33.365Z"
"gleam_stdlib","0.35.0",109,"https://hex.pm/api/packages/gleam_stdlib/releases/0.35.0","2024-02-15T15:13:44.837Z","2024-02-15T15:13:42.267Z","2025-04-09T19:09:33.365Z"
"gleam_stdlib","0.35.1",1969,"https://hex.pm/api/packages/gleam_stdlib/releases/0.35.1","2024-02-15T17:48:25.636Z","2024-02-15T17:48:23.111Z","2025-04-09T19:09:33.365Z"
"gleam_stdlib","0.36.0",51298,"https://hex.pm/api/packages/gleam_stdlib/releases/0.36.0","2024-02-26T19:51:55.052Z","2024-02-26T19:51:52.428Z","2025-04-09T19:09:33.365Z"
"gleam_stdlib","0.37.0",15776,"https://hex.pm/api/packages/gleam_stdlib/releases/0.37.0","2024-04-19T12:20:22.413Z","2024-04-19T12:20:19.753Z","2025-04-09T19:09:33.365Z"
"gleam_stdlib","0.38.0",35979,"https://hex.pm/api/packages/gleam_stdlib/releases/0.38.0","2024-05-24T15:50:40.152Z","2024-05-24T15:50:37.591Z","2025-04-09T19:09:33.365Z"
"gleam_stdlib","0.39.0",42753,"https://hex.pm/api/packages/gleam_stdlib/releases/0.39.0","2024-07-09T13:22:48.544Z","2024-07-09T13:22:45.949Z","2025-04-09T19:09:33.365Z"
"gleam_stdlib","0.40.0",73125,"https://hex.pm/api/packages/gleam_stdlib/releases/0.40.0","2024-08-19T16:20:58.431Z","2024-08-19T16:20:55.761Z","2025-04-09T19:09:33.365Z"
"gleam_stdlib","0.41.0",10086,"https://hex.pm/api/packages/gleam_stdlib/releases/0.41.0","2024-10-31T16:33:34.008Z","2024-10-31T16:33:30.798Z","2025-04-09T19:09:33.365Z"
"gleam_stdlib","0.42.0",1136,"https://hex.pm/api/packages/gleam_stdlib/releases/0.42.0","2024-11-15T15:28:22.544Z","2024-11-15T15:28:19.649Z","2025-04-09T19:09:33.365Z"
"gleam_stdlib","0.43.0",6765,"https://hex.pm/api/packages/gleam_stdlib/releases/0.43.0","2024-11-17T15:15:53.922Z","2024-11-17T15:15:51.234Z","2025-04-09T19:09:33.365Z"
"gleam_stdlib","0.44.0",2007,"https://hex.pm/api/packages/gleam_stdlib/releases/0.44.0","2024-11-25T19:03:19.360Z","2024-11-25T19:03:16.374Z","2025-04-09T19:09:33.365Z"
"gleam_stdlib","0.45.0",12408,"https://hex.pm/api/packages/gleam_stdlib/releases/0.45.0","2024-11-28T12:26:08.199Z","2024-11-28T12:26:05.167Z","2025-04-09T19:09:33.365Z"
"gleam_stdlib","0.46.0",1767,"https://hex.pm/api/packages/gleam_stdlib/releases/0.46.0","2024-12-08T13:43:43.477Z","2024-12-08T13:43:40.624Z","2025-04-09T19:09:33.365Z"
"gleam_stdlib","0.47.0",6911,"https://hex.pm/api/packages/gleam_stdlib/releases/0.47.0","2024-12-10T14:39:12.058Z","2024-12-10T14:39:09.285Z","2025-04-09T19:09:33.365Z"
"gleam_stdlib","0.48.0",1141,"https://hex.pm/api/packages/gleam_stdlib/releases/0.48.0","2024-12-17T15:30:03.673Z","2024-12-17T15:30:00.718Z","2025-04-09T19:09:33.365Z"
"gleam_stdlib","0.49.0",2106,"https://hex.pm/api/packages/gleam_stdlib/releases/0.49.0","2024-12-19T12:03:09.075Z","2024-12-19T12:03:05.034Z","2025-04-09T19:09:33.365Z"
"gleam_stdlib","0.50.0",226,"https://hex.pm/api/packages/gleam_stdlib/releases/0.50.0","2024-12-22T11:06:17.264Z","2024-12-22T11:06:14.237Z","2025-04-09T19:09:33.365Z"
"gleam_stdlib","0.51.0",17815,"https://hex.pm/api/packages/gleam_stdlib/releases/0.51.0","2024-12-22T14:07:10.436Z","2024-12-22T14:07:07.483Z","2025-04-09T19:09:33.365Z"
"gleam_stdlib","0.52.0",17963,"https://hex.pm/api/packages/gleam_stdlib/releases/0.52.0","2025-01-04T12:25:22.244Z","2025-01-04T12:25:19.509Z","2025-04-09T19:09:33.365Z"
"gleam_stdlib","0.53.0",6170,"https://hex.pm/api/packages/gleam_stdlib/releases/0.53.0","2025-01-23T16:07:57.669Z","2025-01-23T16:07:54.729Z","2025-04-09T19:09:33.365Z"
"gleam_stdlib","0.54.0",29775,"https://hex.pm/api/packages/gleam_stdlib/releases/0.54.0","2025-02-04T11:34:08.547Z","2025-02-04T11:34:04.991Z","2025-04-09T19:09:33.365Z"
"gleam_stdlib","0.55.0",14645,"https://hex.pm/api/packages/gleam_stdlib/releases/0.55.0","2025-02-21T12:29:45.306Z","2025-02-21T12:29:42.167Z","2025-04-09T19:09:33.365Z"
"gleam_stdlib","0.56.0",5354,"https://hex.pm/api/packages/gleam_stdlib/releases/0.56.0","2025-03-09T15:55:49.212Z","2025-03-09T15:55:46.371Z","2025-04-09T19:09:33.365Z"
"gleam_stdlib","0.57.0",14633,"https://hex.pm/api/packages/gleam_stdlib/releases/0.57.0","2025-03-11T22:08:52.569Z","2025-03-11T22:08:49.618Z","2025-04-09T19:09:33.365Z"
"gleam_stdlib","0.58.0",12636,"https://hex.pm/api/packages/gleam_stdlib/releases/0.58.0","2025-03-23T17:46:27.007Z","2025-03-23T17:46:24.561Z","2025-04-09T19:09:33.365Z"
"gleam_stdlib","0.59.0",731,"https://hex.pm/api/packages/gleam_stdlib/releases/0.59.0","2025-04-07T14:05:42.140Z","2025-04-07T14:05:38.928Z","2025-04-09T19:09:33.365Z"
"gleam_synapses","1.0.0",113,"https://hex.pm/api/packages/gleam_synapses/releases/1.0.0","2022-05-26T15:42:16.657Z","2022-05-26T15:42:13.492Z","2024-09-29T08:25:50.064Z"
"gleam_synapses","1.0.1",18,"https://hex.pm/api/packages/gleam_synapses/releases/1.0.1","2024-09-26T17:03:28.110Z","2024-09-26T17:03:25.157Z","2024-09-29T08:25:50.064Z"
"gleam_tailwind","0.1.0",32,"https://hex.pm/api/packages/gleam_tailwind/releases/0.1.0","2023-12-06T16:55:26.966Z","2023-11-29T09:46:25.122Z","2024-07-03T01:00:05.356Z"
"gleam_tcp","0.1.0",64,"https://hex.pm/api/packages/gleam_tcp/releases/0.1.0","2022-02-08T22:33:07.635Z","2022-02-08T22:33:02.027Z","2024-07-03T02:33:35.674Z"
"gleam_test","0.1.0",64,"https://hex.pm/api/packages/gleam_test/releases/0.1.0","2022-02-08T22:20:10.421Z","2022-02-08T22:20:07.303Z","2024-07-03T02:33:36.788Z"
"gleam_time","1.0.0",13776,"https://hex.pm/api/packages/gleam_time/releases/1.0.0","2025-03-05T16:08:45.309Z","2025-03-05T16:08:42.897Z","2025-04-23T13:09:52.595Z"
"gleam_time","1.0.0-rc1",174,"https://hex.pm/api/packages/gleam_time/releases/1.0.0-rc1","2025-02-03T21:09:11.299Z","2025-02-03T21:09:08.542Z","2025-04-23T13:09:52.595Z"
"gleam_time","1.0.0-rc2",4224,"https://hex.pm/api/packages/gleam_time/releases/1.0.0-rc2","2025-02-05T15:06:04.882Z","2025-02-05T15:06:00.615Z","2025-04-23T13:09:52.595Z"
"gleam_time","1.1.0",2365,"https://hex.pm/api/packages/gleam_time/releases/1.1.0","2025-03-29T21:00:04.408Z","2025-03-29T21:00:01.866Z","2025-04-23T13:09:52.595Z"
"gleam_time","1.2.0",238,"https://hex.pm/api/packages/gleam_time/releases/1.2.0","2025-04-20T18:47:37.412Z","2025-04-20T18:47:34.643Z","2025-04-23T13:09:52.595Z"
"gleam_toml","0.1.0",65,"https://hex.pm/api/packages/gleam_toml/releases/0.1.0","2022-05-20T15:39:31.846Z","2022-05-20T15:39:28.695Z","2024-07-03T02:21:52.480Z"
"gleam_xml","0.1.0",57,"https://hex.pm/api/packages/gleam_xml/releases/0.1.0","2022-03-01T18:11:25.408Z","2022-03-01T18:11:22.269Z","2024-07-03T02:30:36.584Z"
"gleam_yaml","0.0.1",31,"https://hex.pm/api/packages/gleam_yaml/releases/0.0.1","2024-03-18T17:24:07.110Z","2024-03-18T17:24:04.833Z","2024-07-03T00:24:02.235Z"
"gleam_yielder","1.0.0",233,"https://hex.pm/api/packages/gleam_yielder/releases/1.0.0","2024-11-20T19:19:26.599Z","2024-11-20T19:19:23.974Z","2024-12-10T03:03:19.404Z"
"gleam_yielder","1.1.0",1004,"https://hex.pm/api/packages/gleam_yielder/releases/1.1.0","2024-11-29T12:57:58.431Z","2024-11-29T12:57:55.589Z","2024-12-10T03:03:19.404Z"
"gleam_zlists","0.0.4",124,"https://hex.pm/api/packages/gleam_zlists/releases/0.0.4","2022-05-17T07:09:12.018Z","2022-05-17T07:09:08.833Z","2024-09-28T22:11:14.441Z"
"gleam_zlists","1.0.0",26,"https://hex.pm/api/packages/gleam_zlists/releases/1.0.0","2024-09-26T16:08:41.517Z","2024-09-26T16:08:38.410Z","2024-09-28T22:11:14.441Z"
"gleambox","0.0.1",38,"https://hex.pm/api/packages/gleambox/releases/0.0.1","2024-03-23T16:46:25.194Z","2024-03-23T16:46:21.722Z","2024-07-24T10:01:20.377Z"
"gleambox","0.0.10",8,"https://hex.pm/api/packages/gleambox/releases/0.0.10","2024-07-20T15:31:52.599Z","2024-07-20T15:31:48.839Z","2024-07-24T10:01:20.377Z"
"gleambox","0.0.2",36,"https://hex.pm/api/packages/gleambox/releases/0.0.2","2024-03-23T17:12:21.257Z","2024-03-23T16:53:31.900Z","2024-07-24T10:01:20.377Z"
"gleambox","0.0.3",35,"https://hex.pm/api/packages/gleambox/releases/0.0.3","2024-03-23T19:54:29.596Z","2024-03-23T19:54:26.419Z","2024-07-24T10:01:20.377Z"
"gleambox","0.0.4",37,"https://hex.pm/api/packages/gleambox/releases/0.0.4","2024-03-24T03:56:37.601Z","2024-03-24T03:56:34.020Z","2024-07-24T10:01:20.377Z"
"gleambox","0.0.5",36,"https://hex.pm/api/packages/gleambox/releases/0.0.5","2024-03-26T17:27:31.958Z","2024-03-26T17:27:28.704Z","2024-07-24T10:01:20.377Z"
"gleambox","0.0.6",10,"https://hex.pm/api/packages/gleambox/releases/0.0.6","2024-07-14T11:40:05.772Z","2024-07-14T11:40:02.651Z","2024-07-24T10:01:20.377Z"
"gleambox","0.0.7",8,"https://hex.pm/api/packages/gleambox/releases/0.0.7","2024-07-20T15:16:53.312Z","2024-07-20T15:16:49.905Z","2024-07-24T10:01:20.377Z"
"gleambox","0.0.9",8,"https://hex.pm/api/packages/gleambox/releases/0.0.9","2024-07-20T15:27:06.464Z","2024-07-20T15:27:03.110Z","2024-07-24T10:01:20.377Z"
"gleameter","1.0.0",12,"https://hex.pm/api/packages/gleameter/releases/1.0.0","2024-11-25T15:09:28.477Z","2024-11-25T15:09:25.560Z","2024-11-27T07:03:46.831Z"
"gleameter","1.1.0",12,"https://hex.pm/api/packages/gleameter/releases/1.1.0","2024-11-25T17:54:57.032Z","2024-11-25T17:54:54.164Z","2024-11-27T07:03:46.830Z"
"gleamgen","0.1.0",26,"https://hex.pm/api/packages/gleamgen/releases/0.1.0","2024-11-11T23:50:41.362Z","2024-11-11T23:50:38.477Z","2025-02-17T17:20:40.738Z"
"gleamgen","0.2.0",28,"https://hex.pm/api/packages/gleamgen/releases/0.2.0","2024-11-12T01:49:04.538Z","2024-11-12T01:49:01.577Z","2025-02-17T17:20:40.738Z"
"gleamgen","0.2.1",30,"https://hex.pm/api/packages/gleamgen/releases/0.2.1","2024-11-14T06:44:25.751Z","2024-11-14T06:44:22.800Z","2025-02-17T17:20:40.738Z"
"gleamgen","0.3.0",34,"https://hex.pm/api/packages/gleamgen/releases/0.3.0","2024-11-26T23:41:15.675Z","2024-11-26T23:41:11.670Z","2025-02-17T17:20:40.738Z"
"gleamgen","0.3.1",41,"https://hex.pm/api/packages/gleamgen/releases/0.3.1","2025-01-03T23:28:33.527Z","2025-01-03T23:28:30.608Z","2025-02-17T17:20:40.738Z"
"gleamgen","0.3.2",50,"https://hex.pm/api/packages/gleamgen/releases/0.3.2","2025-01-28T05:44:19.396Z","2025-01-28T05:44:16.428Z","2025-02-17T17:20:40.738Z"
"gleamgen","0.3.3",26,"https://hex.pm/api/packages/gleamgen/releases/0.3.3","2025-02-09T07:43:54.024Z","2025-02-09T07:43:51.063Z","2025-02-17T17:20:40.738Z"
"gleamgen","0.3.4",29,"https://hex.pm/api/packages/gleamgen/releases/0.3.4","2025-02-09T23:02:50.467Z","2025-02-09T23:02:47.305Z","2025-02-17T17:20:40.738Z"
"gleamgen","0.3.5",20,"https://hex.pm/api/packages/gleamgen/releases/0.3.5","2025-02-13T05:51:17.822Z","2025-02-13T05:51:14.807Z","2025-02-17T17:20:40.738Z"
"gleamgen","0.3.6",14,"https://hex.pm/api/packages/gleamgen/releases/0.3.6","2025-02-14T07:49:47.417Z","2025-02-14T07:49:44.421Z","2025-02-17T17:20:40.738Z"
"gleamix","0.0.1",26,"https://hex.pm/api/packages/gleamix/releases/0.0.1","2024-03-14T21:17:05.046Z","2024-03-14T21:17:02.787Z","2024-07-02T23:26:15.722Z"
"gleamix","0.0.2",12,"https://hex.pm/api/packages/gleamix/releases/0.0.2","2024-06-26T19:55:20.779Z","2024-06-26T19:55:18.146Z","2024-07-02T23:26:15.722Z"
"gleamix","0.0.3",12,"https://hex.pm/api/packages/gleamix/releases/0.0.3","2024-06-27T11:39:43.009Z","2024-06-27T11:39:39.909Z","2024-07-02T23:26:15.722Z"
"gleamlz_string","1.0.0",12,"https://hex.pm/api/packages/gleamlz_string/releases/1.0.0","2024-10-03T20:31:07.649Z","2024-10-03T19:43:58.890Z","2024-10-06T04:17:23.638Z"
"gleamlz_string","1.0.1",10,"https://hex.pm/api/packages/gleamlz_string/releases/1.0.1","2024-10-03T23:45:52.823Z","2024-10-03T23:45:50.129Z","2024-10-06T04:17:23.638Z"
"gleamoire","1.1.0",12,"https://hex.pm/api/packages/gleamoire/releases/1.1.0","2025-03-09T17:28:54.133Z","2025-03-09T17:28:51.517Z","2025-03-12T00:43:32.605Z"
"gleamql","0.1.0",202,"https://hex.pm/api/packages/gleamql/releases/0.1.0","2023-01-28T16:26:07.754Z","2023-01-28T16:26:07.044Z","2024-07-03T00:59:09.358Z"
"gleamql","0.2.0",52,"https://hex.pm/api/packages/gleamql/releases/0.2.0","2023-02-20T14:08:41.292Z","2023-02-20T14:08:39.061Z","2024-07-03T00:59:09.358Z"
"gleamql","0.3.0",71,"https://hex.pm/api/packages/gleamql/releases/0.3.0","2023-02-22T13:45:13.812Z","2023-02-22T13:45:11.465Z","2024-07-03T00:59:09.358Z"
"gleamql","0.3.1",62,"https://hex.pm/api/packages/gleamql/releases/0.3.1","2023-12-12T16:39:06.965Z","2023-12-12T16:39:04.309Z","2024-07-03T00:59:09.358Z"
"gleamrpc","1.0.0",22,"https://hex.pm/api/packages/gleamrpc/releases/1.0.0","2024-12-22T13:30:54.834Z","2024-12-22T13:30:51.764Z","2025-01-13T14:11:45.952Z"
"gleamrpc","2.0.0",24,"https://hex.pm/api/packages/gleamrpc/releases/2.0.0","2024-12-22T18:53:00.424Z","2024-12-22T18:52:57.379Z","2025-01-13T14:11:45.952Z"
"gleamrpc","2.0.1",42,"https://hex.pm/api/packages/gleamrpc/releases/2.0.1","2024-12-22T19:41:03.169Z","2024-12-22T19:41:00.772Z","2025-01-13T14:11:45.952Z"
"gleamrpc","2.1.0",24,"https://hex.pm/api/packages/gleamrpc/releases/2.1.0","2025-01-02T20:21:40.460Z","2025-01-02T20:21:37.818Z","2025-01-13T14:11:45.952Z"
"gleamrpc","2.1.1",24,"https://hex.pm/api/packages/gleamrpc/releases/2.1.1","2025-01-04T10:43:12.592Z","2025-01-04T10:43:10.094Z","2025-01-13T14:11:45.952Z"
"gleamrpc","2.1.2",36,"https://hex.pm/api/packages/gleamrpc/releases/2.1.2","2025-01-04T11:20:26.463Z","2025-01-04T11:20:24.042Z","2025-01-13T14:11:45.952Z"
"gleamrpc","2.1.3",26,"https://hex.pm/api/packages/gleamrpc/releases/2.1.3","2025-01-05T16:58:25.236Z","2025-01-05T16:58:22.621Z","2025-01-13T14:11:45.952Z"
"gleamrpc","2.1.4",28,"https://hex.pm/api/packages/gleamrpc/releases/2.1.4","2025-01-06T18:42:17.499Z","2025-01-06T18:42:14.881Z","2025-01-13T14:11:45.952Z"
"gleamrpc","2.1.5",34,"https://hex.pm/api/packages/gleamrpc/releases/2.1.5","2025-01-10T09:40:28.414Z","2025-01-10T09:40:25.908Z","2025-01-13T14:11:45.952Z"
"gleamrpc_http_client","1.0.0",20,"https://hex.pm/api/packages/gleamrpc_http_client/releases/1.0.0","2025-01-01T14:13:34.296Z","2025-01-01T14:13:31.724Z","2025-01-13T14:11:41.512Z"
"gleamrpc_http_client","1.0.1",24,"https://hex.pm/api/packages/gleamrpc_http_client/releases/1.0.1","2025-01-05T15:36:14.937Z","2025-01-05T15:36:12.538Z","2025-01-13T14:11:41.512Z"
"gleamrpc_http_client","1.0.2",16,"https://hex.pm/api/packages/gleamrpc_http_client/releases/1.0.2","2025-01-10T10:07:47.163Z","2025-01-10T10:07:44.539Z","2025-01-13T14:11:41.512Z"
"gleamrpc_http_server","1.0.0",24,"https://hex.pm/api/packages/gleamrpc_http_server/releases/1.0.0","2025-01-05T15:29:16.338Z","2025-01-05T15:29:13.883Z","2025-01-14T00:28:51.010Z"
"gleamrpc_http_server","1.0.1",14,"https://hex.pm/api/packages/gleamrpc_http_server/releases/1.0.1","2025-01-10T10:49:40.049Z","2025-01-10T10:49:37.204Z","2025-01-14T00:28:51.010Z"
"gleamrpc_http_server","1.0.2",14,"https://hex.pm/api/packages/gleamrpc_http_server/releases/1.0.2","2025-01-10T11:02:59.409Z","2025-01-10T11:02:56.362Z","2025-01-14T00:28:51.010Z"
"gleamrpc_http_server","1.0.3",14,"https://hex.pm/api/packages/gleamrpc_http_server/releases/1.0.3","2025-01-10T11:48:17.558Z","2025-01-10T11:48:14.909Z","2025-01-14T00:28:51.010Z"
"gleamstar","1.0.0",20,"https://hex.pm/api/packages/gleamstar/releases/1.0.0","2024-11-29T14:15:16.495Z","2024-11-29T14:15:13.842Z","2024-12-03T06:46:32.634Z"
"gleamstar","1.0.1",14,"https://hex.pm/api/packages/gleamstar/releases/1.0.1","2024-11-29T16:48:25.601Z","2024-11-29T16:48:23.031Z","2024-12-03T06:46:32.634Z"
"gleamstral","1.0.0",20,"https://hex.pm/api/packages/gleamstral/releases/1.0.0","2025-03-04T07:06:20.038Z","2025-03-04T07:06:16.632Z","2025-03-11T14:25:30.798Z"
"gleamstral","1.1.0",22,"https://hex.pm/api/packages/gleamstral/releases/1.1.0","2025-03-04T10:12:00.472Z","2025-03-04T10:11:57.537Z","2025-03-11T14:25:30.798Z"
"gleamstral","1.2.0",20,"https://hex.pm/api/packages/gleamstral/releases/1.2.0","2025-03-08T08:31:13.460Z","2025-03-08T08:31:10.545Z","2025-03-11T14:25:30.797Z"
"gleamsver","1.0.0",817,"https://hex.pm/api/packages/gleamsver/releases/1.0.0","2024-05-20T20:24:03.522Z","2024-05-20T20:24:00.632Z","2024-07-10T09:13:07.335Z"
"gleamsver","1.0.1",30,"https://hex.pm/api/packages/gleamsver/releases/1.0.1","2024-07-08T10:15:26.697Z","2024-07-08T10:15:24.429Z","2024-07-10T09:13:07.334Z"
"gleamy_bench","0.1.0",52,"https://hex.pm/api/packages/gleamy_bench/releases/0.1.0","2023-11-01T22:56:39.826Z","2023-11-01T22:56:36.852Z","2025-02-20T07:05:57.627Z"
"gleamy_bench","0.2.0",74,"https://hex.pm/api/packages/gleamy_bench/releases/0.2.0","2023-11-03T03:24:37.931Z","2023-11-03T03:24:35.006Z","2025-02-20T07:05:57.627Z"
"gleamy_bench","0.3.0",69,"https://hex.pm/api/packages/gleamy_bench/releases/0.3.0","2023-12-04T20:30:02.460Z","2023-12-04T20:29:59.839Z","2025-02-20T07:05:57.627Z"
"gleamy_bench","0.4.0",232,"https://hex.pm/api/packages/gleamy_bench/releases/0.4.0","2024-02-16T07:27:28.369Z","2024-02-16T07:27:25.379Z","2025-02-20T07:05:57.627Z"
"gleamy_bench","0.5.0",239,"https://hex.pm/api/packages/gleamy_bench/releases/0.5.0","2024-10-24T07:25:45.237Z","2024-10-24T07:25:40.891Z","2025-02-20T07:05:57.627Z"
"gleamy_bench","0.6.0",16,"https://hex.pm/api/packages/gleamy_bench/releases/0.6.0","2025-02-17T22:30:26.794Z","2025-02-17T22:30:23.474Z","2025-02-20T07:05:57.627Z"
"gleamy_lights","1.0.0",24,"https://hex.pm/api/packages/gleamy_lights/releases/1.0.0","2024-09-21T16:49:27.883Z","2024-09-21T16:49:25.414Z","2024-12-01T03:27:32.667Z"
"gleamy_lights","1.1.0",28,"https://hex.pm/api/packages/gleamy_lights/releases/1.1.0","2024-09-22T15:27:20.445Z","2024-09-22T15:27:17.183Z","2024-12-01T03:27:32.667Z"
"gleamy_lights","2.0.0",24,"https://hex.pm/api/packages/gleamy_lights/releases/2.0.0","2024-09-22T22:17:07.445Z","2024-09-22T22:17:04.880Z","2024-12-01T03:27:32.667Z"
"gleamy_lights","2.0.1",40,"https://hex.pm/api/packages/gleamy_lights/releases/2.0.1","2024-09-22T22:52:17.522Z","2024-09-22T22:52:14.716Z","2024-12-01T03:27:32.667Z"
"gleamy_lights","2.0.2",28,"https://hex.pm/api/packages/gleamy_lights/releases/2.0.2","2024-09-27T16:12:12.943Z","2024-09-27T16:12:10.340Z","2024-12-01T03:27:32.666Z"
"gleamy_lights","2.1.0",42,"https://hex.pm/api/packages/gleamy_lights/releases/2.1.0","2024-09-29T13:01:28.391Z","2024-09-29T13:01:25.556Z","2024-12-01T03:27:32.666Z"
"gleamy_lights","2.2.0",26,"https://hex.pm/api/packages/gleamy_lights/releases/2.2.0","2024-09-29T17:05:57.938Z","2024-09-29T17:05:55.444Z","2024-12-01T03:27:32.666Z"
"gleamy_lights","2.2.1",234,"https://hex.pm/api/packages/gleamy_lights/releases/2.2.1","2024-10-09T20:49:29.818Z","2024-10-09T20:49:27.158Z","2024-12-01T03:27:32.666Z"
"gleamy_lights","2.3.0",38,"https://hex.pm/api/packages/gleamy_lights/releases/2.3.0","2024-11-27T21:35:54.123Z","2024-11-27T21:35:50.995Z","2024-12-01T03:27:32.666Z"
"gleamy_structures","0.1.0",59,"https://hex.pm/api/packages/gleamy_structures/releases/0.1.0","2023-05-26T06:23:11.463Z","2023-05-26T06:23:08.555Z","2024-12-11T20:06:31.297Z"
"gleamy_structures","0.2.0",63,"https://hex.pm/api/packages/gleamy_structures/releases/0.2.0","2023-05-26T06:39:17.599Z","2023-05-26T06:39:14.766Z","2024-12-11T20:06:31.297Z"
"gleamy_structures","0.3.0",94,"https://hex.pm/api/packages/gleamy_structures/releases/0.3.0","2023-05-26T07:26:05.524Z","2023-05-26T07:26:02.473Z","2024-12-11T20:06:31.297Z"
"gleamy_structures","0.4.1",56,"https://hex.pm/api/packages/gleamy_structures/releases/0.4.1","2024-02-15T23:03:30.011Z","2024-02-15T23:03:27.508Z","2024-12-11T20:06:31.297Z"
"gleamy_structures","1.0.0",470,"https://hex.pm/api/packages/gleamy_structures/releases/1.0.0","2024-05-08T01:24:30.909Z","2024-05-08T01:24:27.782Z","2024-12-11T20:06:31.297Z"
"gleamy_structures","1.1.0",12,"https://hex.pm/api/packages/gleamy_structures/releases/1.1.0","2024-12-10T02:07:31.516Z","2024-12-10T02:07:28.076Z","2024-12-11T20:06:31.297Z"
"gleamyshell","0.1.0",23,"https://hex.pm/api/packages/gleamyshell/releases/0.1.0","2024-05-26T18:33:01.025Z","2024-05-26T18:32:58.685Z","2024-10-20T06:25:25.854Z"
"gleamyshell","0.2.0",25,"https://hex.pm/api/packages/gleamyshell/releases/0.2.0","2024-05-28T18:54:12.920Z","2024-05-28T18:54:10.614Z","2024-10-20T06:25:25.854Z"
"gleamyshell","0.3.0",16,"https://hex.pm/api/packages/gleamyshell/releases/0.3.0","2024-05-29T20:49:23.154Z","2024-05-29T20:37:05.899Z","2024-10-20T06:25:25.854Z"
"gleamyshell","0.3.1",26,"https://hex.pm/api/packages/gleamyshell/releases/0.3.1","2024-05-29T20:54:06.660Z","2024-05-29T20:54:04.421Z","2024-10-20T06:25:25.854Z"
"gleamyshell","0.4.0",22,"https://hex.pm/api/packages/gleamyshell/releases/0.4.0","2024-05-31T15:36:24.789Z","2024-05-31T15:36:21.349Z","2024-10-20T06:25:25.854Z"
"gleamyshell","0.5.0",54,"https://hex.pm/api/packages/gleamyshell/releases/0.5.0","2024-06-01T19:02:03.677Z","2024-06-01T19:02:01.246Z","2024-10-20T06:25:25.854Z"
"gleamyshell","1.0.0",65,"https://hex.pm/api/packages/gleamyshell/releases/1.0.0","2024-06-04T14:10:49.002Z","2024-06-04T14:10:46.330Z","2024-10-20T06:25:25.854Z"
"gleamyshell","1.1.0",142,"https://hex.pm/api/packages/gleamyshell/releases/1.1.0","2024-06-06T14:37:33.348Z","2024-06-06T14:37:30.926Z","2024-10-20T06:25:25.854Z"
"gleamyshell","2.0.0",60,"https://hex.pm/api/packages/gleamyshell/releases/2.0.0","2024-07-12T09:17:27.017Z","2024-07-12T09:17:24.779Z","2024-10-20T06:25:25.854Z"
"gleamyshell","2.0.1",855,"https://hex.pm/api/packages/gleamyshell/releases/2.0.1","2024-07-14T08:35:34.441Z","2024-07-14T08:35:31.307Z","2024-10-20T06:25:25.854Z"
"gleamyshell","2.0.2",22,"https://hex.pm/api/packages/gleamyshell/releases/2.0.2","2024-10-17T19:41:03.666Z","2024-10-17T19:41:01.377Z","2024-10-20T06:25:25.854Z"
"gleanix","0.0.1",24,"https://hex.pm/api/packages/gleanix/releases/0.0.1","2024-03-14T21:16:23.348Z","2024-03-14T21:16:21.016Z","2024-07-02T23:26:16.923Z"
"gleanix","0.0.2",12,"https://hex.pm/api/packages/gleanix/releases/0.0.2","2024-06-26T19:59:00.677Z","2024-06-26T19:58:58.237Z","2024-07-02T23:26:16.923Z"
"gleanix","0.0.3",12,"https://hex.pm/api/packages/gleanix/releases/0.0.3","2024-06-27T11:39:32.530Z","2024-06-27T11:39:30.172Z","2024-07-02T23:26:16.923Z"
"glearray","0.1.0",56,"https://hex.pm/api/packages/glearray/releases/0.1.0","2023-12-11T21:31:04.589Z","2023-12-11T21:31:02.113Z","2025-04-16T05:54:31.364Z"
"glearray","0.2.0",65,"https://hex.pm/api/packages/glearray/releases/0.2.0","2023-12-11T22:58:10.754Z","2023-12-11T22:58:08.199Z","2025-04-16T05:54:31.364Z"
"glearray","0.2.1",1441,"https://hex.pm/api/packages/glearray/releases/0.2.1","2023-12-12T17:56:17.908Z","2023-12-12T17:56:14.935Z","2025-04-16T05:54:31.364Z"
"glearray","0.2.2",11028,"https://hex.pm/api/packages/glearray/releases/0.2.2","2024-05-19T15:54:03.039Z","2024-05-19T15:54:00.454Z","2025-04-16T05:54:31.364Z"
"glearray","1.0.0",6937,"https://hex.pm/api/packages/glearray/releases/1.0.0","2024-05-19T22:31:14.853Z","2024-05-19T22:31:12.092Z","2025-04-16T05:54:31.364Z"
"glearray","2.0.0",8306,"https://hex.pm/api/packages/glearray/releases/2.0.0","2024-12-28T23:38:44.029Z","2024-12-28T23:38:41.398Z","2025-04-16T05:54:31.364Z"
"glearray","2.0.2",32,"https://hex.pm/api/packages/glearray/releases/2.0.2","2025-04-09T01:00:43.654Z","2025-04-09T01:00:40.898Z","2025-04-16T05:54:31.364Z"
"glearray","2.1.0",96,"https://hex.pm/api/packages/glearray/releases/2.1.0","2025-04-11T18:38:27.553Z","2025-04-11T18:38:25.049Z","2025-04-16T05:54:31.364Z"
"gleastsq","0.1.0",12,"https://hex.pm/api/packages/gleastsq/releases/0.1.0","2024-06-21T17:49:03.268Z","2024-06-21T17:49:00.326Z","2024-07-02T23:28:53.154Z"
"gleastsq","0.1.1",14,"https://hex.pm/api/packages/gleastsq/releases/0.1.1","2024-06-21T17:55:56.545Z","2024-06-21T17:55:53.657Z","2024-07-02T23:28:53.154Z"
"gleastsq","0.1.2",10,"https://hex.pm/api/packages/gleastsq/releases/0.1.2","2024-06-21T18:12:20.761Z","2024-06-21T18:12:17.838Z","2024-07-02T23:28:53.154Z"
"gleastsq","0.2.0",10,"https://hex.pm/api/packages/gleastsq/releases/0.2.0","2024-06-22T15:50:30.903Z","2024-06-22T15:50:27.801Z","2024-07-02T23:28:53.154Z"
"gleastsq","0.3.0",8,"https://hex.pm/api/packages/gleastsq/releases/0.3.0","2024-06-22T20:19:20.552Z","2024-06-22T20:19:17.857Z","2024-07-02T23:28:53.154Z"
"gleastsq","0.3.1",6,"https://hex.pm/api/packages/gleastsq/releases/0.3.1","2024-06-22T20:52:12.110Z","2024-06-22T20:52:09.399Z","2024-07-02T23:28:53.154Z"
"gleastsq","0.3.2",8,"https://hex.pm/api/packages/gleastsq/releases/0.3.2","2024-06-23T01:01:07.625Z","2024-06-23T01:01:04.239Z","2024-07-02T23:28:53.154Z"
"gleastsq","0.4.0",10,"https://hex.pm/api/packages/gleastsq/releases/0.4.0","2024-06-23T02:53:31.380Z","2024-06-23T02:53:28.502Z","2024-07-02T23:28:53.154Z"
"gleastsq","0.4.1",12,"https://hex.pm/api/packages/gleastsq/releases/0.4.1","2024-06-23T15:01:06.152Z","2024-06-23T15:01:02.390Z","2024-07-02T23:28:53.154Z"
"gleastsq","0.4.2",18,"https://hex.pm/api/packages/gleastsq/releases/0.4.2","2024-06-24T03:11:04.452Z","2024-06-24T03:11:01.793Z","2024-07-02T23:28:53.154Z"
"gleastsq","0.4.3",16,"https://hex.pm/api/packages/gleastsq/releases/0.4.3","2024-06-24T14:40:14.826Z","2024-06-24T14:40:11.795Z","2024-07-02T23:28:53.154Z"
"gleastsq","0.5.0",14,"https://hex.pm/api/packages/gleastsq/releases/0.5.0","2024-06-24T23:34:21.871Z","2024-06-24T23:34:19.244Z","2024-07-02T23:28:53.154Z"
"gleastsq","0.5.1",18,"https://hex.pm/api/packages/gleastsq/releases/0.5.1","2024-06-25T00:35:55.410Z","2024-06-25T00:35:52.868Z","2024-07-02T23:28:53.154Z"
"gleastsq","0.5.2",14,"https://hex.pm/api/packages/gleastsq/releases/0.5.2","2024-06-25T19:08:31.337Z","2024-06-25T19:08:28.483Z","2024-07-02T23:28:53.153Z"
"gleatfy","1.0.0",10,"https://hex.pm/api/packages/gleatfy/releases/1.0.0","2024-10-01T08:29:43.864Z","2024-10-01T08:29:41.442Z","2024-10-04T01:05:05.920Z"
"gleatfy","1.0.1",10,"https://hex.pm/api/packages/gleatfy/releases/1.0.1","2024-10-01T08:39:06.680Z","2024-10-01T08:39:04.027Z","2024-10-04T01:05:05.920Z"
"gleative","0.1.0",36,"https://hex.pm/api/packages/gleative/releases/0.1.0","2024-06-03T16:52:49.818Z","2024-06-03T16:52:46.583Z","2024-07-02T23:45:55.146Z"
"gleatter","1.0.0",30,"https://hex.pm/api/packages/gleatter/releases/1.0.0","2024-12-12T18:41:27.933Z","2024-12-12T18:41:24.931Z","2024-12-26T09:24:12.786Z"
"gleatter","1.0.1",38,"https://hex.pm/api/packages/gleatter/releases/1.0.1","2024-12-22T08:06:59.029Z","2024-12-22T08:06:55.964Z","2024-12-26T09:24:12.786Z"
"gleatter_lustre","1.0.0",8,"https://hex.pm/api/packages/gleatter_lustre/releases/1.0.0","2024-12-12T21:36:22.981Z","2024-12-12T21:36:20.439Z","2024-12-14T20:02:01.493Z"
"gleave","0.1.0",19,"https://hex.pm/api/packages/gleave/releases/0.1.0","2024-11-10T20:30:01.993Z","2024-11-10T20:26:13.127Z","2024-12-03T17:02:29.419Z"
"gleave","1.0.0",38,"https://hex.pm/api/packages/gleave/releases/1.0.0","2024-11-10T20:37:01.985Z","2024-11-10T20:33:46.801Z","2024-12-03T17:02:29.419Z"
"gleb128","1.0.0",45,"https://hex.pm/api/packages/gleb128/releases/1.0.0","2024-07-19T19:54:06.301Z","2024-07-19T19:54:03.869Z","2025-03-18T21:32:05.141Z"
"gleb128","2.0.0",107,"https://hex.pm/api/packages/gleb128/releases/2.0.0","2024-08-11T16:43:57.603Z","2024-08-11T16:43:55.105Z","2025-03-18T21:32:05.141Z"
"gleb128","2.0.1",37,"https://hex.pm/api/packages/gleb128/releases/2.0.1","2024-09-04T14:18:09.033Z","2024-09-04T14:18:06.133Z","2025-03-18T21:32:05.141Z"
"gleb128","2.1.0",44,"https://hex.pm/api/packages/gleb128/releases/2.1.0","2024-09-11T19:01:10.477Z","2024-09-11T19:01:06.998Z","2025-03-18T21:32:05.141Z"
"gleb128","2.1.1",67,"https://hex.pm/api/packages/gleb128/releases/2.1.1","2024-12-31T13:40:15.283Z","2024-12-31T13:40:12.498Z","2025-03-18T21:32:05.140Z"
"gleb128","3.0.0",16,"https://hex.pm/api/packages/gleb128/releases/3.0.0","2025-03-15T01:05:46.733Z","2025-03-15T01:05:44.525Z","2025-03-18T21:32:05.140Z"
"glebs","0.1.0",34,"https://hex.pm/api/packages/glebs/releases/0.1.0","2024-11-29T10:24:43.333Z","2024-11-29T10:24:40.297Z","2025-03-31T08:28:43.481Z"
"glebs","0.1.1",59,"https://hex.pm/api/packages/glebs/releases/0.1.1","2024-12-16T16:55:16.415Z","2024-12-16T16:55:12.918Z","2025-03-31T08:28:43.480Z"
"glebs","1.0.0",14,"https://hex.pm/api/packages/glebs/releases/1.0.0","2025-03-27T20:20:47.630Z","2025-03-27T20:20:44.237Z","2025-03-31T08:28:43.480Z"
"glebs","1.0.1",16,"https://hex.pm/api/packages/glebs/releases/1.0.1","2025-03-27T20:28:58.606Z","2025-03-27T20:28:55.488Z","2025-03-31T08:28:43.480Z"
"glebs","1.0.2",16,"https://hex.pm/api/packages/glebs/releases/1.0.2","2025-03-27T20:35:22.827Z","2025-03-27T20:35:19.645Z","2025-03-31T08:28:43.480Z"
"glector","1.0.0",45,"https://hex.pm/api/packages/glector/releases/1.0.0","2024-05-03T06:57:41.795Z","2024-05-03T06:57:39.192Z","2024-07-03T00:01:40.475Z"
"glector","1.1.0",70,"https://hex.pm/api/packages/glector/releases/1.1.0","2024-05-03T08:28:52.293Z","2024-05-03T08:28:49.564Z","2024-07-03T00:01:40.475Z"
"gledis","0.1.0",46,"https://hex.pm/api/packages/gledis/releases/0.1.0","2023-02-19T20:13:21.602Z","2023-02-18T13:59:49.660Z","2024-07-03T01:48:32.179Z"
"gledis","0.2.0",58,"https://hex.pm/api/packages/gledis/releases/0.2.0","2023-02-19T20:14:10.667Z","2023-02-19T18:25:57.259Z","2024-07-03T01:48:32.179Z"
"gledo","1.0.0",16,"https://hex.pm/api/packages/gledo/releases/1.0.0","2024-05-12T16:15:39.481Z","2024-05-12T16:15:36.541Z","2024-07-02T23:56:29.011Z"
"gledo","1.0.1",31,"https://hex.pm/api/packages/gledo/releases/1.0.1","2024-05-12T20:23:47.370Z","2024-05-12T20:23:44.588Z","2024-07-02T23:56:29.011Z"
"glee","1.0.0",22,"https://hex.pm/api/packages/glee/releases/1.0.0","2025-03-02T16:28:22.644Z","2025-03-02T16:28:19.803Z","2025-03-11T04:07:39.110Z"
"glee","2.0.0",26,"https://hex.pm/api/packages/glee/releases/2.0.0","2025-03-02T16:55:36.482Z","2025-03-02T16:55:33.966Z","2025-03-11T04:07:39.110Z"
"glee","2.1.0",22,"https://hex.pm/api/packages/glee/releases/2.1.0","2025-03-02T17:13:33.382Z","2025-03-02T17:13:31.079Z","2025-03-11T04:07:39.110Z"
"glee","2.1.1",24,"https://hex.pm/api/packages/glee/releases/2.1.1","2025-03-02T22:29:47.981Z","2025-03-02T22:29:45.608Z","2025-03-11T04:07:39.110Z"
"glee","2.2.0",26,"https://hex.pm/api/packages/glee/releases/2.2.0","2025-03-02T23:06:09.289Z","2025-03-02T23:06:06.720Z","2025-03-11T04:07:39.110Z"
"glee","2.2.1",24,"https://hex.pm/api/packages/glee/releases/2.2.1","2025-03-06T01:07:01.082Z","2025-03-06T01:06:58.961Z","2025-03-11T04:07:39.110Z"
"glee","2.2.2",60,"https://hex.pm/api/packages/glee/releases/2.2.2","2025-03-08T01:15:46.774Z","2025-03-08T01:15:44.472Z","2025-03-11T04:07:39.110Z"
"glee_gd","1.0.0",26,"https://hex.pm/api/packages/glee_gd/releases/1.0.0","2024-09-08T04:57:11.526Z","2024-09-08T04:57:08.929Z","2024-09-30T04:54:42.778Z"
"glee_gd","1.0.1",20,"https://hex.pm/api/packages/glee_gd/releases/1.0.1","2024-09-08T14:25:25.163Z","2024-09-08T14:25:22.588Z","2024-09-30T04:54:42.778Z"
"glee_gd","1.0.2",20,"https://hex.pm/api/packages/glee_gd/releases/1.0.2","2024-09-09T17:03:39.606Z","2024-09-09T17:03:36.609Z","2024-09-30T04:54:42.778Z"
"glee_gd","2.0.0",18,"https://hex.pm/api/packages/glee_gd/releases/2.0.0","2024-09-27T07:05:54.834Z","2024-09-27T07:05:51.933Z","2024-09-30T04:54:42.778Z"
"gleebor","0.1.0",32,"https://hex.pm/api/packages/gleebor/releases/0.1.0","2024-04-10T02:42:24.442Z","2024-04-10T02:40:06.553Z","2024-07-03T00:11:30.833Z"
"gleemenu","1.0.0",12,"https://hex.pm/api/packages/gleemenu/releases/1.0.0","2024-09-19T20:22:23.452Z","2024-09-19T20:22:20.856Z","2024-09-22T12:34:29.670Z"
"gleemenu","1.0.1",12,"https://hex.pm/api/packages/gleemenu/releases/1.0.1","2024-09-19T20:29:22.551Z","2024-09-19T20:29:19.600Z","2024-09-22T12:34:29.670Z"
"gleenix","0.0.1",26,"https://hex.pm/api/packages/gleenix/releases/0.0.1","2024-03-14T21:22:10.462Z","2024-03-14T21:22:08.280Z","2024-07-02T23:26:18.128Z"
"gleenix","0.0.2",14,"https://hex.pm/api/packages/gleenix/releases/0.0.2","2024-06-26T19:57:14.559Z","2024-06-26T19:57:12.040Z","2024-07-02T23:26:18.128Z"
"gleenix","0.0.3",12,"https://hex.pm/api/packages/gleenix/releases/0.0.3","2024-06-27T11:39:24.325Z","2024-06-27T11:39:21.686Z","2024-07-02T23:26:18.128Z"
"gleepl","1.0.0",16,"https://hex.pm/api/packages/gleepl/releases/1.0.0","2024-05-12T11:09:24.149Z","2024-05-12T11:09:21.580Z","2024-07-02T23:56:32.968Z"
"gleepl","1.0.1",16,"https://hex.pm/api/packages/gleepl/releases/1.0.1","2024-05-12T14:10:54.329Z","2024-05-12T14:10:51.924Z","2024-07-02T23:56:32.967Z"
"gleescript","1.0.0",981,"https://hex.pm/api/packages/gleescript/releases/1.0.0","2023-12-22T13:53:14.557Z","2023-12-22T13:53:12.192Z","2024-07-19T17:43:29.760Z"
"gleescript","1.0.1",519,"https://hex.pm/api/packages/gleescript/releases/1.0.1","2024-04-05T18:52:02.663Z","2024-04-05T18:52:00.335Z","2024-07-19T17:43:29.760Z"
"gleescript","1.1.0",22,"https://hex.pm/api/packages/gleescript/releases/1.1.0","2024-05-24T14:40:04.878Z","2024-05-24T14:40:02.151Z","2024-07-19T17:43:29.760Z"
"gleescript","1.2.0",307,"https://hex.pm/api/packages/gleescript/releases/1.2.0","2024-05-24T15:04:36.376Z","2024-05-24T15:04:33.603Z","2024-07-19T17:43:29.760Z"
"gleescript","1.3.0",544,"https://hex.pm/api/packages/gleescript/releases/1.3.0","2024-06-12T13:01:39.009Z","2024-06-12T13:01:36.314Z","2024-07-19T17:43:29.760Z"
"gleescript","1.4.0",28,"https://hex.pm/api/packages/gleescript/releases/1.4.0","2024-07-17T12:05:14.602Z","2024-07-17T12:05:11.821Z","2024-07-19T17:43:29.760Z"
"gleesend","1.0.0",28,"https://hex.pm/api/packages/gleesend/releases/1.0.0","2024-08-05T13:28:36.769Z","2024-08-05T13:28:34.103Z","2024-12-20T09:34:00.236Z"
"gleesend","1.0.1",30,"https://hex.pm/api/packages/gleesend/releases/1.0.1","2024-08-05T16:18:38.764Z","2024-08-05T16:18:36.121Z","2024-12-20T09:34:00.236Z"
"gleesend","1.0.3",111,"https://hex.pm/api/packages/gleesend/releases/1.0.3","2024-08-05T22:23:56.346Z","2024-08-05T22:23:53.753Z","2024-12-20T09:34:00.236Z"
"gleesend","2.0.0",33,"https://hex.pm/api/packages/gleesend/releases/2.0.0","2024-08-09T21:45:56.631Z","2024-08-09T21:45:53.904Z","2024-12-20T09:34:00.236Z"
"gleesend","2.0.1",22,"https://hex.pm/api/packages/gleesend/releases/2.0.1","2024-10-18T12:17:28.775Z","2024-10-18T12:17:26.005Z","2024-12-20T09:34:00.236Z"
"gleesend","2.0.2",20,"https://hex.pm/api/packages/gleesend/releases/2.0.2","2024-12-18T10:15:53.627Z","2024-12-18T10:15:50.577Z","2024-12-20T09:34:00.236Z"
"gleeunit","0.1.0",86,"https://hex.pm/api/packages/gleeunit/releases/0.1.0","2021-10-31T16:31:22.879Z","2021-10-31T16:31:22.879Z","2025-04-28T16:52:15.420Z"
"gleeunit","0.10.0",1493,"https://hex.pm/api/packages/gleeunit/releases/0.10.0","2023-01-19T14:09:31.023Z","2023-01-19T14:09:30.046Z","2025-04-28T16:52:15.419Z"
"gleeunit","0.10.1",10018,"https://hex.pm/api/packages/gleeunit/releases/0.10.1","2023-01-23T10:10:53.265Z","2023-01-23T10:10:52.484Z","2025-04-28T16:52:15.419Z"
"gleeunit","0.11.0",7118,"https://hex.pm/api/packages/gleeunit/releases/0.11.0","2023-08-06T20:27:21.408Z","2023-08-06T20:22:19.646Z","2025-04-28T16:52:15.419Z"
"gleeunit","0.2.0",104,"https://hex.pm/api/packages/gleeunit/releases/0.2.0","2021-10-31T16:46:43.459Z","2021-10-31T16:46:43.459Z","2025-04-28T16:52:15.420Z"
"gleeunit","0.3.0",102,"https://hex.pm/api/packages/gleeunit/releases/0.3.0","2021-10-31T19:30:53.397Z","2021-10-31T19:30:53.397Z","2025-04-28T16:52:15.420Z"
"gleeunit","0.4.0",1168,"https://hex.pm/api/packages/gleeunit/releases/0.4.0","2021-11-01T19:26:49.000Z","2021-11-01T19:26:49.000Z","2025-04-28T16:52:15.420Z"
"gleeunit","0.5.0",258,"https://hex.pm/api/packages/gleeunit/releases/0.5.0","2021-12-05T21:04:16.622Z","2021-12-05T21:04:13.375Z","2025-04-28T16:52:15.420Z"
"gleeunit","0.5.1",743,"https://hex.pm/api/packages/gleeunit/releases/0.5.1","2021-12-09T19:20:38.412Z","2021-12-09T19:20:35.116Z","2025-04-28T16:52:15.420Z"
"gleeunit","0.6.0",983,"https://hex.pm/api/packages/gleeunit/releases/0.6.0","2022-01-09T20:05:05.623Z","2022-01-09T20:05:02.592Z","2025-04-28T16:52:15.420Z"
"gleeunit","0.6.1",4148,"https://hex.pm/api/packages/gleeunit/releases/0.6.1","2022-01-29T18:51:14.593Z","2022-01-29T18:51:11.596Z","2025-04-28T16:52:15.420Z"
"gleeunit","0.6.2",5673,"https://hex.pm/api/packages/gleeunit/releases/0.6.2","2022-07-15T20:56:53.650Z","2022-07-15T20:56:00.132Z","2025-04-28T16:52:15.420Z"
"gleeunit","0.7.0",477,"https://hex.pm/api/packages/gleeunit/releases/0.7.0","2022-09-24T12:39:13.709Z","2022-09-24T12:39:09.458Z","2025-04-28T16:52:15.420Z"
"gleeunit","0.7.1",492,"https://hex.pm/api/packages/gleeunit/releases/0.7.1","2022-11-11T11:46:41.854Z","2022-11-11T11:46:41.213Z","2025-04-28T16:52:15.420Z"
"gleeunit","0.7.2",1765,"https://hex.pm/api/packages/gleeunit/releases/0.7.2","2022-11-19T14:11:58.430Z","2022-11-19T14:11:56.966Z","2025-04-28T16:52:15.419Z"
"gleeunit","0.8.0",1343,"https://hex.pm/api/packages/gleeunit/releases/0.8.0","2022-12-17T17:04:30.989Z","2022-12-17T17:04:30.343Z","2025-04-28T16:52:15.419Z"
"gleeunit","0.9.0",481,"https://hex.pm/api/packages/gleeunit/releases/0.9.0","2023-01-08T14:09:55.382Z","2023-01-08T14:09:54.531Z","2025-04-28T16:52:15.419Z"
"gleeunit","1.0.0",6431,"https://hex.pm/api/packages/gleeunit/releases/1.0.0","2023-11-02T10:55:58.776Z","2023-11-02T10:55:56.586Z","2025-04-28T16:52:15.419Z"
"gleeunit","1.0.1",191,"https://hex.pm/api/packages/gleeunit/releases/1.0.1","2023-12-19T11:20:48.182Z","2023-12-19T11:20:45.793Z","2025-04-28T16:52:15.419Z"
"gleeunit","1.0.2",53838,"https://hex.pm/api/packages/gleeunit/releases/1.0.2","2023-12-19T20:53:46.326Z","2023-12-19T20:53:43.708Z","2025-04-28T16:52:15.419Z"
"gleeunit","1.1.2",74314,"https://hex.pm/api/packages/gleeunit/releases/1.1.2","2024-04-01T13:44:20.150Z","2024-04-01T13:44:17.714Z","2025-04-28T16:52:15.419Z"
"gleeunit","1.2.0",175799,"https://hex.pm/api/packages/gleeunit/releases/1.2.0","2024-06-20T12:02:33.436Z","2024-06-20T12:02:28.439Z","2025-04-28T16:52:15.419Z"
"gleeunit","1.3.0",69221,"https://hex.pm/api/packages/gleeunit/releases/1.3.0","2025-02-01T12:51:41.676Z","2025-02-01T12:51:38.945Z","2025-04-28T16:52:15.419Z"
"gleeunit","1.3.1",1398,"https://hex.pm/api/packages/gleeunit/releases/1.3.1","2025-04-24T20:08:29.877Z","2025-04-24T20:08:26.238Z","2025-04-28T16:52:15.419Z"
"gleewhois","1.0.0",10,"https://hex.pm/api/packages/gleewhois/releases/1.0.0","2024-09-06T04:30:05.860Z","2024-09-06T04:26:30.066Z","2024-09-08T10:42:31.964Z"
"gleewhois","1.0.1",10,"https://hex.pm/api/packages/gleewhois/releases/1.0.1","2024-09-06T04:34:44.482Z","2024-09-06T04:34:41.820Z","2024-09-08T10:42:31.964Z"
"gleez","0.1.0",47,"https://hex.pm/api/packages/gleez/releases/0.1.0","2024-05-04T17:06:52.111Z","2024-05-04T16:36:51.776Z","2025-05-02T23:57:04.909Z"
"gleez","0.1.1",51,"https://hex.pm/api/packages/gleez/releases/0.1.1","2024-05-04T17:08:08.767Z","2024-05-04T17:08:05.979Z","2025-05-02T23:57:04.909Z"
"gleez","0.1.2",51,"https://hex.pm/api/packages/gleez/releases/0.1.2","2024-05-06T08:25:52.845Z","2024-05-06T07:56:01.842Z","2025-05-02T23:57:04.909Z"
"gleez","0.2.0",59,"https://hex.pm/api/packages/gleez/releases/0.2.0","2024-05-12T13:44:08.462Z","2024-05-12T13:44:05.474Z","2025-05-02T23:57:04.908Z"
"gleez","0.3.0",48,"https://hex.pm/api/packages/gleez/releases/0.3.0","2024-09-22T13:03:35.319Z","2024-09-22T13:03:31.681Z","2025-05-02T23:57:04.908Z"
"gleez","0.3.1",67,"https://hex.pm/api/packages/gleez/releases/0.3.1","2024-10-18T12:10:33.302Z","2024-10-18T12:10:30.534Z","2025-05-02T23:57:04.908Z"
"gleez","0.3.2",4,"https://hex.pm/api/packages/gleez/releases/0.3.2","2025-05-01T19:16:09.790Z","2025-05-01T19:16:06.398Z","2025-05-02T23:57:04.908Z"
"gleither","0.1.0",34,"https://hex.pm/api/packages/gleither/releases/0.1.0","2024-03-23T22:32:20.293Z","2024-03-23T22:32:17.930Z","2024-08-18T23:14:47.835Z"
"gleither","1.0.0",38,"https://hex.pm/api/packages/gleither/releases/1.0.0","2024-03-24T15:27:41.832Z","2024-03-24T15:27:39.322Z","2024-08-18T23:14:47.835Z"
"gleither","2.0.0",340,"https://hex.pm/api/packages/gleither/releases/2.0.0","2024-03-31T19:03:49.821Z","2024-03-31T19:03:47.560Z","2024-08-18T23:14:47.835Z"
"gleither","2.1.0",22,"https://hex.pm/api/packages/gleither/releases/2.1.0","2024-08-16T00:22:55.909Z","2024-08-16T00:22:52.363Z","2024-08-18T23:14:47.835Z"
"glelm","0.1.0",13,"https://hex.pm/api/packages/glelm/releases/0.1.0","2025-02-10T14:58:01.330Z","2025-02-10T14:57:58.104Z","2025-02-12T03:51:15.334Z"
"glemcached","0.1.0",18,"https://hex.pm/api/packages/glemcached/releases/0.1.0","2024-11-12T03:09:20.025Z","2024-11-12T03:09:16.358Z","2024-12-08T09:58:59.878Z"
"glemcached","0.1.1",16,"https://hex.pm/api/packages/glemcached/releases/0.1.1","2024-12-05T17:08:38.826Z","2024-12-05T17:08:36.372Z","2024-12-08T09:58:59.878Z"
"glemini","1.0.0",10,"https://hex.pm/api/packages/glemini/releases/1.0.0","2024-08-04T22:43:20.539Z","2024-08-04T22:43:18.069Z","2024-08-07T21:31:35.024Z"
"glemo","1.0.0",24,"https://hex.pm/api/packages/glemo/releases/1.0.0","2024-05-17T16:36:31.688Z","2024-05-17T16:36:28.971Z","2024-07-20T14:07:59.626Z"
"glemo","1.0.1",24,"https://hex.pm/api/packages/glemo/releases/1.0.1","2024-05-18T10:18:53.568Z","2024-05-18T10:18:50.336Z","2024-07-20T14:07:59.626Z"
"glemplate","1.0.0",77,"https://hex.pm/api/packages/glemplate/releases/1.0.0","2023-02-27T17:23:45.376Z","2023-02-27T17:23:42.959Z","2025-04-01T15:23:37.123Z"
"glemplate","2.0.0",73,"https://hex.pm/api/packages/glemplate/releases/2.0.0","2023-03-01T18:11:05.387Z","2023-03-01T18:11:03.015Z","2025-04-01T15:23:37.123Z"
"glemplate","2.1.0",72,"https://hex.pm/api/packages/glemplate/releases/2.1.0","2023-05-26T20:02:12.234Z","2023-05-26T20:02:09.639Z","2025-04-01T15:23:37.123Z"
"glemplate","3.0.0",83,"https://hex.pm/api/packages/glemplate/releases/3.0.0","2023-05-28T14:53:19.987Z","2023-05-28T14:53:17.551Z","2025-04-01T15:23:37.123Z"
"glemplate","4.0.0",71,"https://hex.pm/api/packages/glemplate/releases/4.0.0","2023-06-03T21:14:44.841Z","2023-06-03T21:14:42.435Z","2025-04-01T15:23:37.123Z"
"glemplate","5.0.0",115,"https://hex.pm/api/packages/glemplate/releases/5.0.0","2023-07-22T08:16:03.545Z","2023-07-22T08:16:01.293Z","2025-04-01T15:23:37.123Z"
"glemplate","7.0.0",43,"https://hex.pm/api/packages/glemplate/releases/7.0.0","2024-10-10T17:56:16.170Z","2024-10-10T17:56:13.409Z","2025-04-01T15:23:37.123Z"
"glemplate","8.0.0",36,"https://hex.pm/api/packages/glemplate/releases/8.0.0","2024-11-25T11:56:51.197Z","2024-11-25T11:56:48.268Z","2025-04-01T15:23:37.123Z"
"glemplate","8.1.0",87,"https://hex.pm/api/packages/glemplate/releases/8.1.0","2024-12-11T19:55:08.023Z","2024-12-11T19:55:05.250Z","2025-04-01T15:23:37.123Z"
"glemplate","8.1.1",14,"https://hex.pm/api/packages/glemplate/releases/8.1.1","2025-03-29T21:08:30.765Z","2025-03-29T21:08:28.180Z","2025-04-01T15:23:37.123Z"
"glemtext","0.1.0",28,"https://hex.pm/api/packages/glemtext/releases/0.1.0","2024-03-27T11:58:04.305Z","2024-03-27T11:58:02.033Z","2024-07-03T00:18:35.395Z"
"glen","1.0.0",49,"https://hex.pm/api/packages/glen/releases/1.0.0","2024-01-31T13:26:26.022Z","2024-01-31T13:26:23.313Z","2025-02-21T03:41:11.131Z"
"glen","1.1.0",52,"https://hex.pm/api/packages/glen/releases/1.1.0","2024-02-01T13:11:07.718Z","2024-02-01T13:11:05.384Z","2025-02-21T03:41:11.131Z"
"glen","1.1.1",55,"https://hex.pm/api/packages/glen/releases/1.1.1","2024-02-01T13:20:35.500Z","2024-02-01T13:20:33.139Z","2025-02-21T03:41:11.131Z"
"glen","2.0.0",124,"https://hex.pm/api/packages/glen/releases/2.0.0","2024-02-05T13:14:47.192Z","2024-02-05T13:14:45.002Z","2025-02-21T03:41:11.131Z"
"glen","2.1.0",55,"https://hex.pm/api/packages/glen/releases/2.1.0","2024-02-09T13:07:25.737Z","2024-02-09T13:07:23.293Z","2025-02-21T03:41:11.131Z"
"glen","2.1.1",51,"https://hex.pm/api/packages/glen/releases/2.1.1","2024-02-17T13:21:14.257Z","2024-02-17T13:21:11.899Z","2025-02-21T03:41:11.131Z"
"glen","2.2.0",753,"https://hex.pm/api/packages/glen/releases/2.2.0","2024-02-29T21:07:33.900Z","2024-02-29T21:07:31.630Z","2025-02-21T03:41:11.131Z"
"glen","2.2.1",222,"https://hex.pm/api/packages/glen/releases/2.2.1","2024-11-06T18:23:50.703Z","2024-11-06T18:23:47.975Z","2025-02-21T03:41:11.131Z"
"glen","2.2.2",22,"https://hex.pm/api/packages/glen/releases/2.2.2","2025-02-18T17:48:03.155Z","2025-02-18T17:48:00.268Z","2025-02-21T03:41:11.131Z"
"glen_node","0.0.1",57,"https://hex.pm/api/packages/glen_node/releases/0.0.1","2024-05-27T05:09:32.457Z","2024-05-27T05:09:29.808Z","2025-02-25T10:38:19.848Z"
"glen_node","0.0.2",110,"https://hex.pm/api/packages/glen_node/releases/0.0.2","2024-10-03T19:19:12.314Z","2024-10-03T19:19:09.433Z","2025-02-25T10:38:19.848Z"
"glen_node","0.0.3",18,"https://hex.pm/api/packages/glen_node/releases/0.0.3","2025-02-21T21:21:32.692Z","2025-02-21T21:21:29.831Z","2025-02-25T10:38:19.848Z"
"glency","1.0.0",30,"https://hex.pm/api/packages/glency/releases/1.0.0","2024-07-07T17:05:26.132Z","2024-07-07T17:05:23.699Z","2025-01-02T16:02:24.868Z"
"glency","1.0.1",32,"https://hex.pm/api/packages/glency/releases/1.0.1","2024-07-07T17:22:32.691Z","2024-07-07T17:22:30.059Z","2025-01-02T16:02:24.868Z"
"glency","2.0.0",34,"https://hex.pm/api/packages/glency/releases/2.0.0","2024-07-08T15:41:34.814Z","2024-07-08T15:41:32.226Z","2025-01-02T16:02:24.868Z"
"glentities","1.0.0",69,"https://hex.pm/api/packages/glentities/releases/1.0.0","2023-02-12T19:34:03.146Z","2023-02-12T19:34:00.592Z","2024-12-13T13:12:42.933Z"
"glentities","1.0.1",78,"https://hex.pm/api/packages/glentities/releases/1.0.1","2023-02-14T20:06:35.745Z","2023-02-14T20:06:33.059Z","2024-12-13T13:12:42.933Z"
"glentities","2.0.0",63,"https://hex.pm/api/packages/glentities/releases/2.0.0","2023-03-01T17:58:18.254Z","2023-03-01T17:58:15.652Z","2024-12-13T13:12:42.933Z"
"glentities","3.0.0",59,"https://hex.pm/api/packages/glentities/releases/3.0.0","2023-04-15T17:49:21.935Z","2023-04-15T17:49:19.321Z","2024-12-13T13:12:42.933Z"
"glentities","3.1.0",74,"https://hex.pm/api/packages/glentities/releases/3.1.0","2023-05-28T14:23:02.692Z","2023-05-28T14:23:00.123Z","2024-12-13T13:12:42.933Z"
"glentities","4.0.0",66,"https://hex.pm/api/packages/glentities/releases/4.0.0","2023-06-03T21:12:05.023Z","2023-06-03T21:12:02.340Z","2024-12-13T13:12:42.933Z"
"glentities","4.0.1",70,"https://hex.pm/api/packages/glentities/releases/4.0.1","2023-06-16T17:17:56.263Z","2023-06-16T17:17:53.771Z","2024-12-13T13:12:42.933Z"
"glentities","5.0.0",111,"https://hex.pm/api/packages/glentities/releases/5.0.0","2023-07-22T08:10:00.342Z","2023-07-22T08:09:58.023Z","2024-12-13T13:12:42.933Z"
"glentities","6.0.0",73,"https://hex.pm/api/packages/glentities/releases/6.0.0","2023-12-19T20:14:54.017Z","2023-12-19T20:14:51.515Z","2024-12-13T13:12:42.932Z"
"glentities","6.1.0",50,"https://hex.pm/api/packages/glentities/releases/6.1.0","2024-05-23T05:03:50.508Z","2024-05-23T05:03:46.760Z","2024-12-13T13:12:42.932Z"
"glentities","6.2.0",12,"https://hex.pm/api/packages/glentities/releases/6.2.0","2024-12-11T19:33:27.823Z","2024-12-11T19:33:23.805Z","2024-12-13T13:12:42.932Z"
"glenv","0.1.0",74,"https://hex.pm/api/packages/glenv/releases/0.1.0","2024-07-02T21:07:13.900Z","2024-07-02T21:04:16.352Z","2025-04-29T03:10:33.189Z"
"glenv","0.2.0",46,"https://hex.pm/api/packages/glenv/releases/0.2.0","2024-07-03T14:59:07.888Z","2024-07-03T14:59:05.652Z","2025-04-29T03:10:33.189Z"
"glenv","0.2.1",46,"https://hex.pm/api/packages/glenv/releases/0.2.1","2024-07-03T15:08:26.528Z","2024-07-03T15:08:24.157Z","2025-04-29T03:10:33.189Z"
"glenv","0.2.2",46,"https://hex.pm/api/packages/glenv/releases/0.2.2","2024-07-03T15:18:20.944Z","2024-07-03T15:18:18.649Z","2025-04-29T03:10:33.189Z"
"glenv","0.3.0",46,"https://hex.pm/api/packages/glenv/releases/0.3.0","2024-07-03T15:24:07.134Z","2024-07-03T15:24:04.533Z","2025-04-29T03:10:33.189Z"
"glenv","0.4.0",631,"https://hex.pm/api/packages/glenv/releases/0.4.0","2024-07-05T19:13:36.424Z","2024-07-05T19:13:33.895Z","2025-04-29T03:10:33.189Z"
"glenv","0.5.0",18,"https://hex.pm/api/packages/glenv/releases/0.5.0","2025-04-25T13:23:19.229Z","2025-04-25T13:23:16.805Z","2025-04-29T03:10:33.189Z"
"glenvy","0.1.0",151,"https://hex.pm/api/packages/glenvy/releases/0.1.0","2023-05-29T23:50:19.712Z","2023-05-29T23:50:17.616Z","2024-12-08T09:58:42.331Z"
"glenvy","0.2.0",150,"https://hex.pm/api/packages/glenvy/releases/0.2.0","2023-05-30T19:46:06.535Z","2023-05-30T19:46:03.800Z","2024-12-08T09:58:42.331Z"
"glenvy","0.3.0",150,"https://hex.pm/api/packages/glenvy/releases/0.3.0","2023-05-30T21:32:32.030Z","2023-05-30T21:32:29.017Z","2024-12-08T09:58:42.331Z"
"glenvy","0.4.0",207,"https://hex.pm/api/packages/glenvy/releases/0.4.0","2023-05-30T23:02:30.056Z","2023-05-30T23:02:27.449Z","2024-12-08T09:58:42.331Z"
"glenvy","0.5.0",62,"https://hex.pm/api/packages/glenvy/releases/0.5.0","2024-01-26T02:38:09.635Z","2024-01-26T02:38:07.131Z","2024-12-08T09:58:42.331Z"
"glenvy","0.5.1",204,"https://hex.pm/api/packages/glenvy/releases/0.5.1","2024-01-31T03:48:53.046Z","2024-01-31T03:48:50.685Z","2024-12-08T09:58:42.331Z"
"glenvy","0.6.0",52,"https://hex.pm/api/packages/glenvy/releases/0.6.0","2024-04-13T15:49:52.771Z","2024-04-13T15:49:50.510Z","2024-12-08T09:58:42.331Z"
"glenvy","0.6.1",413,"https://hex.pm/api/packages/glenvy/releases/0.6.1","2024-04-13T15:53:59.397Z","2024-04-13T15:53:57.169Z","2024-12-08T09:58:42.331Z"
"glenvy","1.0.0",540,"https://hex.pm/api/packages/glenvy/releases/1.0.0","2024-04-30T01:52:29.187Z","2024-04-30T01:52:26.821Z","2024-12-08T09:58:42.331Z"
"glenvy","1.0.1",450,"https://hex.pm/api/packages/glenvy/releases/1.0.1","2024-08-01T00:08:00.715Z","2024-08-01T00:07:56.269Z","2024-12-08T09:58:42.331Z"
"glenvy","1.1.0",186,"https://hex.pm/api/packages/glenvy/releases/1.1.0","2024-11-22T01:41:36.928Z","2024-11-22T01:41:34.044Z","2024-12-08T09:58:42.331Z"
"glenvy","1.2.0",24,"https://hex.pm/api/packages/glenvy/releases/1.2.0","2024-12-05T22:34:34.350Z","2024-12-05T22:34:31.688Z","2024-12-08T09:58:42.331Z"
"gleojson","0.1.0",14,"https://hex.pm/api/packages/gleojson/releases/0.1.0","2024-09-26T22:29:27.880Z","2024-09-26T22:29:25.071Z","2024-10-05T18:03:10.947Z"
"gleojson","0.2.0",14,"https://hex.pm/api/packages/gleojson/releases/0.2.0","2024-10-01T21:14:46.457Z","2024-10-01T21:14:43.639Z","2024-10-05T18:03:10.947Z"
"gleojson","0.3.0",10,"https://hex.pm/api/packages/gleojson/releases/0.3.0","2024-10-03T15:33:21.220Z","2024-10-03T15:33:18.682Z","2024-10-05T18:03:10.947Z"
"glepack","0.1.0",18,"https://hex.pm/api/packages/glepack/releases/0.1.0","2025-04-17T13:04:17.572Z","2025-04-17T13:04:14.351Z","2025-04-20T23:18:42.665Z"
"glepack","1.0.0",20,"https://hex.pm/api/packages/glepack/releases/1.0.0","2025-04-17T16:36:28.348Z","2025-04-14T14:21:47.593Z","2025-04-20T23:18:42.665Z"
"glerd","1.0.0",35,"https://hex.pm/api/packages/glerd/releases/1.0.0","2024-05-25T17:45:25.520Z","2024-05-25T17:45:22.233Z","2024-12-30T16:08:26.579Z"
"glerd","2.0.0",39,"https://hex.pm/api/packages/glerd/releases/2.0.0","2024-05-25T19:12:22.391Z","2024-05-25T19:12:19.408Z","2024-12-30T16:08:26.579Z"
"glerd","3.0.1",42,"https://hex.pm/api/packages/glerd/releases/3.0.1","2024-05-28T15:50:51.452Z","2024-05-28T15:50:48.819Z","2024-12-30T16:08:26.579Z"
"glerd","4.0.0",45,"https://hex.pm/api/packages/glerd/releases/4.0.0","2024-05-28T16:52:56.967Z","2024-05-28T16:52:54.133Z","2024-12-30T16:08:26.579Z"
"glerd","4.1.0",36,"https://hex.pm/api/packages/glerd/releases/4.1.0","2024-05-31T19:40:39.476Z","2024-05-31T19:40:36.404Z","2024-12-30T16:08:26.579Z"
"glerd","4.1.1",40,"https://hex.pm/api/packages/glerd/releases/4.1.1","2024-06-01T19:22:05.763Z","2024-06-01T19:22:03.083Z","2024-12-30T16:08:26.579Z"
"glerd","4.2.0",92,"https://hex.pm/api/packages/glerd/releases/4.2.0","2024-06-04T17:40:05.465Z","2024-06-04T17:40:02.657Z","2024-12-30T16:08:26.579Z"
"glerd","4.2.1",34,"https://hex.pm/api/packages/glerd/releases/4.2.1","2024-06-18T19:36:29.333Z","2024-06-18T19:36:26.540Z","2024-12-30T16:08:26.579Z"
"glerd","4.2.2",30,"https://hex.pm/api/packages/glerd/releases/4.2.2","2024-06-21T20:06:18.639Z","2024-06-21T20:06:14.992Z","2024-12-30T16:08:26.579Z"
"glerd","4.2.3",36,"https://hex.pm/api/packages/glerd/releases/4.2.3","2024-06-21T20:37:32.469Z","2024-06-21T20:37:29.640Z","2024-12-30T16:08:26.579Z"
"glerd","4.2.4",54,"https://hex.pm/api/packages/glerd/releases/4.2.4","2024-07-01T21:19:08.223Z","2024-07-01T21:19:05.436Z","2024-12-30T16:08:26.579Z"
"glerd","4.2.5",28,"https://hex.pm/api/packages/glerd/releases/4.2.5","2024-07-20T15:47:11.088Z","2024-07-20T15:47:08.244Z","2024-12-30T16:08:26.579Z"
"glerd","4.2.6",82,"https://hex.pm/api/packages/glerd/releases/4.2.6","2024-07-20T20:07:19.881Z","2024-07-20T20:07:17.272Z","2024-12-30T16:08:26.579Z"
"glerd","4.3.0",67,"https://hex.pm/api/packages/glerd/releases/4.3.0","2024-09-30T15:09:45.950Z","2024-09-30T15:09:43.113Z","2024-12-30T16:08:26.579Z"
"glerd","5.0.0",16,"https://hex.pm/api/packages/glerd/releases/5.0.0","2024-12-27T16:58:59.704Z","2024-12-27T16:58:56.865Z","2024-12-30T16:08:26.579Z"
"glerd_json","1.0.0",20,"https://hex.pm/api/packages/glerd_json/releases/1.0.0","2024-06-03T18:31:16.528Z","2024-06-03T18:31:13.408Z","2024-07-20T14:07:54.902Z"
"glerd_json","1.1.0",72,"https://hex.pm/api/packages/glerd_json/releases/1.1.0","2024-06-04T17:49:31.079Z","2024-06-04T17:49:28.285Z","2024-07-20T14:07:54.902Z"
"glerd_valid","0.1.0",12,"https://hex.pm/api/packages/glerd_valid/releases/0.1.0","2024-07-22T16:32:38.455Z","2024-07-22T16:32:35.513Z","2024-08-05T08:13:35.588Z"
"glerd_valid","0.1.1",14,"https://hex.pm/api/packages/glerd_valid/releases/0.1.1","2024-07-22T16:39:04.993Z","2024-07-22T16:39:01.981Z","2024-08-05T08:13:35.588Z"
"glerd_valid","0.1.2",14,"https://hex.pm/api/packages/glerd_valid/releases/0.1.2","2024-07-22T16:56:46.402Z","2024-07-22T16:56:43.468Z","2024-08-05T08:13:35.588Z"
"glerd_valid","0.2.0",12,"https://hex.pm/api/packages/glerd_valid/releases/0.2.0","2024-07-24T15:56:45.591Z","2024-07-24T15:56:42.982Z","2024-08-05T08:13:35.588Z"
"glerd_valid","0.3.0",12,"https://hex.pm/api/packages/glerd_valid/releases/0.3.0","2024-07-25T15:31:19.457Z","2024-07-25T15:31:16.620Z","2024-08-05T08:13:35.588Z"
"glerd_valid","0.4.0",12,"https://hex.pm/api/packages/glerd_valid/releases/0.4.0","2024-07-31T16:40:30.624Z","2024-07-31T16:40:28.036Z","2024-08-05T08:13:35.588Z"
"glerd_valid","0.5.0",8,"https://hex.pm/api/packages/glerd_valid/releases/0.5.0","2024-08-02T14:47:57.528Z","2024-08-02T14:47:54.940Z","2024-08-05T08:13:35.588Z"
"glerm","0.1.0",60,"https://hex.pm/api/packages/glerm/releases/0.1.0","2023-06-08T19:07:39.827Z","2023-06-08T19:07:37.004Z","2024-07-03T01:08:54.447Z"
"glerm","0.1.1",81,"https://hex.pm/api/packages/glerm/releases/0.1.1","2023-10-28T00:34:53.404Z","2023-10-28T00:34:50.866Z","2024-07-03T01:08:54.447Z"
"gleroglero","1.0.0",16,"https://hex.pm/api/packages/gleroglero/releases/1.0.0","2024-07-14T14:06:03.955Z","2024-07-14T14:06:00.559Z","2024-07-18T11:06:40.395Z"
"gleroglero","1.1.0",38,"https://hex.pm/api/packages/gleroglero/releases/1.1.0","2024-07-16T09:33:20.717Z","2024-07-16T09:33:17.999Z","2024-07-18T11:06:40.395Z"
"glesha","0.1.0",54,"https://hex.pm/api/packages/glesha/releases/0.1.0","2023-10-21T13:28:02.212Z","2023-10-21T13:27:59.809Z","2024-07-03T00:09:36.847Z"
"glesha","0.1.1",56,"https://hex.pm/api/packages/glesha/releases/0.1.1","2023-10-21T17:42:28.841Z","2023-10-21T17:42:26.488Z","2024-07-03T00:09:36.847Z"
"glesha","0.1.2",120,"https://hex.pm/api/packages/glesha/releases/0.1.2","2023-10-21T18:24:26.866Z","2023-10-21T18:24:24.705Z","2024-07-03T00:09:36.847Z"
"glesha","0.1.3",154,"https://hex.pm/api/packages/glesha/releases/0.1.3","2023-11-01T21:07:10.590Z","2023-11-01T21:07:07.451Z","2024-07-03T00:09:36.847Z"
"glesha","0.1.4",45,"https://hex.pm/api/packages/glesha/releases/0.1.4","2024-04-13T03:43:30.693Z","2024-04-13T03:43:27.843Z","2024-07-03T00:09:36.847Z"
"glesha2","0.1.0",52,"https://hex.pm/api/packages/glesha2/releases/0.1.0","2023-10-21T13:30:45.131Z","2023-10-21T13:24:56.886Z","2024-07-03T01:11:20.792Z"
"glethers","0.1.0",8,"https://hex.pm/api/packages/glethers/releases/0.1.0","2024-08-21T14:50:12.501Z","2024-08-21T14:50:09.887Z","2024-08-24T02:30:09.983Z"
"glevatar","0.1.0",106,"https://hex.pm/api/packages/glevatar/releases/0.1.0","2023-10-22T09:12:49.433Z","2023-10-22T09:12:47.053Z","2024-07-03T00:09:35.568Z"
"glevatar","0.1.1",132,"https://hex.pm/api/packages/glevatar/releases/0.1.1","2023-11-01T21:23:18.151Z","2023-11-01T21:23:15.633Z","2024-07-03T00:09:35.568Z"
"glevatar","0.1.2",31,"https://hex.pm/api/packages/glevatar/releases/0.1.2","2024-04-13T03:52:03.728Z","2024-04-13T03:52:00.496Z","2024-07-03T00:09:35.567Z"
"glevenshtein","1.0.0",26,"https://hex.pm/api/packages/glevenshtein/releases/1.0.0","2024-05-28T15:14:39.047Z","2024-05-27T20:59:59.705Z","2024-07-02T23:49:34.912Z"
"glex","1.0.0",36,"https://hex.pm/api/packages/glex/releases/1.0.0","2024-04-12T16:47:12.757Z","2024-04-12T16:47:09.789Z","2024-07-03T00:09:46.920Z"
"glex","1.0.1",41,"https://hex.pm/api/packages/glex/releases/1.0.1","2024-04-12T17:06:12.262Z","2024-04-12T17:06:09.048Z","2024-07-03T00:09:46.920Z"
"glexec","1.0.0",44,"https://hex.pm/api/packages/glexec/releases/1.0.0","2024-03-22T21:29:52.287Z","2024-03-22T21:29:50.140Z","2024-07-03T00:14:00.018Z"
"glexec","1.0.1",43,"https://hex.pm/api/packages/glexec/releases/1.0.1","2024-03-22T21:36:23.030Z","2024-03-22T21:36:20.719Z","2024-07-03T00:14:00.018Z"
"glexec","1.0.2",47,"https://hex.pm/api/packages/glexec/releases/1.0.2","2024-03-23T18:36:38.483Z","2024-03-23T18:36:36.202Z","2024-07-03T00:14:00.018Z"
"glexec","1.0.3",75,"https://hex.pm/api/packages/glexec/releases/1.0.3","2024-04-05T14:19:55.062Z","2024-04-05T14:19:52.818Z","2024-07-03T00:14:00.018Z"
"glexer","0.1.0",120,"https://hex.pm/api/packages/glexer/releases/0.1.0","2023-05-11T13:28:24.874Z","2023-05-11T13:28:22.612Z","2025-03-20T14:47:35.207Z"
"glexer","0.2.0",118,"https://hex.pm/api/packages/glexer/releases/0.2.0","2023-05-12T12:06:53.885Z","2023-05-12T12:06:51.289Z","2025-03-20T14:47:35.207Z"
"glexer","0.3.0",129,"https://hex.pm/api/packages/glexer/releases/0.3.0","2023-05-12T16:31:45.704Z","2023-05-12T16:31:43.463Z","2025-03-20T14:47:35.207Z"
"glexer","0.4.0",141,"https://hex.pm/api/packages/glexer/releases/0.4.0","2023-05-18T17:10:33.796Z","2023-05-18T17:10:31.492Z","2025-03-20T14:47:35.207Z"
"glexer","0.4.1",123,"https://hex.pm/api/packages/glexer/releases/0.4.1","2023-05-19T16:19:16.321Z","2023-05-19T16:19:14.076Z","2025-03-20T14:47:35.207Z"
"glexer","0.4.2",129,"https://hex.pm/api/packages/glexer/releases/0.4.2","2023-05-28T12:16:07.551Z","2023-05-28T12:16:05.224Z","2025-03-20T14:47:35.207Z"
"glexer","0.5.0",138,"https://hex.pm/api/packages/glexer/releases/0.5.0","2023-06-20T11:43:11.303Z","2023-06-20T11:43:09.115Z","2025-03-20T14:47:35.207Z"
"glexer","0.6.0",130,"https://hex.pm/api/packages/glexer/releases/0.6.0","2023-06-25T15:33:01.597Z","2023-06-25T15:32:59.138Z","2025-03-20T14:47:35.207Z"
"glexer","0.6.1",122,"https://hex.pm/api/packages/glexer/releases/0.6.1","2023-06-29T15:35:56.486Z","2023-06-29T15:35:54.119Z","2025-03-20T14:47:35.207Z"
"glexer","0.6.2",761,"https://hex.pm/api/packages/glexer/releases/0.6.2","2023-07-03T20:51:06.807Z","2023-07-03T20:51:04.569Z","2025-03-20T14:47:35.207Z"
"glexer","0.7.0",3769,"https://hex.pm/api/packages/glexer/releases/0.7.0","2023-11-07T13:35:12.610Z","2023-11-07T13:35:09.954Z","2025-03-20T14:47:35.207Z"
"glexer","1.0.0",239,"https://hex.pm/api/packages/glexer/releases/1.0.0","2024-04-14T11:20:26.469Z","2024-04-14T11:20:23.921Z","2025-03-20T14:47:35.207Z"
"glexer","1.0.1",12715,"https://hex.pm/api/packages/glexer/releases/1.0.1","2024-04-25T18:16:18.440Z","2024-04-25T18:16:16.016Z","2025-03-20T14:47:35.207Z"
"glexer","2.0.0",1642,"https://hex.pm/api/packages/glexer/releases/2.0.0","2024-11-30T10:55:13.445Z","2024-11-30T10:55:10.215Z","2025-03-20T14:47:35.207Z"
"glexer","2.1.0",3820,"https://hex.pm/api/packages/glexer/releases/2.1.0","2025-01-01T23:09:42.658Z","2025-01-01T23:09:39.958Z","2025-03-20T14:47:35.207Z"
"glexer","2.2.0",112,"https://hex.pm/api/packages/glexer/releases/2.2.0","2025-03-16T23:13:57.201Z","2025-03-16T23:13:54.699Z","2025-03-20T14:47:35.207Z"
"glexer","2.2.1",98,"https://hex.pm/api/packages/glexer/releases/2.2.1","2025-03-18T17:58:57.875Z","2025-03-18T17:58:55.131Z","2025-03-20T14:47:35.207Z"
"glexif","0.0.1",14,"https://hex.pm/api/packages/glexif/releases/0.0.1","2024-06-11T13:15:11.630Z","2024-06-11T02:08:32.056Z","2024-07-02T23:39:16.335Z"
"glexif","0.0.2",20,"https://hex.pm/api/packages/glexif/releases/0.0.2","2024-06-13T21:23:18.610Z","2024-06-13T21:23:16.128Z","2024-07-02T23:39:16.335Z"
"glib","0.1.0",53,"https://hex.pm/api/packages/glib/releases/0.1.0","2024-03-24T15:17:22.628Z","2024-03-24T15:03:15.551Z","2025-03-11T14:24:55.557Z"
"glib","0.2.0",34,"https://hex.pm/api/packages/glib/releases/0.2.0","2024-08-27T19:44:49.816Z","2024-08-27T19:44:46.914Z","2025-03-11T14:24:55.557Z"
"glib","0.2.1",34,"https://hex.pm/api/packages/glib/releases/0.2.1","2024-08-27T19:54:57.798Z","2024-08-27T19:54:55.180Z","2025-03-11T14:24:55.557Z"
"glib","1.0.0",61,"https://hex.pm/api/packages/glib/releases/1.0.0","2024-09-05T13:47:35.583Z","2024-09-05T13:47:32.927Z","2025-03-11T14:24:55.557Z"
"glib","1.0.1",12,"https://hex.pm/api/packages/glib/releases/1.0.1","2025-03-09T11:49:00.842Z","2025-03-09T11:48:58.264Z","2025-03-11T14:24:55.556Z"
"gliberapay","1.0.0",78,"https://hex.pm/api/packages/gliberapay/releases/1.0.0","2024-03-29T21:05:48.992Z","2024-03-29T21:05:46.618Z","2024-12-11T09:51:12.354Z"
"gliberapay","1.0.1",89,"https://hex.pm/api/packages/gliberapay/releases/1.0.1","2024-04-01T14:13:29.463Z","2024-04-01T14:13:27.146Z","2024-12-11T09:51:12.354Z"
"gliberapay","1.1.0",16,"https://hex.pm/api/packages/gliberapay/releases/1.1.0","2024-12-08T14:30:01.866Z","2024-12-08T14:29:58.114Z","2024-12-11T09:51:12.354Z"
"glibsql","0.1.0",42,"https://hex.pm/api/packages/glibsql/releases/0.1.0","2024-07-10T19:12:31.107Z","2024-07-10T19:12:28.677Z","2025-04-29T03:10:27.698Z"
"glibsql","0.2.0",42,"https://hex.pm/api/packages/glibsql/releases/0.2.0","2024-07-11T14:04:45.154Z","2024-07-11T14:04:42.666Z","2025-04-29T03:10:27.698Z"
"glibsql","0.3.0",42,"https://hex.pm/api/packages/glibsql/releases/0.3.0","2024-07-11T16:23:45.576Z","2024-07-11T16:23:43.102Z","2025-04-29T03:10:27.698Z"
"glibsql","0.4.0",46,"https://hex.pm/api/packages/glibsql/releases/0.4.0","2024-07-11T17:52:11.487Z","2024-07-11T17:52:09.077Z","2025-04-29T03:10:27.698Z"
"glibsql","0.5.0",54,"https://hex.pm/api/packages/glibsql/releases/0.5.0","2024-07-12T02:03:35.086Z","2024-07-12T02:03:32.777Z","2025-04-29T03:10:27.698Z"
"glibsql","0.5.1",46,"https://hex.pm/api/packages/glibsql/releases/0.5.1","2024-07-12T02:28:47.844Z","2024-07-12T02:28:44.597Z","2025-04-29T03:10:27.698Z"
"glibsql","0.6.0",44,"https://hex.pm/api/packages/glibsql/releases/0.6.0","2024-07-16T18:17:04.978Z","2024-07-16T18:17:02.577Z","2025-04-29T03:10:27.698Z"
"glibsql","0.7.0",42,"https://hex.pm/api/packages/glibsql/releases/0.7.0","2024-07-23T18:24:46.204Z","2024-07-23T18:24:43.620Z","2025-04-29T03:10:27.698Z"
"glibsql","0.7.1",169,"https://hex.pm/api/packages/glibsql/releases/0.7.1","2024-07-24T13:35:59.161Z","2024-07-24T13:35:56.742Z","2025-04-29T03:10:27.698Z"
"glibsql","0.8.0",14,"https://hex.pm/api/packages/glibsql/releases/0.8.0","2025-04-25T14:28:23.620Z","2025-04-25T14:28:21.360Z","2025-04-29T03:10:27.698Z"
"glidicon","1.0.0",18,"https://hex.pm/api/packages/glidicon/releases/1.0.0","2024-09-08T13:41:24.892Z","2024-09-08T13:41:22.610Z","2024-09-30T04:54:41.671Z"
"glidicon","1.0.1",10,"https://hex.pm/api/packages/glidicon/releases/1.0.1","2024-09-27T07:39:12.389Z","2024-09-27T07:39:09.525Z","2024-09-30T04:54:41.671Z"
"gliew","0.1.0",41,"https://hex.pm/api/packages/gliew/releases/0.1.0","2023-06-06T15:27:37.371Z","2023-06-06T15:27:34.511Z","2024-07-03T01:32:55.171Z"
"gliew","0.2.0",43,"https://hex.pm/api/packages/gliew/releases/0.2.0","2023-06-07T17:10:50.469Z","2023-06-07T17:10:47.842Z","2024-07-03T01:32:55.171Z"
"gliew","0.2.1",46,"https://hex.pm/api/packages/gliew/releases/0.2.1","2023-06-09T10:49:17.976Z","2023-06-09T10:49:15.642Z","2024-07-03T01:32:55.171Z"
"gliew","0.2.2",48,"https://hex.pm/api/packages/gliew/releases/0.2.2","2023-06-09T14:45:51.587Z","2023-06-09T14:45:49.081Z","2024-07-03T01:32:55.171Z"
"gliew","0.3.0",95,"https://hex.pm/api/packages/gliew/releases/0.3.0","2023-06-12T10:12:26.499Z","2023-06-12T10:12:24.070Z","2024-07-03T01:32:55.170Z"
"glight","1.0.0",22,"https://hex.pm/api/packages/glight/releases/1.0.0","2025-04-05T03:50:47.363Z","2025-04-05T03:50:44.726Z","2025-04-22T16:32:09.367Z"
"glight","1.0.1",22,"https://hex.pm/api/packages/glight/releases/1.0.1","2025-04-05T03:57:32.230Z","2025-04-05T03:57:29.859Z","2025-04-22T16:32:09.367Z"
"glight","1.0.2",22,"https://hex.pm/api/packages/glight/releases/1.0.2","2025-04-05T04:29:00.873Z","2025-04-05T04:28:58.456Z","2025-04-22T16:32:09.367Z"
"glight","1.0.3",22,"https://hex.pm/api/packages/glight/releases/1.0.3","2025-04-05T05:29:42.457Z","2025-04-05T05:27:25.113Z","2025-04-22T16:32:09.367Z"
"glight","1.0.4",22,"https://hex.pm/api/packages/glight/releases/1.0.4","2025-04-05T08:11:21.709Z","2025-04-05T08:11:18.935Z","2025-04-22T16:32:09.367Z"
"glight","1.0.5",28,"https://hex.pm/api/packages/glight/releases/1.0.5","2025-04-05T17:29:16.981Z","2025-04-05T17:29:14.251Z","2025-04-22T16:32:09.367Z"
"glight","1.0.6",54,"https://hex.pm/api/packages/glight/releases/1.0.6","2025-04-07T19:07:55.893Z","2025-04-07T19:07:52.881Z","2025-04-22T16:32:09.367Z"
"glight","2.0.0",26,"https://hex.pm/api/packages/glight/releases/2.0.0","2025-04-14T04:57:15.134Z","2025-04-14T04:57:12.717Z","2025-04-22T16:32:09.367Z"
"glight","2.0.1",24,"https://hex.pm/api/packages/glight/releases/2.0.1","2025-04-18T22:24:31.026Z","2025-04-18T22:24:28.227Z","2025-04-22T16:32:09.367Z"
"glight","2.0.10",22,"https://hex.pm/api/packages/glight/releases/2.0.10","2025-04-19T08:48:20.650Z","2025-04-19T08:48:18.073Z","2025-04-22T16:32:09.366Z"
"glight","2.0.11",22,"https://hex.pm/api/packages/glight/releases/2.0.11","2025-04-19T09:07:01.993Z","2025-04-19T09:06:59.487Z","2025-04-22T16:32:09.366Z"
"glight","2.0.12",22,"https://hex.pm/api/packages/glight/releases/2.0.12","2025-04-19T09:15:04.405Z","2025-04-19T09:15:01.919Z","2025-04-22T16:32:09.366Z"
"glight","2.0.13",20,"https://hex.pm/api/packages/glight/releases/2.0.13","2025-04-19T09:35:01.129Z","2025-04-19T09:34:58.634Z","2025-04-22T16:32:09.366Z"
"glight","2.0.14",60,"https://hex.pm/api/packages/glight/releases/2.0.14","2025-04-19T09:39:30.144Z","2025-04-19T09:39:27.401Z","2025-04-22T16:32:09.366Z"
"glight","2.0.2",46,"https://hex.pm/api/packages/glight/releases/2.0.2","2025-04-18T22:39:16.866Z","2025-04-18T22:39:14.258Z","2025-04-22T16:32:09.367Z"
"glight","2.0.3",22,"https://hex.pm/api/packages/glight/releases/2.0.3","2025-04-19T03:28:56.247Z","2025-04-19T03:28:53.799Z","2025-04-22T16:32:09.367Z"
"glight","2.0.4",22,"https://hex.pm/api/packages/glight/releases/2.0.4","2025-04-19T03:47:53.103Z","2025-04-19T03:47:50.529Z","2025-04-22T16:32:09.367Z"
"glight","2.0.5",22,"https://hex.pm/api/packages/glight/releases/2.0.5","2025-04-19T04:02:39.716Z","2025-04-19T04:02:37.171Z","2025-04-22T16:32:09.367Z"
"glight","2.0.6",22,"https://hex.pm/api/packages/glight/releases/2.0.6","2025-04-19T04:12:44.643Z","2025-04-19T04:12:41.879Z","2025-04-22T16:32:09.367Z"
"glight","2.0.7",22,"https://hex.pm/api/packages/glight/releases/2.0.7","2025-04-19T04:26:20.859Z","2025-04-19T04:26:18.322Z","2025-04-22T16:32:09.366Z"
"glight","2.0.8",22,"https://hex.pm/api/packages/glight/releases/2.0.8","2025-04-19T04:44:09.741Z","2025-04-19T04:44:07.032Z","2025-04-22T16:32:09.366Z"
"glight","2.0.9",22,"https://hex.pm/api/packages/glight/releases/2.0.9","2025-04-19T04:54:28.485Z","2025-04-19T04:54:26.248Z","2025-04-22T16:32:09.366Z"
"glimit","0.1.0",16,"https://hex.pm/api/packages/glimit/releases/0.1.0","2024-09-03T21:20:05.612Z","2024-09-03T21:20:03.053Z","2024-09-11T10:20:38.368Z"
"glimit","0.1.1",18,"https://hex.pm/api/packages/glimit/releases/0.1.1","2024-09-03T23:02:46.820Z","2024-09-03T23:02:44.217Z","2024-09-11T10:20:38.368Z"
"glimit","0.1.2",22,"https://hex.pm/api/packages/glimit/releases/0.1.2","2024-09-04T06:32:16.033Z","2024-09-04T06:32:13.134Z","2024-09-11T10:20:38.368Z"
"glimit","0.1.3",16,"https://hex.pm/api/packages/glimit/releases/0.1.3","2024-09-04T17:06:18.068Z","2024-09-04T17:06:15.122Z","2024-09-11T10:20:38.368Z"
"glimit","0.2.0",22,"https://hex.pm/api/packages/glimit/releases/0.2.0","2024-09-07T19:29:59.840Z","2024-09-07T19:29:57.136Z","2024-09-11T10:20:38.368Z"
"glimit","0.3.0",10,"https://hex.pm/api/packages/glimit/releases/0.3.0","2024-09-09T18:41:43.720Z","2024-09-09T18:41:41.212Z","2024-09-11T10:20:38.368Z"
"glimiter","0.0.1",14,"https://hex.pm/api/packages/glimiter/releases/0.0.1","2024-06-12T17:33:38.280Z","2024-06-12T17:22:13.583Z","2024-07-02T23:41:13.791Z"
"glimiter","0.0.2",14,"https://hex.pm/api/packages/glimiter/releases/0.0.2","2024-06-12T18:23:38.463Z","2024-06-12T18:23:36.128Z","2024-07-02T23:41:13.791Z"
"glimiter","0.0.3",18,"https://hex.pm/api/packages/glimiter/releases/0.0.3","2024-06-12T20:04:09.649Z","2024-06-12T20:04:07.135Z","2024-07-02T23:41:13.791Z"
"glimmer","0.1.0",38,"https://hex.pm/api/packages/glimmer/releases/0.1.0","2023-08-31T13:55:50.664Z","2023-08-31T13:55:47.540Z","2024-07-03T01:18:58.127Z"
"glimmer","0.1.1",59,"https://hex.pm/api/packages/glimmer/releases/0.1.1","2023-09-01T06:58:44.502Z","2023-09-01T06:58:41.482Z","2024-07-03T01:18:58.126Z"
"glimp","1.0.0",12,"https://hex.pm/api/packages/glimp/releases/1.0.0","2025-03-27T14:46:59.346Z","2025-03-27T14:46:56.002Z","2025-03-30T11:52:33.941Z"
"glimpse","0.0.1",16,"https://hex.pm/api/packages/glimpse/releases/0.0.1","2024-09-08T23:33:08.242Z","2024-09-08T23:33:05.051Z","2024-09-11T10:20:47.627Z"
"glimpse","0.0.2",20,"https://hex.pm/api/packages/glimpse/releases/0.0.2","2024-09-09T14:42:22.979Z","2024-09-09T14:42:20.099Z","2024-09-11T10:20:47.627Z"
"glimpse_log","0.1.0",14,"https://hex.pm/api/packages/glimpse_log/releases/0.1.0","2024-09-27T06:49:10.668Z","2024-09-27T06:49:08.012Z","2024-10-01T21:52:09.565Z"
"glimpse_log","0.2.0",16,"https://hex.pm/api/packages/glimpse_log/releases/0.2.0","2024-09-28T19:05:19.008Z","2024-09-28T19:05:15.398Z","2024-10-01T21:52:09.565Z"
"glimra","1.0.0",20,"https://hex.pm/api/packages/glimra/releases/1.0.0","2024-08-28T15:56:11.455Z","2024-08-28T15:56:08.310Z","2024-09-10T03:38:36.902Z"
"glimra","2.0.0",20,"https://hex.pm/api/packages/glimra/releases/2.0.0","2024-08-30T16:38:40.451Z","2024-08-30T16:38:37.052Z","2024-09-10T03:38:36.901Z"
"glimra","2.0.1",12,"https://hex.pm/api/packages/glimra/releases/2.0.1","2024-09-08T00:13:12.502Z","2024-09-08T00:13:09.097Z","2024-09-10T03:38:36.901Z"
"glimt","0.1.0",74,"https://hex.pm/api/packages/glimt/releases/0.1.0","2022-12-27T20:49:53.020Z","2022-12-27T20:18:59.113Z","2024-07-03T01:27:29.006Z"
"glimt","0.2.0",62,"https://hex.pm/api/packages/glimt/releases/0.2.0","2023-01-06T17:40:57.786Z","2023-01-06T17:40:56.808Z","2024-07-03T01:27:29.006Z"
"glimt","0.2.1",60,"https://hex.pm/api/packages/glimt/releases/0.2.1","2023-02-03T15:16:04.356Z","2023-02-03T15:16:01.778Z","2024-07-03T01:27:29.006Z"
"glimt","0.3.0",46,"https://hex.pm/api/packages/glimt/releases/0.3.0","2023-03-10T08:15:09.167Z","2023-03-10T08:15:06.542Z","2024-07-03T01:27:29.005Z"
"glimt","0.4.0",52,"https://hex.pm/api/packages/glimt/releases/0.4.0","2023-04-21T16:30:10.506Z","2023-04-21T16:30:08.096Z","2024-07-03T01:27:29.005Z"
"glimt","0.5.0",81,"https://hex.pm/api/packages/glimt/releases/0.5.0","2023-07-16T10:28:55.644Z","2023-07-16T10:28:53.355Z","2024-07-03T01:27:29.005Z"
"gling","1.0.0",100,"https://hex.pm/api/packages/gling/releases/1.0.0","2024-04-15T10:22:21.072Z","2024-04-15T10:22:18.385Z","2024-07-03T00:01:59.583Z"
"glint","0.1.0",134,"https://hex.pm/api/packages/glint/releases/0.1.0","2022-01-12T18:18:46.810Z","2022-01-12T18:07:33.124Z","2025-03-18T21:33:22.884Z"
"glint","0.1.1",147,"https://hex.pm/api/packages/glint/releases/0.1.1","2022-01-12T18:25:39.056Z","2022-01-12T18:25:36.164Z","2025-03-18T21:33:22.884Z"
"glint","0.1.2",139,"https://hex.pm/api/packages/glint/releases/0.1.2","2022-01-12T18:52:09.945Z","2022-01-12T18:52:06.657Z","2025-03-18T21:33:22.884Z"
"glint","0.1.3",138,"https://hex.pm/api/packages/glint/releases/0.1.3","2022-01-12T19:53:39.712Z","2022-01-12T19:53:36.496Z","2025-03-18T21:33:22.884Z"
"glint","0.10.0",233,"https://hex.pm/api/packages/glint/releases/0.10.0","2022-11-29T13:26:02.065Z","2022-11-29T13:26:01.425Z","2025-03-18T21:33:22.884Z"
"glint","0.11.0",187,"https://hex.pm/api/packages/glint/releases/0.11.0","2023-02-08T19:17:47.896Z","2023-02-08T19:17:45.921Z","2025-03-18T21:33:22.884Z"
"glint","0.11.2",381,"https://hex.pm/api/packages/glint/releases/0.11.2","2023-03-21T19:50:22.681Z","2023-03-21T19:50:20.189Z","2025-03-18T21:33:22.884Z"
"glint","0.11.3",107,"https://hex.pm/api/packages/glint/releases/0.11.3","2023-08-02T16:39:42.319Z","2023-08-02T16:39:39.847Z","2025-03-18T21:33:22.884Z"
"glint","0.11.4",332,"https://hex.pm/api/packages/glint/releases/0.11.4","2023-08-06T00:15:53.072Z","2023-08-06T00:15:50.803Z","2025-03-18T21:33:22.884Z"
"glint","0.12.0",125,"https://hex.pm/api/packages/glint/releases/0.12.0","2023-10-03T21:40:27.884Z","2023-10-03T21:40:25.393Z","2025-03-18T21:33:22.884Z"
"glint","0.12.0-rc1",116,"https://hex.pm/api/packages/glint/releases/0.12.0-rc1","2023-04-12T20:55:20.117Z","2023-04-12T20:55:17.974Z","2025-03-18T21:33:22.884Z"
"glint","0.12.0-rc2",106,"https://hex.pm/api/packages/glint/releases/0.12.0-rc2","2023-04-24T21:58:26.206Z","2023-04-24T21:58:24.120Z","2025-03-18T21:33:22.884Z"
"glint","0.12.0-rc3",106,"https://hex.pm/api/packages/glint/releases/0.12.0-rc3","2023-04-24T22:01:59.031Z","2023-04-24T22:01:56.429Z","2025-03-18T21:33:22.884Z"
"glint","0.12.0-rc4",111,"https://hex.pm/api/packages/glint/releases/0.12.0-rc4","2023-06-02T15:58:24.996Z","2023-06-02T15:58:22.745Z","2025-03-18T21:33:22.884Z"
"glint","0.12.0-rc5",140,"https://hex.pm/api/packages/glint/releases/0.12.0-rc5","2023-07-05T19:17:20.224Z","2023-07-05T19:17:17.943Z","2025-03-18T21:33:22.884Z"
"glint","0.12.0-rc6",108,"https://hex.pm/api/packages/glint/releases/0.12.0-rc6","2023-08-25T19:46:45.480Z","2023-08-25T19:46:43.166Z","2025-03-18T21:33:22.884Z"
"glint","0.13.0",482,"https://hex.pm/api/packages/glint/releases/0.13.0","2023-11-14T01:15:33.552Z","2023-11-14T01:15:31.428Z","2025-03-18T21:33:22.884Z"
"glint","0.14.0",1257,"https://hex.pm/api/packages/glint/releases/0.14.0","2024-01-03T20:16:40.775Z","2024-01-03T20:16:38.370Z","2025-03-18T21:33:22.884Z"
"glint","0.15.0",177,"https://hex.pm/api/packages/glint/releases/0.15.0","2024-02-11T21:56:21.045Z","2024-02-11T21:56:18.867Z","2025-03-18T21:33:22.884Z"
"glint","0.15.0-rc1",134,"https://hex.pm/api/packages/glint/releases/0.15.0-rc1","2024-01-28T22:29:44.575Z","2024-01-28T22:29:42.414Z","2025-03-18T21:33:22.884Z"
"glint","0.15.0-rc2",114,"https://hex.pm/api/packages/glint/releases/0.15.0-rc2","2024-02-11T21:43:43.394Z","2024-02-11T21:43:41.197Z","2025-03-18T21:33:22.884Z"
"glint","0.16.0",404,"https://hex.pm/api/packages/glint/releases/0.16.0","2024-02-22T22:35:53.134Z","2024-02-22T22:35:51.002Z","2025-03-18T21:33:22.884Z"
"glint","0.16.0-rc1",125,"https://hex.pm/api/packages/glint/releases/0.16.0-rc1","2024-02-19T21:01:11.095Z","2024-02-19T21:01:08.794Z","2025-03-18T21:33:22.884Z"
"glint","0.17.0",127,"https://hex.pm/api/packages/glint/releases/0.17.0","2024-03-06T00:41:18.824Z","2024-03-06T00:41:16.677Z","2025-03-18T21:33:22.884Z"
"glint","0.17.1",133,"https://hex.pm/api/packages/glint/releases/0.17.1","2024-03-06T00:48:18.188Z","2024-03-06T00:48:15.917Z","2025-03-18T21:33:22.884Z"
"glint","0.18.0",1224,"https://hex.pm/api/packages/glint/releases/0.18.0","2024-03-07T23:07:01.942Z","2024-03-07T23:06:59.760Z","2025-03-18T21:33:22.884Z"
"glint","0.18.1",5393,"https://hex.pm/api/packages/glint/releases/0.18.1","2024-04-21T22:03:44.150Z","2024-04-21T22:03:41.891Z","2025-03-18T21:33:22.884Z"
"glint","0.2.0",148,"https://hex.pm/api/packages/glint/releases/0.2.0","2022-01-12T20:56:48.086Z","2022-01-12T20:56:44.997Z","2025-03-18T21:33:22.884Z"
"glint","0.3.0",154,"https://hex.pm/api/packages/glint/releases/0.3.0","2022-01-13T19:18:27.917Z","2022-01-13T19:18:24.806Z","2025-03-18T21:33:22.884Z"
"glint","0.4.0",141,"https://hex.pm/api/packages/glint/releases/0.4.0","2022-01-28T18:49:58.431Z","2022-01-28T18:49:55.158Z","2025-03-18T21:33:22.884Z"
"glint","0.5.0",163,"https://hex.pm/api/packages/glint/releases/0.5.0","2022-01-31T17:32:32.738Z","2022-01-31T17:32:29.636Z","2025-03-18T21:33:22.884Z"
"glint","0.6.0",139,"https://hex.pm/api/packages/glint/releases/0.6.0","2022-02-11T20:23:28.672Z","2022-02-11T20:23:25.360Z","2025-03-18T21:33:22.884Z"
"glint","0.7.0",142,"https://hex.pm/api/packages/glint/releases/0.7.0","2022-02-22T20:31:58.479Z","2022-02-22T20:31:54.403Z","2025-03-18T21:33:22.884Z"
"glint","0.7.1",143,"https://hex.pm/api/packages/glint/releases/0.7.1","2022-02-22T20:52:55.113Z","2022-02-22T20:52:51.616Z","2025-03-18T21:33:22.884Z"
"glint","0.7.2",154,"https://hex.pm/api/packages/glint/releases/0.7.2","2022-02-22T21:11:58.946Z","2022-02-22T21:11:55.659Z","2025-03-18T21:33:22.884Z"
"glint","0.7.3",141,"https://hex.pm/api/packages/glint/releases/0.7.3","2022-02-23T19:30:31.606Z","2022-02-23T19:30:28.534Z","2025-03-18T21:33:22.884Z"
"glint","0.7.4",145,"https://hex.pm/api/packages/glint/releases/0.7.4","2022-05-03T15:55:51.901Z","2022-05-03T15:55:49.065Z","2025-03-18T21:33:22.884Z"
"glint","0.8.0",199,"https://hex.pm/api/packages/glint/releases/0.8.0","2022-05-09T14:09:15.650Z","2022-05-09T14:09:11.892Z","2025-03-18T21:33:22.884Z"
"glint","0.9.0",166,"https://hex.pm/api/packages/glint/releases/0.9.0","2022-09-16T20:57:29.358Z","2022-09-16T20:57:26.142Z","2025-03-18T21:33:22.884Z"
"glint","1.0.0",1495,"https://hex.pm/api/packages/glint/releases/1.0.0","2024-06-25T00:43:00.760Z","2024-06-25T00:42:58.545Z","2025-03-18T21:33:22.884Z"
"glint","1.0.0-rc1",237,"https://hex.pm/api/packages/glint/releases/1.0.0-rc1","2024-03-22T21:42:44.559Z","2024-03-22T21:42:42.362Z","2025-03-18T21:33:22.884Z"
"glint","1.0.0-rc2",1710,"https://hex.pm/api/packages/glint/releases/1.0.0-rc2","2024-05-16T18:54:55.428Z","2024-05-16T18:54:52.850Z","2025-03-18T21:33:22.884Z"
"glint","1.0.0-rc3",82,"https://hex.pm/api/packages/glint/releases/1.0.0-rc3","2024-06-12T20:42:52.354Z","2024-06-12T20:42:49.737Z","2025-03-18T21:33:22.884Z"
"glint","1.0.0-rc4",39,"https://hex.pm/api/packages/glint/releases/1.0.0-rc4","2024-06-21T15:33:16.687Z","2024-06-21T15:33:13.435Z","2025-03-18T21:33:22.884Z"
"glint","1.0.0-rc5",42,"https://hex.pm/api/packages/glint/releases/1.0.0-rc5","2024-06-25T00:35:07.560Z","2024-06-25T00:35:05.151Z","2025-03-18T21:33:22.884Z"
"glint","1.0.1",7066,"https://hex.pm/api/packages/glint/releases/1.0.1","2024-07-29T22:11:15.851Z","2024-07-29T22:11:13.285Z","2025-03-18T21:33:22.884Z"
"glint","1.1.0",4690,"https://hex.pm/api/packages/glint/releases/1.1.0","2024-10-14T22:03:18.003Z","2024-10-14T22:03:15.636Z","2025-03-18T21:33:22.884Z"
"glint","1.1.1",6141,"https://hex.pm/api/packages/glint/releases/1.1.1","2024-11-22T12:48:50.946Z","2024-11-22T12:48:48.215Z","2025-03-18T21:33:22.884Z"
"glint","1.2.0",7861,"https://hex.pm/api/packages/glint/releases/1.2.0","2024-12-28T01:22:58.179Z","2024-12-28T01:22:55.651Z","2025-03-18T21:33:22.884Z"
"glint","1.2.1",274,"https://hex.pm/api/packages/glint/releases/1.2.1","2025-03-13T01:12:20.119Z","2025-03-13T01:12:13.855Z","2025-03-18T21:33:22.883Z"
"glisbn","1.0.0",24,"https://hex.pm/api/packages/glisbn/releases/1.0.0","2024-03-07T20:40:26.138Z","2024-03-07T20:40:23.702Z","2024-07-03T00:34:29.411Z"
"glisbn","1.0.1",24,"https://hex.pm/api/packages/glisbn/releases/1.0.1","2024-03-08T00:17:36.647Z","2024-03-08T00:17:33.943Z","2024-07-03T00:34:29.411Z"
"glisdigit","1.0.0",23,"https://hex.pm/api/packages/glisdigit/releases/1.0.0","2024-03-11T21:52:08.025Z","2024-03-11T21:52:05.767Z","2024-07-03T00:33:34.178Z"
"glisten","0.1.0",75,"https://hex.pm/api/packages/glisten/releases/0.1.0","2022-04-19T01:11:08.335Z","2022-04-19T01:11:04.996Z","2025-02-05T07:19:04.489Z"
"glisten","0.1.1",86,"https://hex.pm/api/packages/glisten/releases/0.1.1","2022-04-19T01:25:33.115Z","2022-04-19T01:25:30.039Z","2025-02-05T07:19:04.489Z"
"glisten","0.1.2",88,"https://hex.pm/api/packages/glisten/releases/0.1.2","2022-04-19T01:40:54.878Z","2022-04-19T01:40:51.197Z","2025-02-05T07:19:04.489Z"
"glisten","0.1.3",92,"https://hex.pm/api/packages/glisten/releases/0.1.3","2022-04-19T02:14:24.531Z","2022-04-19T02:14:21.427Z","2025-02-05T07:19:04.489Z"
"glisten","0.10.0",0,"https://hex.pm/api/packages/glisten/releases/0.10.0","2024-01-24T02:14:03.156Z","2024-01-24T02:14:03.156Z","2025-02-05T07:19:04.489Z"
"glisten","0.10.1",51,"https://hex.pm/api/packages/glisten/releases/0.10.1","2024-01-24T02:15:58.777Z","2024-01-24T02:15:55.887Z","2025-02-05T07:19:04.489Z"
"glisten","0.10.2",493,"https://hex.pm/api/packages/glisten/releases/0.10.2","2024-01-24T02:20:27.591Z","2024-01-24T02:20:24.879Z","2025-02-05T07:19:04.489Z"
"glisten","0.11.0",2926,"https://hex.pm/api/packages/glisten/releases/0.11.0","2024-02-17T16:29:52.835Z","2024-02-17T16:29:50.519Z","2025-02-05T07:19:04.489Z"
"glisten","0.2.0",81,"https://hex.pm/api/packages/glisten/releases/0.2.0","2022-05-20T03:46:42.557Z","2022-05-20T03:46:39.591Z","2025-02-05T07:19:04.489Z"
"glisten","0.2.1",79,"https://hex.pm/api/packages/glisten/releases/0.2.1","2022-05-23T04:03:01.763Z","2022-05-23T04:02:58.894Z","2025-02-05T07:19:04.489Z"
"glisten","0.2.2",77,"https://hex.pm/api/packages/glisten/releases/0.2.2","2022-05-27T15:49:27.903Z","2022-05-27T15:49:24.816Z","2025-02-05T07:19:04.489Z"
"glisten","0.3.0",81,"https://hex.pm/api/packages/glisten/releases/0.3.0","2022-05-27T20:31:09.639Z","2022-05-27T20:31:06.287Z","2025-02-05T07:19:04.489Z"
"glisten","0.3.1",83,"https://hex.pm/api/packages/glisten/releases/0.3.1","2022-05-28T21:58:05.402Z","2022-05-28T21:58:02.329Z","2025-02-05T07:19:04.489Z"
"glisten","0.3.2",151,"https://hex.pm/api/packages/glisten/releases/0.3.2","2022-05-29T19:43:40.629Z","2022-05-29T19:43:37.619Z","2025-02-05T07:19:04.489Z"
"glisten","0.4.0",147,"https://hex.pm/api/packages/glisten/releases/0.4.0","2022-06-16T01:07:27.490Z","2022-06-16T01:07:24.443Z","2025-02-05T07:19:04.489Z"
"glisten","0.5.0",76,"https://hex.pm/api/packages/glisten/releases/0.5.0","2022-08-11T23:42:54.197Z","2022-08-11T23:42:50.875Z","2025-02-05T07:19:04.489Z"
"glisten","0.5.1",86,"https://hex.pm/api/packages/glisten/releases/0.5.1","2022-08-11T23:51:28.897Z","2022-08-11T23:51:25.580Z","2025-02-05T07:19:04.489Z"
"glisten","0.6.0",74,"https://hex.pm/api/packages/glisten/releases/0.6.0","2022-08-22T15:46:25.288Z","2022-08-22T15:46:21.523Z","2025-02-05T07:19:04.489Z"
"glisten","0.6.1",76,"https://hex.pm/api/packages/glisten/releases/0.6.1","2022-08-22T15:48:30.903Z","2022-08-22T15:48:27.587Z","2025-02-05T07:19:04.489Z"
"glisten","0.6.2",77,"https://hex.pm/api/packages/glisten/releases/0.6.2","2022-08-22T22:50:16.465Z","2022-08-22T22:50:11.749Z","2025-02-05T07:19:04.489Z"
"glisten","0.6.3",78,"https://hex.pm/api/packages/glisten/releases/0.6.3","2022-08-23T04:00:42.981Z","2022-08-23T04:00:38.760Z","2025-02-05T07:19:04.489Z"
"glisten","0.6.4",77,"https://hex.pm/api/packages/glisten/releases/0.6.4","2022-08-24T00:39:53.362Z","2022-08-24T00:39:50.114Z","2025-02-05T07:19:04.489Z"
"glisten","0.6.5",94,"https://hex.pm/api/packages/glisten/releases/0.6.5","2022-08-24T00:45:27.832Z","2022-08-24T00:45:24.669Z","2025-02-05T07:19:04.489Z"
"glisten","0.6.6",216,"https://hex.pm/api/packages/glisten/releases/0.6.6","2022-09-01T13:11:55.212Z","2022-09-01T13:11:51.399Z","2025-02-05T07:19:04.489Z"
"glisten","0.6.7",1597,"https://hex.pm/api/packages/glisten/releases/0.6.7","2023-01-13T03:48:48.985Z","2023-01-13T03:48:48.211Z","2025-02-05T07:19:04.489Z"
"glisten","0.6.8",1551,"https://hex.pm/api/packages/glisten/releases/0.6.8","2023-01-13T18:41:17.801Z","2023-01-13T18:41:17.200Z","2025-02-05T07:19:04.489Z"
"glisten","0.6.9",1931,"https://hex.pm/api/packages/glisten/releases/0.6.9","2023-01-13T18:48:18.640Z","2023-01-13T18:48:17.839Z","2025-02-05T07:19:04.489Z"
"glisten","0.7.0",976,"https://hex.pm/api/packages/glisten/releases/0.7.0","2023-03-31T01:51:24.704Z","2023-03-31T01:51:22.221Z","2025-02-05T07:19:04.489Z"
"glisten","0.8.0",113,"https://hex.pm/api/packages/glisten/releases/0.8.0","2023-07-29T21:11:55.405Z","2023-07-29T21:11:53.156Z","2025-02-05T07:19:04.489Z"
"glisten","0.8.1",246,"https://hex.pm/api/packages/glisten/releases/0.8.1","2023-08-07T15:26:17.047Z","2023-08-07T15:26:14.632Z","2025-02-05T07:19:04.489Z"
"glisten","0.8.2",449,"https://hex.pm/api/packages/glisten/releases/0.8.2","2023-08-30T22:18:00.934Z","2023-08-30T22:17:58.527Z","2025-02-05T07:19:04.489Z"
"glisten","0.9.0",163,"https://hex.pm/api/packages/glisten/releases/0.9.0","2023-10-13T17:04:56.648Z","2023-10-13T17:04:54.072Z","2025-02-05T07:19:04.489Z"
"glisten","0.9.1",294,"https://hex.pm/api/packages/glisten/releases/0.9.1","2023-10-22T14:17:29.083Z","2023-10-22T14:17:25.669Z","2025-02-05T07:19:04.489Z"
"glisten","0.9.2",791,"https://hex.pm/api/packages/glisten/releases/0.9.2","2023-11-12T15:07:21.624Z","2023-11-12T15:07:19.574Z","2025-02-05T07:19:04.489Z"
"glisten","0.9.3",60,"https://hex.pm/api/packages/glisten/releases/0.9.3","2024-01-24T02:14:34.195Z","2024-01-24T02:14:31.937Z","2025-02-05T07:19:04.489Z"
"glisten","1.0.0",178,"https://hex.pm/api/packages/glisten/releases/1.0.0","2024-03-06T04:52:49.961Z","2024-03-06T04:52:47.714Z","2025-02-05T07:19:04.489Z"
"glisten","2.0.0",60039,"https://hex.pm/api/packages/glisten/releases/2.0.0","2024-03-23T17:01:18.258Z","2024-03-23T17:01:15.650Z","2025-02-05T07:19:04.488Z"
"glisten","3.0.0",696,"https://hex.pm/api/packages/glisten/releases/3.0.0","2024-05-29T03:11:46.173Z","2024-05-29T03:11:43.698Z","2025-02-05T07:19:04.488Z"
"glisten","4.0.0",131,"https://hex.pm/api/packages/glisten/releases/4.0.0","2024-07-30T03:39:44.345Z","2024-07-30T03:39:40.563Z","2025-02-05T07:19:04.488Z"
"glisten","5.0.0",16229,"https://hex.pm/api/packages/glisten/releases/5.0.0","2024-08-19T21:23:55.660Z","2024-08-19T21:23:51.892Z","2025-02-05T07:19:04.488Z"
"glisten","6.0.0",14936,"https://hex.pm/api/packages/glisten/releases/6.0.0","2024-09-19T21:11:56.102Z","2024-09-19T21:11:53.712Z","2025-02-05T07:19:04.488Z"
"glisten","7.0.0",12317,"https://hex.pm/api/packages/glisten/releases/7.0.0","2024-12-08T15:38:37.944Z","2024-12-08T15:38:35.437Z","2025-02-05T07:19:04.488Z"
"glisten","7.0.1",268,"https://hex.pm/api/packages/glisten/releases/7.0.1","2025-02-02T18:20:15.829Z","2025-02-02T18:20:13.157Z","2025-02-05T07:19:04.488Z"
"glistix_birl","1.6.1",16,"https://hex.pm/api/packages/glistix_birl/releases/1.6.1","2025-03-15T00:30:16.669Z","2025-03-14T23:45:38.839Z","2025-03-18T21:32:06.279Z"
"glistix_birl","1.7.0",20,"https://hex.pm/api/packages/glistix_birl/releases/1.7.0","2025-03-15T00:31:12.157Z","2025-03-14T23:55:56.792Z","2025-03-18T21:32:06.279Z"
"glistix_birl","1.7.1",16,"https://hex.pm/api/packages/glistix_birl/releases/1.7.1","2025-03-15T00:31:58.645Z","2025-03-15T00:22:00.243Z","2025-03-18T21:32:06.279Z"
"glistix_gleeunit","1.1.0",677,"https://hex.pm/api/packages/glistix_gleeunit/releases/1.1.0","2024-04-23T00:17:24.173Z","2024-04-23T00:17:21.728Z","2024-07-03T00:05:51.379Z"
"glistix_json","1.0.0",18,"https://hex.pm/api/packages/glistix_json/releases/1.0.0","2025-03-10T02:45:25.836Z","2025-03-10T02:45:23.488Z","2025-03-12T11:01:40.056Z"
"glistix_nix","0.1.0",69,"https://hex.pm/api/packages/glistix_nix/releases/0.1.0","2024-04-23T22:45:26.079Z","2024-04-23T22:45:23.706Z","2024-07-03T00:05:29.878Z"
"glistix_stdlib","0.37.0",20,"https://hex.pm/api/packages/glistix_stdlib/releases/0.37.0","2025-03-14T23:20:06.882Z","2025-03-14T23:20:04.166Z","2025-03-18T21:32:08.724Z"
"glistix_stdlib","0.38.0",840,"https://hex.pm/api/packages/glistix_stdlib/releases/0.38.0","2025-02-08T03:14:29.955Z","2025-02-08T03:14:26.862Z","2025-03-18T21:32:08.724Z"
"glitch","0.0.1",34,"https://hex.pm/api/packages/glitch/releases/0.0.1","2024-03-10T03:13:58.143Z","2024-03-10T03:13:55.909Z","2024-07-03T00:05:06.575Z"
"glitch","0.0.2",104,"https://hex.pm/api/packages/glitch/releases/0.0.2","2024-03-19T13:36:29.046Z","2024-03-19T13:36:26.690Z","2024-07-03T00:05:06.575Z"
"glitch","0.0.3",78,"https://hex.pm/api/packages/glitch/releases/0.0.3","2024-04-16T13:52:18.935Z","2024-04-16T13:52:16.336Z","2024-07-03T00:05:06.575Z"
"glitch","0.0.4",83,"https://hex.pm/api/packages/glitch/releases/0.0.4","2024-04-18T12:51:16.576Z","2024-04-18T12:51:14.276Z","2024-07-03T00:05:06.575Z"
"glitch","0.0.5",80,"https://hex.pm/api/packages/glitch/releases/0.0.5","2024-04-18T13:17:45.107Z","2024-04-18T13:17:42.840Z","2024-07-03T00:05:06.575Z"
"glitch","0.0.6",85,"https://hex.pm/api/packages/glitch/releases/0.0.6","2024-04-24T12:19:27.291Z","2024-04-24T12:19:24.891Z","2024-07-03T00:05:06.574Z"
"glitr","0.1.0",36,"https://hex.pm/api/packages/glitr/releases/0.1.0","2024-09-12T15:32:36.536Z","2024-09-12T15:32:33.996Z","2024-12-19T23:18:07.720Z"
"glitr","0.1.1",28,"https://hex.pm/api/packages/glitr/releases/0.1.1","2024-09-13T14:13:04.162Z","2024-09-13T14:13:01.447Z","2024-12-19T23:18:07.720Z"
"glitr","0.1.12",34,"https://hex.pm/api/packages/glitr/releases/0.1.12","2024-10-10T12:57:13.351Z","2024-10-10T12:57:10.710Z","2024-12-19T23:18:07.720Z"
"glitr","0.1.14",34,"https://hex.pm/api/packages/glitr/releases/0.1.14","2024-10-22T16:33:04.065Z","2024-10-22T16:33:01.056Z","2024-12-19T23:18:07.720Z"
"glitr","0.1.15",12,"https://hex.pm/api/packages/glitr/releases/0.1.15","2024-12-17T19:51:37.936Z","2024-12-17T19:51:33.896Z","2024-12-19T23:18:07.720Z"
"glitr","0.1.2",30,"https://hex.pm/api/packages/glitr/releases/0.1.2","2024-09-13T14:55:06.590Z","2024-09-13T14:55:04.160Z","2024-12-19T23:18:07.720Z"
"glitr","0.1.3",28,"https://hex.pm/api/packages/glitr/releases/0.1.3","2024-09-13T16:29:47.163Z","2024-09-13T16:29:44.762Z","2024-12-19T23:18:07.720Z"
"glitr","0.1.4",28,"https://hex.pm/api/packages/glitr/releases/0.1.4","2024-09-14T07:56:32.417Z","2024-09-14T07:56:29.685Z","2024-12-19T23:18:07.720Z"
"glitr","0.1.5",30,"https://hex.pm/api/packages/glitr/releases/0.1.5","2024-09-15T12:00:22.500Z","2024-09-15T12:00:19.981Z","2024-12-19T23:18:07.720Z"
"glitr","0.1.6",30,"https://hex.pm/api/packages/glitr/releases/0.1.6","2024-09-15T16:36:51.825Z","2024-09-15T16:36:49.303Z","2024-12-19T23:18:07.720Z"
"glitr","0.1.7",26,"https://hex.pm/api/packages/glitr/releases/0.1.7","2024-10-02T16:02:08.141Z","2024-10-02T16:02:05.233Z","2024-12-19T23:18:07.720Z"
"glitr","0.1.8",30,"https://hex.pm/api/packages/glitr/releases/0.1.8","2024-10-03T14:00:08.800Z","2024-10-03T14:00:06.407Z","2024-12-19T23:18:07.720Z"
"glitr_convert","0.1.10",24,"https://hex.pm/api/packages/glitr_convert/releases/0.1.10","2024-10-08T15:27:33.739Z","2024-10-08T15:27:29.371Z","2024-12-18T06:12:31.965Z"
"glitr_convert","0.1.11",26,"https://hex.pm/api/packages/glitr_convert/releases/0.1.11","2024-10-09T18:55:28.065Z","2024-10-09T18:55:25.598Z","2024-12-18T06:12:31.965Z"
"glitr_convert","0.1.12",30,"https://hex.pm/api/packages/glitr_convert/releases/0.1.12","2024-10-10T12:05:48.751Z","2024-10-10T12:05:46.061Z","2024-12-18T06:12:31.965Z"
"glitr_convert","0.1.13",34,"https://hex.pm/api/packages/glitr_convert/releases/0.1.13","2024-10-11T14:12:59.179Z","2024-10-11T14:12:56.665Z","2024-12-18T06:12:31.965Z"
"glitr_convert","0.1.7",25,"https://hex.pm/api/packages/glitr_convert/releases/0.1.7","2024-10-02T15:19:43.484Z","2024-10-02T15:17:29.531Z","2024-12-18T06:12:31.965Z"
"glitr_convert","0.1.8",28,"https://hex.pm/api/packages/glitr_convert/releases/0.1.8","2024-10-03T13:52:54.023Z","2024-10-03T13:52:51.454Z","2024-12-18T06:12:31.965Z"
"glitr_convert","0.1.9",24,"https://hex.pm/api/packages/glitr_convert/releases/0.1.9","2024-10-08T12:27:18.994Z","2024-10-08T12:27:15.580Z","2024-12-18T06:12:31.965Z"
"glitr_convert","0.2.0",22,"https://hex.pm/api/packages/glitr_convert/releases/0.2.0","2024-10-23T20:19:20.010Z","2024-10-23T20:19:17.149Z","2024-12-18T06:12:31.965Z"
"glitr_convert","0.2.1",30,"https://hex.pm/api/packages/glitr_convert/releases/0.2.1","2024-10-23T20:24:40.162Z","2024-10-23T20:24:37.551Z","2024-12-18T06:12:31.965Z"
"glitr_convert","0.2.2",28,"https://hex.pm/api/packages/glitr_convert/releases/0.2.2","2024-11-07T17:36:16.466Z","2024-11-07T17:36:13.533Z","2024-12-18T06:12:31.965Z"
"glitr_convert","0.2.3",22,"https://hex.pm/api/packages/glitr_convert/releases/0.2.3","2024-11-17T18:17:05.986Z","2024-11-17T18:17:03.364Z","2024-12-18T06:12:31.965Z"
"glitr_convert","0.2.4",14,"https://hex.pm/api/packages/glitr_convert/releases/0.2.4","2024-12-15T16:31:38.260Z","2024-12-15T16:31:33.973Z","2024-12-18T06:12:31.965Z"
"glitr_convert_cake","0.1.13",30,"https://hex.pm/api/packages/glitr_convert_cake/releases/0.1.13","2024-10-11T14:48:44.754Z","2024-10-11T14:48:41.987Z","2024-12-19T13:01:00.301Z"
"glitr_convert_cake","0.1.14",24,"https://hex.pm/api/packages/glitr_convert_cake/releases/0.1.14","2024-10-30T21:04:53.063Z","2024-10-30T21:04:50.384Z","2024-12-19T13:01:00.300Z"
"glitr_convert_cake","0.1.15",12,"https://hex.pm/api/packages/glitr_convert_cake/releases/0.1.15","2024-12-17T19:50:32.516Z","2024-12-17T19:50:29.735Z","2024-12-19T13:01:00.300Z"
"glitr_convert_sql","0.1.13",22,"https://hex.pm/api/packages/glitr_convert_sql/releases/0.1.13","2024-10-20T08:17:44.942Z","2024-10-20T08:17:41.823Z","2024-12-19T13:00:59.208Z"
"glitr_convert_sql","0.1.14",12,"https://hex.pm/api/packages/glitr_convert_sql/releases/0.1.14","2024-12-17T19:51:00.779Z","2024-12-17T19:50:58.044Z","2024-12-19T13:00:59.208Z"
"glitr_lustre","0.1.0",26,"https://hex.pm/api/packages/glitr_lustre/releases/0.1.0","2024-09-12T15:36:58.083Z","2024-09-12T15:36:55.634Z","2024-10-24T12:57:04.689Z"
"glitr_lustre","0.1.12",20,"https://hex.pm/api/packages/glitr_lustre/releases/0.1.12","2024-10-10T14:43:13.101Z","2024-10-10T14:43:10.095Z","2024-10-24T12:57:04.689Z"
"glitr_lustre","0.1.14",14,"https://hex.pm/api/packages/glitr_lustre/releases/0.1.14","2024-10-22T16:36:01.705Z","2024-10-22T16:35:58.889Z","2024-10-24T12:57:04.689Z"
"glitr_lustre","0.1.2",20,"https://hex.pm/api/packages/glitr_lustre/releases/0.1.2","2024-09-13T15:16:51.202Z","2024-09-13T15:16:48.665Z","2024-10-24T12:57:04.689Z"
"glitr_lustre","0.1.5",20,"https://hex.pm/api/packages/glitr_lustre/releases/0.1.5","2024-09-15T12:11:49.205Z","2024-09-15T12:11:45.662Z","2024-10-24T12:57:04.689Z"
"glitr_lustre","0.1.6",26,"https://hex.pm/api/packages/glitr_lustre/releases/0.1.6","2024-09-15T16:34:50.338Z","2024-09-15T16:34:48.031Z","2024-10-24T12:57:04.689Z"
"glitr_wisp","0.1.0",24,"https://hex.pm/api/packages/glitr_wisp/releases/0.1.0","2024-09-12T15:35:25.171Z","2024-09-12T15:35:22.749Z","2024-10-13T10:27:21.323Z"
"glitr_wisp","0.1.1",18,"https://hex.pm/api/packages/glitr_wisp/releases/0.1.1","2024-09-13T14:23:48.670Z","2024-09-13T14:23:46.076Z","2024-10-13T10:27:21.323Z"
"glitr_wisp","0.1.12",14,"https://hex.pm/api/packages/glitr_wisp/releases/0.1.12","2024-10-10T14:46:12.442Z","2024-10-10T14:46:08.883Z","2024-10-13T10:27:21.322Z"
"glitr_wisp","0.1.13",16,"https://hex.pm/api/packages/glitr_wisp/releases/0.1.13","2024-10-10T16:21:47.571Z","2024-10-10T16:21:44.478Z","2024-10-13T10:27:21.322Z"
"glitr_wisp","0.1.2",18,"https://hex.pm/api/packages/glitr_wisp/releases/0.1.2","2024-09-13T15:18:41.296Z","2024-09-13T15:18:38.815Z","2024-10-13T10:27:21.323Z"
"glitr_wisp","0.1.5",18,"https://hex.pm/api/packages/glitr_wisp/releases/0.1.5","2024-09-15T12:18:24.278Z","2024-09-15T12:18:21.658Z","2024-10-13T10:27:21.323Z"
"glitr_wisp","0.1.6",20,"https://hex.pm/api/packages/glitr_wisp/releases/0.1.6","2024-09-15T16:45:33.438Z","2024-09-15T16:45:31.059Z","2024-10-13T10:27:21.323Z"
"glitr_wisp","0.1.7",22,"https://hex.pm/api/packages/glitr_wisp/releases/0.1.7","2024-09-18T11:31:37.191Z","2024-09-18T11:31:34.517Z","2024-10-13T10:27:21.323Z"
"glitter","0.1.0",60,"https://hex.pm/api/packages/glitter/releases/0.1.0","2022-01-17T20:47:29.786Z","2022-01-17T20:47:26.579Z","2024-07-03T02:36:38.605Z"
"glitzer","1.0.0",50,"https://hex.pm/api/packages/glitzer/releases/1.0.0","2024-06-05T10:57:58.285Z","2024-06-05T10:57:55.327Z","2024-12-03T17:02:36.441Z"
"glitzer","1.1.0",34,"https://hex.pm/api/packages/glitzer/releases/1.1.0","2024-06-07T17:03:27.693Z","2024-06-07T17:03:24.908Z","2024-12-03T17:02:36.441Z"
"glitzer","1.1.1",229,"https://hex.pm/api/packages/glitzer/releases/1.1.1","2024-06-07T17:10:23.509Z","2024-06-07T17:10:20.803Z","2024-12-03T17:02:36.441Z"
"glitzer","1.1.2",110,"https://hex.pm/api/packages/glitzer/releases/1.1.2","2024-09-04T08:15:06.596Z","2024-09-04T08:15:03.818Z","2024-12-03T17:02:36.441Z"
"glitzer","1.1.3",30,"https://hex.pm/api/packages/glitzer/releases/1.1.3","2024-11-23T16:48:01.372Z","2024-11-23T16:47:57.616Z","2024-12-03T17:02:36.441Z"
"glitzer","1.2.0",14,"https://hex.pm/api/packages/glitzer/releases/1.2.0","2024-11-30T11:55:34.252Z","2024-11-30T11:55:31.359Z","2024-12-03T17:02:36.441Z"
"gliua","0.0.1",167,"https://hex.pm/api/packages/gliua/releases/0.0.1","2024-04-30T21:14:01.926Z","2024-04-30T21:10:06.474Z","2024-07-03T00:02:00.787Z"
"gliua","0.0.2",39,"https://hex.pm/api/packages/gliua/releases/0.0.2","2024-04-30T22:03:31.076Z","2024-04-30T22:03:27.530Z","2024-07-03T00:02:00.787Z"
"gliua","0.0.3",169,"https://hex.pm/api/packages/gliua/releases/0.0.3","2024-05-01T20:53:28.635Z","2024-05-01T20:53:25.378Z","2024-07-03T00:02:00.787Z"
"globe","0.1.0",96,"https://hex.pm/api/packages/globe/releases/0.1.0","2023-05-31T19:49:40.478Z","2023-05-31T19:49:38.059Z","2024-07-03T01:34:27.975Z"
"globlin","1.0.0",24,"https://hex.pm/api/packages/globlin/releases/1.0.0","2024-08-18T22:23:14.805Z","2024-08-18T22:23:12.243Z","2024-12-04T13:34:15.831Z"
"globlin","1.0.1",27,"https://hex.pm/api/packages/globlin/releases/1.0.1","2024-08-18T22:35:01.917Z","2024-08-18T22:34:59.416Z","2024-12-04T13:34:15.831Z"
"globlin","2.0.0",50,"https://hex.pm/api/packages/globlin/releases/2.0.0","2024-08-20T03:17:30.606Z","2024-08-20T03:17:28.080Z","2024-12-04T13:34:15.831Z"
"globlin","2.0.1",28,"https://hex.pm/api/packages/globlin/releases/2.0.1","2024-08-20T04:07:14.323Z","2024-08-20T04:07:11.892Z","2024-12-04T13:34:15.831Z"
"globlin","2.0.2",273,"https://hex.pm/api/packages/globlin/releases/2.0.2","2024-08-22T01:08:12.772Z","2024-08-22T01:08:10.263Z","2024-12-04T13:34:15.831Z"
"globlin","2.0.3",12,"https://hex.pm/api/packages/globlin/releases/2.0.3","2024-12-02T04:36:32.702Z","2024-12-02T04:36:29.562Z","2024-12-04T13:34:15.831Z"
"globlin_fs","1.0.0",18,"https://hex.pm/api/packages/globlin_fs/releases/1.0.0","2024-08-20T03:50:25.105Z","2024-08-20T03:50:21.841Z","2024-09-04T04:21:20.375Z"
"globlin_fs","2.0.0",10,"https://hex.pm/api/packages/globlin_fs/releases/2.0.0","2024-09-02T03:41:45.217Z","2024-09-02T03:41:42.560Z","2024-09-04T04:21:20.375Z"
"glog","0.1.0",68,"https://hex.pm/api/packages/glog/releases/0.1.0","2022-11-25T11:05:41.055Z","2022-11-25T11:05:38.926Z","2024-07-03T00:09:53.522Z"
"glog","0.2.0",74,"https://hex.pm/api/packages/glog/releases/0.2.0","2022-11-28T13:54:40.114Z","2022-11-28T13:54:38.692Z","2024-07-03T00:09:53.522Z"
"glog","0.2.1",78,"https://hex.pm/api/packages/glog/releases/0.2.1","2022-11-28T14:06:46.892Z","2022-11-28T14:06:45.582Z","2024-07-03T00:09:53.522Z"
"glog","0.2.2",120,"https://hex.pm/api/packages/glog/releases/0.2.2","2023-01-08T01:36:11.829Z","2023-01-08T01:36:08.023Z","2024-07-03T00:09:53.522Z"
"glog","0.3.0",47,"https://hex.pm/api/packages/glog/releases/0.3.0","2024-04-12T15:00:29.506Z","2024-04-12T15:00:27.078Z","2024-07-03T00:09:53.522Z"
"glome","0.1.0",66,"https://hex.pm/api/packages/glome/releases/0.1.0","2022-02-20T18:19:57.414Z","2022-02-20T18:19:54.412Z","2024-07-03T02:21:42.845Z"
"glome","0.1.1",60,"https://hex.pm/api/packages/glome/releases/0.1.1","2022-04-18T12:09:25.915Z","2022-04-18T12:09:22.467Z","2024-07-03T02:21:42.845Z"
"glome","0.2.0",62,"https://hex.pm/api/packages/glome/releases/0.2.0","2022-04-18T14:50:29.188Z","2022-04-18T14:50:25.920Z","2024-07-03T02:21:42.845Z"
"glome","0.3.0",73,"https://hex.pm/api/packages/glome/releases/0.3.0","2022-05-23T16:14:28.072Z","2022-05-23T16:14:25.024Z","2024-07-03T02:21:42.845Z"
"gloml","0.1.0",44,"https://hex.pm/api/packages/gloml/releases/0.1.0","2023-03-05T07:20:50.968Z","2023-03-05T07:20:48.428Z","2024-07-03T01:10:59.522Z"
"gloml","0.1.0-b1",42,"https://hex.pm/api/packages/gloml/releases/0.1.0-b1","2023-03-04T05:11:16.615Z","2023-03-04T05:11:14.277Z","2024-07-03T01:10:59.522Z"
"gloml","0.1.1",44,"https://hex.pm/api/packages/gloml/releases/0.1.1","2023-03-05T08:02:56.073Z","2023-03-05T08:02:53.782Z","2024-07-03T01:10:59.522Z"
"gloml","0.1.2",200,"https://hex.pm/api/packages/gloml/releases/0.1.2","2023-03-05T08:09:32.573Z","2023-03-05T08:09:30.122Z","2024-07-03T01:10:59.522Z"
"gloml","0.1.3",761,"https://hex.pm/api/packages/gloml/releases/0.1.3","2023-10-25T01:11:20.287Z","2023-10-25T01:11:17.467Z","2024-07-03T01:10:59.522Z"
"glomp","1.0.0",24,"https://hex.pm/api/packages/glomp/releases/1.0.0","2024-03-17T13:17:59.226Z","2024-03-17T13:17:56.736Z","2024-07-03T00:24:29.817Z"
"gloom","0.1.0",54,"https://hex.pm/api/packages/gloom/releases/0.1.0","2023-09-28T04:58:37.374Z","2023-09-28T04:58:34.191Z","2024-07-03T01:15:00.691Z"
"gloop","1.0.0",16,"https://hex.pm/api/packages/gloop/releases/1.0.0","2025-02-09T21:46:45.773Z","2025-02-09T21:46:42.691Z","2025-02-13T00:26:26.073Z"
"gloop","1.1.0",11,"https://hex.pm/api/packages/gloop/releases/1.1.0","2025-02-11T02:36:42.552Z","2025-02-11T02:36:38.536Z","2025-02-13T00:26:26.073Z"
"gloq","1.0.0",18,"https://hex.pm/api/packages/gloq/releases/1.0.0","2024-09-04T15:52:01.259Z","2024-09-04T15:37:56.835Z","2024-09-16T13:11:43.782Z"
"gloq","1.0.1",22,"https://hex.pm/api/packages/gloq/releases/1.0.1","2024-09-04T17:29:07.966Z","2024-09-04T17:29:05.122Z","2024-09-16T13:11:43.782Z"
"gloq","1.1.1",20,"https://hex.pm/api/packages/gloq/releases/1.1.1","2024-09-05T15:03:58.455Z","2024-09-05T15:03:56.038Z","2024-09-16T13:11:43.782Z"
"gloq","1.1.2",20,"https://hex.pm/api/packages/gloq/releases/1.1.2","2024-09-05T15:09:04.575Z","2024-09-05T15:09:01.808Z","2024-09-16T13:11:43.782Z"
"gloq","1.2.2",16,"https://hex.pm/api/packages/gloq/releases/1.2.2","2024-09-06T15:53:24.404Z","2024-09-06T15:53:22.133Z","2024-09-16T13:11:43.782Z"
"gloq","1.3.2",16,"https://hex.pm/api/packages/gloq/releases/1.3.2","2024-09-09T17:23:58.668Z","2024-09-09T17:23:55.923Z","2024-09-16T13:11:43.782Z"
"gloq","1.4.2",8,"https://hex.pm/api/packages/gloq/releases/1.4.2","2024-09-13T14:00:46.464Z","2024-09-13T14:00:44.182Z","2024-09-16T13:11:43.782Z"
"glorage","1.0.0",10,"https://hex.pm/api/packages/glorage/releases/1.0.0","2024-08-28T16:30:14.102Z","2024-08-28T16:30:11.063Z","2024-08-30T22:05:24.754Z"
"glormat","1.0.0",41,"https://hex.pm/api/packages/glormat/releases/1.0.0","2024-04-11T02:05:27.613Z","2024-04-11T02:05:25.006Z","2024-07-03T00:11:08.586Z"
"gloss","0.0.1",26,"https://hex.pm/api/packages/gloss/releases/0.0.1","2024-03-28T06:03:06.706Z","2024-03-28T06:03:04.152Z","2024-07-03T00:18:16.476Z"
"glotel","0.1.0",207,"https://hex.pm/api/packages/glotel/releases/0.1.0","2024-04-18T12:58:17.184Z","2024-04-18T12:58:14.629Z","2024-07-03T00:07:50.104Z"
"glove","0.1.0",71,"https://hex.pm/api/packages/glove/releases/0.1.0","2023-05-31T11:08:20.721Z","2023-05-31T11:08:18.164Z","2025-04-08T12:15:34.757Z"
"glove","0.2.0",94,"https://hex.pm/api/packages/glove/releases/0.2.0","2023-05-31T13:29:50.201Z","2023-05-31T13:29:47.940Z","2025-04-08T12:15:34.757Z"
"glove","0.3.0",78,"https://hex.pm/api/packages/glove/releases/0.3.0","2023-09-19T23:03:50.206Z","2023-09-19T23:03:47.326Z","2025-04-08T12:15:34.757Z"
"glove","0.4.0",90,"https://hex.pm/api/packages/glove/releases/0.4.0","2024-02-03T18:46:05.439Z","2024-02-03T18:46:02.870Z","2025-04-08T12:15:34.757Z"
"glove","1.0.0",12,"https://hex.pm/api/packages/glove/releases/1.0.0","2025-04-05T20:01:07.400Z","2025-04-05T20:01:04.729Z","2025-04-08T12:15:34.757Z"
"glow","0.1.0",71,"https://hex.pm/api/packages/glow/releases/0.1.0","2023-02-04T21:46:36.501Z","2023-02-04T21:46:34.456Z","2024-07-03T01:50:21.086Z"
"glow_auth","0.1.0",67,"https://hex.pm/api/packages/glow_auth/releases/0.1.0","2022-07-19T15:45:09.977Z","2022-07-19T15:45:06.510Z","2025-02-18T13:56:02.303Z"
"glow_auth","0.2.0",69,"https://hex.pm/api/packages/glow_auth/releases/0.2.0","2022-07-23T11:04:28.895Z","2022-07-23T11:04:25.433Z","2025-02-18T13:56:02.303Z"
"glow_auth","0.3.0",70,"https://hex.pm/api/packages/glow_auth/releases/0.3.0","2022-07-23T13:24:51.167Z","2022-07-23T13:24:47.714Z","2025-02-18T13:56:02.303Z"
"glow_auth","0.3.1",72,"https://hex.pm/api/packages/glow_auth/releases/0.3.1","2022-07-23T13:38:30.497Z","2022-07-23T13:38:27.377Z","2025-02-18T13:56:02.303Z"
"glow_auth","0.3.2",97,"https://hex.pm/api/packages/glow_auth/releases/0.3.2","2022-07-23T13:45:55.667Z","2022-07-23T13:45:52.505Z","2025-02-18T13:56:02.303Z"
"glow_auth","0.4.0",182,"https://hex.pm/api/packages/glow_auth/releases/0.4.0","2024-02-09T14:31:23.894Z","2024-02-09T14:31:21.013Z","2025-02-18T13:56:02.303Z"
"glow_auth","0.4.1",36,"https://hex.pm/api/packages/glow_auth/releases/0.4.1","2024-07-19T04:30:25.150Z","2024-07-19T04:30:22.065Z","2025-02-18T13:56:02.303Z"
"glow_auth","0.5.0",428,"https://hex.pm/api/packages/glow_auth/releases/0.5.0","2024-08-05T01:19:27.619Z","2024-08-05T01:19:24.925Z","2025-02-18T13:56:02.303Z"
"glow_auth","0.5.1",508,"https://hex.pm/api/packages/glow_auth/releases/0.5.1","2024-10-07T08:15:37.632Z","2024-10-07T08:15:34.342Z","2025-02-18T13:56:02.303Z"
"glow_auth","1.0.0",16,"https://hex.pm/api/packages/glow_auth/releases/1.0.0","2025-02-15T05:45:12.856Z","2025-02-15T05:45:09.191Z","2025-02-18T13:56:02.303Z"
"glrss_parser","0.1.0",22,"https://hex.pm/api/packages/glrss_parser/releases/0.1.0","2024-08-27T01:48:02.624Z","2024-08-27T01:47:59.654Z","2024-11-18T17:57:28.702Z"
"glrss_parser","0.1.1",34,"https://hex.pm/api/packages/glrss_parser/releases/0.1.1","2024-08-27T02:15:21.186Z","2024-08-27T02:15:18.704Z","2024-11-18T17:57:28.702Z"
"glrss_parser","0.2.0",16,"https://hex.pm/api/packages/glrss_parser/releases/0.2.0","2024-11-14T21:03:31.608Z","2024-11-14T21:03:28.764Z","2024-11-18T17:57:28.702Z"
"glubs","0.1.0",36,"https://hex.pm/api/packages/glubs/releases/0.1.0","2023-11-18T18:30:40.283Z","2023-11-18T18:30:37.817Z","2024-07-03T00:43:59.874Z"
"glubs","0.2.0",36,"https://hex.pm/api/packages/glubs/releases/0.2.0","2023-11-18T19:40:25.189Z","2023-11-18T19:40:23.038Z","2024-07-03T00:43:59.874Z"
"glubs","0.3.0",36,"https://hex.pm/api/packages/glubs/releases/0.3.0","2023-11-19T21:04:28.465Z","2023-11-19T21:04:26.247Z","2024-07-03T00:43:59.874Z"
"glubs","1.0.0",40,"https://hex.pm/api/packages/glubs/releases/1.0.0","2023-11-23T18:53:11.817Z","2023-11-23T18:53:09.504Z","2024-07-03T00:43:59.873Z"
"glubs","1.0.1",34,"https://hex.pm/api/packages/glubs/releases/1.0.1","2023-12-06T17:11:53.656Z","2023-12-06T17:11:51.344Z","2024-07-03T00:43:59.873Z"
"glubs","1.1.0",26,"https://hex.pm/api/packages/glubs/releases/1.1.0","2024-02-16T08:22:18.555Z","2024-02-16T08:22:16.152Z","2024-07-03T00:43:59.873Z"
"glubsub","1.0.1",120,"https://hex.pm/api/packages/glubsub/releases/1.0.1","2024-06-25T18:17:39.094Z","2024-06-25T18:17:36.540Z","2025-03-30T01:34:00.157Z"
"glubsub","1.1.0",24,"https://hex.pm/api/packages/glubsub/releases/1.1.0","2025-03-27T14:16:31.432Z","2025-03-27T14:16:28.012Z","2025-03-30T01:34:00.157Z"
"glucose","0.0.1",55,"https://hex.pm/api/packages/glucose/releases/0.0.1","2023-04-02T07:28:46.282Z","2023-04-02T07:28:43.942Z","2024-07-03T00:48:08.360Z"
"glucose","0.1.0",45,"https://hex.pm/api/packages/glucose/releases/0.1.0","2024-01-30T03:24:53.854Z","2024-01-30T03:24:51.369Z","2024-07-03T00:48:08.360Z"
"glue","0.1.0",75,"https://hex.pm/api/packages/glue/releases/0.1.0","2023-05-13T20:03:08.350Z","2023-05-13T20:03:06.260Z","2024-12-11T09:51:13.408Z"
"glue","0.2.0",16,"https://hex.pm/api/packages/glue/releases/0.2.0","2024-12-08T14:20:45.884Z","2024-12-08T14:20:43.079Z","2024-12-11T09:51:13.408Z"
"gluid","1.0.0",2311,"https://hex.pm/api/packages/gluid/releases/1.0.0","2024-03-19T14:23:21.781Z","2024-03-19T14:23:19.389Z","2025-03-24T01:15:03.559Z"
"gluid","1.1.0",46,"https://hex.pm/api/packages/gluid/releases/1.1.0","2025-03-21T09:14:24.136Z","2025-03-21T09:14:21.527Z","2025-03-24T01:15:03.559Z"
"gluon","0.1.0",39,"https://hex.pm/api/packages/gluon/releases/0.1.0","2023-08-21T13:25:38.653Z","2023-08-21T13:25:36.158Z","2024-07-03T01:20:56.855Z"
"gluon","0.1.1",45,"https://hex.pm/api/packages/gluon/releases/0.1.1","2023-08-21T13:34:54.730Z","2023-08-21T13:34:51.983Z","2024-07-03T01:20:56.855Z"
"gluon","0.1.2",45,"https://hex.pm/api/packages/gluon/releases/0.1.2","2023-08-21T15:16:37.724Z","2023-08-21T15:16:34.801Z","2024-07-03T01:20:56.855Z"
"gluon","0.1.3",45,"https://hex.pm/api/packages/gluon/releases/0.1.3","2023-08-21T15:35:22.995Z","2023-08-21T15:35:19.894Z","2024-07-03T01:20:56.854Z"
"gluon","0.1.4",43,"https://hex.pm/api/packages/gluon/releases/0.1.4","2023-08-21T18:12:55.655Z","2023-08-21T18:12:53.197Z","2024-07-03T01:20:56.854Z"
"gluon","0.1.5",43,"https://hex.pm/api/packages/gluon/releases/0.1.5","2023-08-21T18:50:11.923Z","2023-08-21T18:50:09.228Z","2024-07-03T01:20:56.854Z"
"gluon","0.1.6",49,"https://hex.pm/api/packages/gluon/releases/0.1.6","2023-08-21T19:35:57.447Z","2023-08-21T19:35:55.035Z","2024-07-03T01:20:56.854Z"
"gluon","0.1.7",57,"https://hex.pm/api/packages/gluon/releases/0.1.7","2023-08-21T19:59:11.851Z","2023-08-21T19:59:09.527Z","2024-07-03T01:20:56.854Z"
"gluple","1.0.0",26,"https://hex.pm/api/packages/gluple/releases/1.0.0","2024-05-09T20:28:03.001Z","2024-05-09T20:28:00.103Z","2024-07-20T14:07:58.553Z"
"gluple","1.1.0",32,"https://hex.pm/api/packages/gluple/releases/1.1.0","2024-05-14T17:13:28.759Z","2024-05-14T17:13:25.780Z","2024-07-20T14:07:58.553Z"
"gluple","1.2.0",38,"https://hex.pm/api/packages/gluple/releases/1.2.0","2024-05-15T15:48:20.711Z","2024-05-15T15:48:17.618Z","2024-07-20T14:07:58.553Z"
"gluple","1.3.0",21,"https://hex.pm/api/packages/gluple/releases/1.3.0","2024-06-22T16:04:21.991Z","2024-06-22T16:04:19.031Z","2024-07-20T14:07:58.553Z"
"gluple","2.0.0",18,"https://hex.pm/api/packages/gluple/releases/2.0.0","2024-06-23T09:30:26.657Z","2024-06-23T09:30:24.061Z","2024-07-20T14:07:58.553Z"
"gluple","2.1.0",22,"https://hex.pm/api/packages/gluple/releases/2.1.0","2024-06-25T17:48:21.617Z","2024-06-25T17:48:18.847Z","2024-07-20T14:07:58.553Z"
"gluple","2.2.0",60,"https://hex.pm/api/packages/gluple/releases/2.2.0","2024-06-25T18:18:29.972Z","2024-06-25T18:18:27.006Z","2024-07-20T14:07:58.553Z"
"glv8","0.1.0",29,"https://hex.pm/api/packages/glv8/releases/0.1.0","2024-07-25T08:15:55.498Z","2024-07-25T08:15:51.926Z","2025-01-28T03:49:50.041Z"
"glv8","1.0.0",34,"https://hex.pm/api/packages/glv8/releases/1.0.0","2024-07-29T10:18:18.337Z","2024-07-29T10:18:14.813Z","2025-01-28T03:49:50.041Z"
"glv8","1.0.1",16,"https://hex.pm/api/packages/glv8/releases/1.0.1","2025-01-25T15:17:18.043Z","2025-01-25T15:17:14.469Z","2025-01-28T03:49:50.041Z"
"glx","0.1.0",46,"https://hex.pm/api/packages/glx/releases/0.1.0","2023-05-30T14:52:25.912Z","2023-05-30T14:52:23.659Z","2024-07-03T00:48:01.764Z"
"glx","0.2.0",96,"https://hex.pm/api/packages/glx/releases/0.2.0","2023-05-30T19:33:12.952Z","2023-05-30T19:33:10.569Z","2024-07-03T00:48:01.764Z"
"glx","0.3.0",30,"https://hex.pm/api/packages/glx/releases/0.3.0","2024-01-26T02:29:58.188Z","2024-01-26T02:29:55.370Z","2024-07-03T00:48:01.764Z"
"glx","0.3.1",133,"https://hex.pm/api/packages/glx/releases/0.3.1","2024-01-31T03:43:51.830Z","2024-01-31T03:43:49.592Z","2024-07-03T00:48:01.763Z"
"glychee","0.1.0",168,"https://hex.pm/api/packages/glychee/releases/0.1.0","2022-10-20T22:51:26.781Z","2022-10-20T22:51:22.322Z","2024-07-03T00:02:08.604Z"
"glychee","0.1.1",172,"https://hex.pm/api/packages/glychee/releases/0.1.1","2022-10-20T23:01:55.609Z","2022-10-20T23:01:51.300Z","2024-07-03T00:02:08.604Z"
"glychee","0.1.2",172,"https://hex.pm/api/packages/glychee/releases/0.1.2","2022-10-20T23:46:21.929Z","2022-10-20T23:46:18.166Z","2024-07-03T00:02:08.604Z"
"glychee","0.1.3",174,"https://hex.pm/api/packages/glychee/releases/0.1.3","2022-10-20T23:53:12.518Z","2022-10-20T23:53:08.675Z","2024-07-03T00:02:08.604Z"
"glychee","0.1.4",172,"https://hex.pm/api/packages/glychee/releases/0.1.4","2022-10-20T23:56:44.656Z","2022-10-20T23:56:41.267Z","2024-07-03T00:02:08.604Z"
"glychee","0.1.5",172,"https://hex.pm/api/packages/glychee/releases/0.1.5","2022-10-20T23:59:13.245Z","2022-10-20T23:59:09.576Z","2024-07-03T00:02:08.604Z"
"glychee","0.1.6",174,"https://hex.pm/api/packages/glychee/releases/0.1.6","2022-10-21T00:05:55.713Z","2022-10-21T00:05:51.613Z","2024-07-03T00:02:08.604Z"
"glychee","0.1.7",176,"https://hex.pm/api/packages/glychee/releases/0.1.7","2022-10-21T00:29:14.239Z","2022-10-21T00:29:10.415Z","2024-07-03T00:02:08.604Z"
"glychee","0.1.8",172,"https://hex.pm/api/packages/glychee/releases/0.1.8","2022-10-21T00:47:34.245Z","2022-10-21T00:47:30.300Z","2024-07-03T00:02:08.604Z"
"glychee","0.1.9",172,"https://hex.pm/api/packages/glychee/releases/0.1.9","2022-10-21T00:50:39.527Z","2022-10-21T00:50:36.108Z","2024-07-03T00:02:08.604Z"
"glychee","0.2.0",176,"https://hex.pm/api/packages/glychee/releases/0.2.0","2022-10-21T09:54:53.409Z","2022-10-21T09:54:49.251Z","2024-07-03T00:02:08.604Z"
"glychee","0.2.1",180,"https://hex.pm/api/packages/glychee/releases/0.2.1","2022-10-21T10:22:46.492Z","2022-10-21T10:22:42.605Z","2024-07-03T00:02:08.604Z"
"glychee","0.2.2",178,"https://hex.pm/api/packages/glychee/releases/0.2.2","2022-10-21T10:56:11.080Z","2022-10-21T10:56:07.082Z","2024-07-03T00:02:08.604Z"
"glychee","0.2.3",192,"https://hex.pm/api/packages/glychee/releases/0.2.3","2022-10-25T20:01:10.721Z","2022-10-25T20:01:06.987Z","2024-07-03T00:02:08.604Z"
"glychee","0.2.4",195,"https://hex.pm/api/packages/glychee/releases/0.2.4","2023-01-01T03:07:28.932Z","2023-01-01T03:07:28.111Z","2024-07-03T00:02:08.604Z"
"glychee","0.2.5",195,"https://hex.pm/api/packages/glychee/releases/0.2.5","2023-01-01T03:11:12.122Z","2023-01-01T03:11:11.460Z","2024-07-03T00:02:08.603Z"
"glychee","0.2.6",196,"https://hex.pm/api/packages/glychee/releases/0.2.6","2023-01-01T05:06:02.189Z","2023-01-01T05:06:01.377Z","2024-07-03T00:02:08.603Z"
"glychee","0.2.7",1160,"https://hex.pm/api/packages/glychee/releases/0.2.7","2023-01-19T23:31:35.902Z","2023-01-19T23:31:35.022Z","2024-07-03T00:02:08.603Z"
"glychee","0.3.0",330,"https://hex.pm/api/packages/glychee/releases/0.3.0","2023-07-14T06:49:37.273Z","2023-07-14T06:42:35.755Z","2024-07-03T00:02:08.603Z"
"glychee","1.0.0",43,"https://hex.pm/api/packages/glychee/releases/1.0.0","2024-02-27T23:01:21.140Z","2024-02-27T23:01:18.653Z","2024-07-03T00:02:08.603Z"
"glychee","1.0.1",43,"https://hex.pm/api/packages/glychee/releases/1.0.1","2024-02-27T23:05:06.247Z","2024-02-27T23:05:03.933Z","2024-07-03T00:02:08.603Z"
"glychee","1.0.2",44,"https://hex.pm/api/packages/glychee/releases/1.0.2","2024-02-27T23:13:28.911Z","2024-02-27T23:13:26.138Z","2024-07-03T00:02:08.603Z"
"glychee","1.1.0",68,"https://hex.pm/api/packages/glychee/releases/1.1.0","2024-02-28T00:19:18.774Z","2024-02-28T00:19:16.344Z","2024-07-03T00:02:08.603Z"
"glychee","1.1.1",37,"https://hex.pm/api/packages/glychee/releases/1.1.1","2024-05-01T12:47:53.281Z","2024-05-01T12:47:50.797Z","2024-07-03T00:02:08.603Z"
"glychee","1.1.2",185,"https://hex.pm/api/packages/glychee/releases/1.1.2","2024-05-01T12:53:58.337Z","2024-05-01T12:53:55.996Z","2024-07-03T00:02:08.603Z"
"glyph","0.0.1",33,"https://hex.pm/api/packages/glyph/releases/0.0.1","2024-03-18T13:08:12.232Z","2024-03-18T13:08:10.059Z","2024-07-03T00:15:11.847Z"
"glyph","0.1.0",40,"https://hex.pm/api/packages/glyph/releases/0.1.0","2024-03-24T01:07:09.636Z","2024-03-24T01:07:07.339Z","2024-07-03T00:15:11.847Z"
"glyph","0.2.0",55,"https://hex.pm/api/packages/glyph/releases/0.2.0","2024-04-02T21:56:38.685Z","2024-04-02T21:56:36.269Z","2024-07-03T00:15:11.846Z"
"glyph_codegen","0.1.0",31,"https://hex.pm/api/packages/glyph_codegen/releases/0.1.0","2024-04-06T15:59:39.097Z","2024-04-06T15:59:36.860Z","2024-07-03T00:13:00.572Z"
"glyph_codegen","0.2.0",31,"https://hex.pm/api/packages/glyph_codegen/releases/0.2.0","2024-04-06T16:20:59.320Z","2024-04-06T16:20:56.713Z","2024-07-03T00:13:00.572Z"
"glyph_codegen","0.3.0",34,"https://hex.pm/api/packages/glyph_codegen/releases/0.3.0","2024-04-06T17:03:37.282Z","2024-04-06T17:03:34.836Z","2024-07-03T00:13:00.572Z"
"glzoneinfo","0.2.0",26,"https://hex.pm/api/packages/glzoneinfo/releases/0.2.0","2024-04-03T18:10:21.973Z","2024-04-03T18:10:19.768Z","2024-07-03T00:14:37.842Z"
"gmysql","1.0.0",16,"https://hex.pm/api/packages/gmysql/releases/1.0.0","2024-06-19T14:37:29.291Z","2024-06-19T14:31:40.567Z","2024-08-02T08:43:24.822Z"
"gmysql","1.1.0",20,"https://hex.pm/api/packages/gmysql/releases/1.1.0","2024-06-19T21:29:40.185Z","2024-06-19T21:29:37.576Z","2024-08-02T08:43:24.822Z"
"gmysql","1.1.1",22,"https://hex.pm/api/packages/gmysql/releases/1.1.1","2024-06-19T22:57:12.637Z","2024-06-19T22:57:09.860Z","2024-08-02T08:43:24.822Z"
"gmysql","1.2.0",24,"https://hex.pm/api/packages/gmysql/releases/1.2.0","2024-06-20T12:17:37.415Z","2024-06-20T12:17:34.581Z","2024-08-02T08:43:24.822Z"
"gmysql","1.3.0",167,"https://hex.pm/api/packages/gmysql/releases/1.3.0","2024-06-21T11:15:13.619Z","2024-06-21T11:15:10.751Z","2024-08-02T08:43:24.822Z"
"gmysql","1.4.0",30,"https://hex.pm/api/packages/gmysql/releases/1.4.0","2024-07-31T06:36:11.933Z","2024-07-31T06:36:08.770Z","2024-08-02T08:43:24.822Z"
"go_over","0.1.0",41,"https://hex.pm/api/packages/go_over/releases/0.1.0","2024-05-30T22:39:25.800Z","2024-05-30T22:39:23.129Z","2025-03-11T14:25:23.169Z"
"go_over","0.2.0",50,"https://hex.pm/api/packages/go_over/releases/0.2.0","2024-05-31T00:59:53.130Z","2024-05-31T00:59:50.099Z","2025-03-11T14:25:23.169Z"
"go_over","0.3.0",50,"https://hex.pm/api/packages/go_over/releases/0.3.0","2024-06-01T17:37:01.909Z","2024-06-01T17:36:59.013Z","2025-03-11T14:25:23.169Z"
"go_over","0.3.1",50,"https://hex.pm/api/packages/go_over/releases/0.3.1","2024-06-01T20:59:46.687Z","2024-06-01T20:59:44.039Z","2025-03-11T14:25:23.169Z"
"go_over","0.4.0",44,"https://hex.pm/api/packages/go_over/releases/0.4.0","2024-06-03T15:52:36.941Z","2024-06-03T15:52:34.535Z","2025-03-11T14:25:23.169Z"
"go_over","0.5.0",62,"https://hex.pm/api/packages/go_over/releases/0.5.0","2024-06-05T23:53:10.722Z","2024-06-05T23:53:07.337Z","2025-03-11T14:25:23.169Z"
"go_over","1.0.0",50,"https://hex.pm/api/packages/go_over/releases/1.0.0","2024-06-08T19:52:51.786Z","2024-06-08T19:52:49.088Z","2025-03-11T14:25:23.169Z"
"go_over","1.1.0",46,"https://hex.pm/api/packages/go_over/releases/1.1.0","2024-06-11T02:38:59.996Z","2024-06-11T02:38:57.296Z","2025-03-11T14:25:23.169Z"
"go_over","2.0.0",44,"https://hex.pm/api/packages/go_over/releases/2.0.0","2024-06-15T02:25:03.108Z","2024-06-15T02:25:00.404Z","2025-03-11T14:25:23.169Z"
"go_over","2.1.0",262,"https://hex.pm/api/packages/go_over/releases/2.1.0","2024-06-18T23:26:32.740Z","2024-06-18T23:26:29.983Z","2025-03-11T14:25:23.169Z"
"go_over","2.2.0",248,"https://hex.pm/api/packages/go_over/releases/2.2.0","2024-07-06T21:59:11.219Z","2024-07-06T21:59:08.752Z","2025-03-11T14:25:23.169Z"
"go_over","2.2.1",924,"https://hex.pm/api/packages/go_over/releases/2.2.1","2024-08-25T16:23:00.123Z","2024-08-25T16:22:57.538Z","2025-03-11T14:25:23.169Z"
"go_over","2.3.0",154,"https://hex.pm/api/packages/go_over/releases/2.3.0","2024-11-15T00:21:52.569Z","2024-11-15T00:21:49.679Z","2025-03-11T14:25:23.169Z"
"go_over","2.3.1",602,"https://hex.pm/api/packages/go_over/releases/2.3.1","2024-11-27T21:24:23.537Z","2024-11-27T21:24:23.537Z","2025-03-11T14:25:23.169Z"
"go_over","2.4.0",280,"https://hex.pm/api/packages/go_over/releases/2.4.0","2025-01-10T00:35:57.513Z","2025-01-10T00:35:54.838Z","2025-03-11T14:25:23.169Z"
"go_over","2.4.1",211,"https://hex.pm/api/packages/go_over/releases/2.4.1","2025-01-12T22:14:07.228Z","2025-01-12T22:00:04.678Z","2025-03-11T14:25:23.169Z"
"go_over","2.4.2",212,"https://hex.pm/api/packages/go_over/releases/2.4.2","2025-01-20T17:52:08.077Z","2025-01-20T17:52:05.514Z","2025-03-11T14:25:23.169Z"
"go_over","3.0.0",58,"https://hex.pm/api/packages/go_over/releases/3.0.0","2025-03-02T19:15:37.814Z","2025-03-02T19:15:35.370Z","2025-03-11T14:25:23.169Z"
"go_over","3.0.1",46,"https://hex.pm/api/packages/go_over/releases/3.0.1","2025-03-08T16:56:01.198Z","2025-03-08T16:55:58.771Z","2025-03-11T14:25:23.169Z"
"gond","1.0.0",14,"https://hex.pm/api/packages/gond/releases/1.0.0","2025-03-06T22:08:27.416Z","2025-03-06T22:08:24.558Z","2025-03-10T17:49:56.049Z"
"gond","1.0.1",14,"https://hex.pm/api/packages/gond/releases/1.0.1","2025-03-06T22:21:01.440Z","2025-03-06T22:20:58.668Z","2025-03-10T17:49:56.049Z"
"gond","2.0.0",14,"https://hex.pm/api/packages/gond/releases/2.0.0","2025-03-07T14:39:30.023Z","2025-03-07T14:39:27.477Z","2025-03-10T17:49:56.048Z"
"gopenai","1.0.0",53,"https://hex.pm/api/packages/gopenai/releases/1.0.0","2024-04-15T21:11:29.210Z","2024-04-15T21:11:26.796Z","2024-10-01T01:23:23.857Z"
"gopenai","1.0.1",55,"https://hex.pm/api/packages/gopenai/releases/1.0.1","2024-04-17T00:02:34.380Z","2024-04-17T00:02:31.760Z","2024-10-01T01:23:23.857Z"
"gopenai","1.0.2",59,"https://hex.pm/api/packages/gopenai/releases/1.0.2","2024-04-17T00:13:17.513Z","2024-04-17T00:13:15.117Z","2024-10-01T01:23:23.857Z"
"gopenai","1.0.3",91,"https://hex.pm/api/packages/gopenai/releases/1.0.3","2024-05-22T19:28:20.675Z","2024-05-22T19:28:17.889Z","2024-10-01T01:23:23.857Z"
"gopenai","1.0.4",16,"https://hex.pm/api/packages/gopenai/releases/1.0.4","2024-09-28T04:08:11.123Z","2024-09-28T04:01:35.368Z","2024-10-01T01:23:23.857Z"
"gpkm","1.0.0",22,"https://hex.pm/api/packages/gpkm/releases/1.0.0","2025-02-21T03:23:05.471Z","2025-02-21T03:23:02.220Z","2025-02-25T20:56:14.093Z"
"gpkm","1.1.0",8,"https://hex.pm/api/packages/gpkm/releases/1.1.0","2025-02-24T01:29:15.769Z","2025-02-24T01:29:13.011Z","2025-02-25T20:56:14.093Z"
"gpkm","1.1.1",8,"https://hex.pm/api/packages/gpkm/releases/1.1.1","2025-02-24T02:06:55.661Z","2025-02-24T01:46:57.207Z","2025-02-25T20:56:14.092Z"
"gpsd_json","1.0.0",12,"https://hex.pm/api/packages/gpsd_json/releases/1.0.0","2024-07-16T11:57:43.834Z","2024-07-16T11:57:41.582Z","2024-07-18T11:06:35.865Z"
"gpxb","1.0.0",24,"https://hex.pm/api/packages/gpxb/releases/1.0.0","2024-07-15T11:42:25.367Z","2024-07-15T11:42:22.948Z","2024-12-11T09:51:11.260Z"
"gpxb","1.1.0",16,"https://hex.pm/api/packages/gpxb/releases/1.1.0","2024-12-08T14:40:27.914Z","2024-12-08T14:40:25.089Z","2024-12-11T09:51:11.260Z"
"grammy","0.1.0",125,"https://hex.pm/api/packages/grammy/releases/0.1.0","2024-04-27T01:40:36.784Z","2024-04-27T01:40:34.267Z","2024-12-11T09:51:01.935Z"
"grammy","0.2.0",52,"https://hex.pm/api/packages/grammy/releases/0.2.0","2024-05-23T01:08:51.658Z","2024-05-23T01:08:49.176Z","2024-12-11T09:51:01.935Z"
"grammy","0.3.0",38,"https://hex.pm/api/packages/grammy/releases/0.3.0","2024-08-16T17:43:58.632Z","2024-08-16T17:43:56.264Z","2024-12-11T09:51:01.935Z"
"grammy","0.3.1",16,"https://hex.pm/api/packages/grammy/releases/0.3.1","2024-12-08T15:51:09.067Z","2024-12-08T15:51:06.625Z","2024-12-11T09:51:01.935Z"
"gramps","0.1.0",74,"https://hex.pm/api/packages/gramps/releases/0.1.0","2023-05-03T01:01:52.167Z","2023-05-03T01:01:49.826Z","2025-03-01T07:19:58.837Z"
"gramps","1.0.0",69,"https://hex.pm/api/packages/gramps/releases/1.0.0","2024-03-12T03:31:14.425Z","2024-03-12T03:31:12.275Z","2025-03-01T07:19:58.836Z"
"gramps","1.1.0",251,"https://hex.pm/api/packages/gramps/releases/1.1.0","2024-03-16T03:02:27.782Z","2024-03-16T03:02:25.469Z","2025-03-01T07:19:58.836Z"
"gramps","2.0.0",51,"https://hex.pm/api/packages/gramps/releases/2.0.0","2024-05-16T22:14:16.265Z","2024-05-16T22:14:13.831Z","2025-03-01T07:19:58.836Z"
"gramps","2.0.1",654,"https://hex.pm/api/packages/gramps/releases/2.0.1","2024-05-23T02:13:12.368Z","2024-05-23T02:13:09.768Z","2025-03-01T07:19:58.836Z"
"gramps","2.0.2",261,"https://hex.pm/api/packages/gramps/releases/2.0.2","2024-05-24T18:41:08.863Z","2024-05-24T18:41:06.300Z","2025-03-01T07:19:58.836Z"
"gramps","2.0.3",50054,"https://hex.pm/api/packages/gramps/releases/2.0.3","2024-05-28T23:29:13.085Z","2024-05-28T23:29:10.835Z","2025-03-01T07:19:58.836Z"
"gramps","3.0.0",17509,"https://hex.pm/api/packages/gramps/releases/3.0.0","2024-12-08T15:40:05.633Z","2024-12-08T15:40:03.142Z","2025-03-01T07:19:58.836Z"
"gramps","3.0.1",470,"https://hex.pm/api/packages/gramps/releases/3.0.1","2025-02-26T03:08:54.519Z","2025-02-26T03:08:51.578Z","2025-03-01T07:19:58.836Z"
"graph","0.1.0",30,"https://hex.pm/api/packages/graph/releases/0.1.0","2024-05-25T09:33:11.724Z","2024-05-25T09:33:08.697Z","2024-07-02T23:51:30.336Z"
"grille_pain","1.0.0",77,"https://hex.pm/api/packages/grille_pain/releases/1.0.0","2024-05-20T17:21:39.033Z","2024-05-20T17:21:35.703Z","2025-04-06T08:45:27.628Z"
"grille_pain","1.0.1",279,"https://hex.pm/api/packages/grille_pain/releases/1.0.1","2024-05-21T13:26:44.167Z","2024-05-21T13:26:40.857Z","2025-04-06T08:45:27.628Z"
"grille_pain","1.1.0",10820,"https://hex.pm/api/packages/grille_pain/releases/1.1.0","2024-09-27T13:50:32.815Z","2024-09-27T13:50:30.062Z","2025-04-06T08:45:27.628Z"
"grille_pain","1.1.1",32,"https://hex.pm/api/packages/grille_pain/releases/1.1.1","2025-02-12T16:28:19.538Z","2025-02-12T16:28:13.843Z","2025-04-06T08:45:27.628Z"
"grille_pain","1.1.2",7233,"https://hex.pm/api/packages/grille_pain/releases/1.1.2","2025-02-12T17:49:02.546Z","2025-02-12T17:48:59.582Z","2025-04-06T08:45:27.628Z"
"grille_pain","1.1.3",370,"https://hex.pm/api/packages/grille_pain/releases/1.1.3","2025-04-03T10:10:20.334Z","2025-04-03T10:10:17.789Z","2025-04-06T08:45:27.628Z"
"gripe","0.0.1",30,"https://hex.pm/api/packages/gripe/releases/0.0.1","2024-06-04T03:03:14.084Z","2024-06-04T03:03:11.201Z","2024-07-02T23:45:44.900Z"
"gs","0.0.1",24,"https://hex.pm/api/packages/gs/releases/0.0.1","2024-12-21T20:07:58.887Z","2024-12-21T20:07:56.203Z","2025-01-10T09:03:53.000Z"
"gs","0.0.2",24,"https://hex.pm/api/packages/gs/releases/0.0.2","2024-12-21T20:27:11.952Z","2024-12-21T20:27:09.341Z","2025-01-10T09:03:53.000Z"
"gs","0.0.3",26,"https://hex.pm/api/packages/gs/releases/0.0.3","2024-12-21T20:48:11.127Z","2024-12-21T20:48:08.344Z","2025-01-10T09:03:53.000Z"
"gs","0.0.4",24,"https://hex.pm/api/packages/gs/releases/0.0.4","2024-12-22T19:57:59.199Z","2024-12-22T19:57:56.306Z","2025-01-10T09:03:53.000Z"
"gs","0.0.5",24,"https://hex.pm/api/packages/gs/releases/0.0.5","2024-12-23T19:50:16.672Z","2024-12-23T19:50:13.940Z","2025-01-10T09:03:53.000Z"
"gs","0.0.6",24,"https://hex.pm/api/packages/gs/releases/0.0.6","2024-12-24T05:47:53.582Z","2024-12-24T05:47:50.798Z","2025-01-10T09:03:53.000Z"
"gs","0.0.7",24,"https://hex.pm/api/packages/gs/releases/0.0.7","2024-12-24T21:05:04.486Z","2024-12-24T21:05:01.353Z","2025-01-10T09:03:53.000Z"
"gs","0.0.8",24,"https://hex.pm/api/packages/gs/releases/0.0.8","2024-12-27T06:39:00.937Z","2024-12-27T06:38:58.064Z","2025-01-10T09:03:53.000Z"
"gs","0.0.9",22,"https://hex.pm/api/packages/gs/releases/0.0.9","2024-12-30T22:18:40.306Z","2024-12-30T22:18:37.621Z","2025-01-10T09:03:53.000Z"
"gs","1.0.0",16,"https://hex.pm/api/packages/gs/releases/1.0.0","2025-01-07T09:42:50.615Z","2025-01-07T09:42:46.094Z","2025-01-10T09:03:53.000Z"
"gs","1.0.0-rc.1",22,"https://hex.pm/api/packages/gs/releases/1.0.0-rc.1","2024-12-31T07:54:52.267Z","2024-12-31T07:54:49.492Z","2025-01-10T09:03:53.000Z"
"gs","1.0.0-rc.2",22,"https://hex.pm/api/packages/gs/releases/1.0.0-rc.2","2024-12-31T08:50:30.034Z","2024-12-31T08:50:26.987Z","2025-01-10T09:03:53.000Z"
"gserde","1.0.0",68,"https://hex.pm/api/packages/gserde/releases/1.0.0","2024-01-21T18:34:38.329Z","2024-01-21T18:34:35.960Z","2024-12-10T23:35:30.520Z"
"gserde","1.0.1",72,"https://hex.pm/api/packages/gserde/releases/1.0.1","2024-01-21T18:39:08.583Z","2024-01-21T18:39:06.151Z","2024-12-10T23:35:30.520Z"
"gserde","1.0.2",73,"https://hex.pm/api/packages/gserde/releases/1.0.2","2024-01-21T18:41:06.141Z","2024-01-21T18:41:03.672Z","2024-12-10T23:35:30.520Z"
"gserde","1.0.3",73,"https://hex.pm/api/packages/gserde/releases/1.0.3","2024-01-21T19:18:05.979Z","2024-01-21T19:18:03.579Z","2024-12-10T23:35:30.520Z"
"gserde","1.0.4",75,"https://hex.pm/api/packages/gserde/releases/1.0.4","2024-01-21T19:25:15.295Z","2024-01-21T19:25:12.843Z","2024-12-10T23:35:30.520Z"
"gserde","1.1.0",70,"https://hex.pm/api/packages/gserde/releases/1.1.0","2024-03-01T20:11:40.321Z","2024-03-01T20:11:37.775Z","2024-12-10T23:35:30.520Z"
"gserde","1.2.0",82,"https://hex.pm/api/packages/gserde/releases/1.2.0","2024-03-02T08:02:55.603Z","2024-03-02T08:02:53.109Z","2024-12-10T23:35:30.520Z"
"gserde","1.2.1",83,"https://hex.pm/api/packages/gserde/releases/1.2.1","2024-04-14T18:19:06.812Z","2024-04-14T18:19:04.430Z","2024-12-10T23:35:30.520Z"
"gserde","1.2.2",12,"https://hex.pm/api/packages/gserde/releases/1.2.2","2024-12-08T07:07:00.778Z","2024-12-08T07:06:57.163Z","2024-12-10T23:35:30.520Z"
"gserde","1.2.3",14,"https://hex.pm/api/packages/gserde/releases/1.2.3","2024-12-08T07:14:43.644Z","2024-12-08T07:14:40.721Z","2024-12-10T23:35:30.519Z"
"gsiphash","1.0.0",12,"https://hex.pm/api/packages/gsiphash/releases/1.0.0","2024-09-07T15:44:30.162Z","2024-09-07T15:44:27.682Z","2024-09-10T03:38:47.613Z"
"gsmtp","0.1.0",20,"https://hex.pm/api/packages/gsmtp/releases/0.1.0","2025-01-03T14:47:07.037Z","2025-01-03T14:47:03.298Z","2025-01-08T15:56:45.916Z"
"gsmtp","0.2.0",16,"https://hex.pm/api/packages/gsmtp/releases/0.2.0","2025-01-05T23:30:02.278Z","2025-01-05T23:29:59.621Z","2025-01-08T15:56:45.915Z"
"gstripe","0.0.1",28,"https://hex.pm/api/packages/gstripe/releases/0.0.1","2024-05-21T01:49:55.576Z","2024-05-21T01:49:52.265Z","2024-07-02T23:53:03.826Z"
"gsv","0.1.0",163,"https://hex.pm/api/packages/gsv/releases/0.1.0","2023-05-25T14:29:02.656Z","2023-05-25T14:13:20.342Z","2025-01-12T02:11:10.338Z"
"gsv","1.0.0",54,"https://hex.pm/api/packages/gsv/releases/1.0.0","2023-12-27T17:08:29.434Z","2023-12-27T17:08:27.126Z","2025-01-12T02:11:10.338Z"
"gsv","1.1.0",51,"https://hex.pm/api/packages/gsv/releases/1.1.0","2023-12-29T23:53:10.887Z","2023-12-29T23:53:08.617Z","2025-01-12T02:11:10.338Z"
"gsv","1.2.0",54,"https://hex.pm/api/packages/gsv/releases/1.2.0","2023-12-30T00:04:35.337Z","2023-12-30T00:04:33.188Z","2025-01-12T02:11:10.338Z"
"gsv","1.2.1",52,"https://hex.pm/api/packages/gsv/releases/1.2.1","2024-01-06T01:42:18.346Z","2024-01-06T01:42:15.833Z","2025-01-12T02:11:10.338Z"
"gsv","1.3.1",97,"https://hex.pm/api/packages/gsv/releases/1.3.1","2024-03-30T14:27:32.559Z","2024-02-01T17:44:10.907Z","2025-01-12T02:11:10.338Z"
"gsv","1.4.0",7049,"https://hex.pm/api/packages/gsv/releases/1.4.0","2024-03-29T14:54:41.829Z","2024-03-29T14:54:39.642Z","2025-01-12T02:11:10.338Z"
"gsv","2.0.0",33,"https://hex.pm/api/packages/gsv/releases/2.0.0","2024-09-24T20:41:38.522Z","2024-09-24T20:41:36.034Z","2025-01-12T02:11:10.338Z"
"gsv","2.0.1",71,"https://hex.pm/api/packages/gsv/releases/2.0.1","2024-09-26T18:32:43.358Z","2024-09-26T17:59:43.702Z","2025-01-12T02:11:10.338Z"
"gsv","2.0.2",26,"https://hex.pm/api/packages/gsv/releases/2.0.2","2024-10-25T20:43:31.361Z","2024-10-25T20:43:28.273Z","2025-01-12T02:11:10.337Z"
"gsv","2.0.3",55,"https://hex.pm/api/packages/gsv/releases/2.0.3","2024-10-25T22:08:07.439Z","2024-10-25T22:08:04.787Z","2025-01-12T02:11:10.337Z"
"gsv","3.0.0",244,"https://hex.pm/api/packages/gsv/releases/3.0.0","2024-11-05T03:57:50.302Z","2024-11-05T03:57:47.684Z","2025-01-12T02:11:10.337Z"
"gsv","3.0.1",160,"https://hex.pm/api/packages/gsv/releases/3.0.1","2024-11-13T19:05:32.536Z","2024-11-13T19:05:29.639Z","2025-01-12T02:11:10.337Z"
"gsv","3.0.2",26,"https://hex.pm/api/packages/gsv/releases/3.0.2","2025-01-08T15:21:53.915Z","2025-01-08T15:21:51.148Z","2025-01-12T02:11:10.337Z"
"gtabler","1.0.0",16,"https://hex.pm/api/packages/gtabler/releases/1.0.0","2024-11-27T17:27:10.935Z","2024-11-27T17:27:08.358Z","2024-11-29T20:40:12.243Z"
"gtempo","0.1.0",38,"https://hex.pm/api/packages/gtempo/releases/0.1.0","2024-06-21T12:43:33.515Z","2024-06-21T12:43:30.839Z","2025-03-24T21:51:24.533Z"
"gtempo","0.2.0",44,"https://hex.pm/api/packages/gtempo/releases/0.2.0","2024-06-21T16:27:52.102Z","2024-06-21T16:27:49.518Z","2025-03-24T21:51:24.533Z"
"gtempo","1.0.0",41,"https://hex.pm/api/packages/gtempo/releases/1.0.0","2024-06-22T18:29:13.535Z","2024-06-22T18:29:10.986Z","2025-03-24T21:51:24.533Z"
"gtempo","1.1.0",38,"https://hex.pm/api/packages/gtempo/releases/1.1.0","2024-06-23T14:50:44.332Z","2024-06-23T14:50:41.916Z","2025-03-24T21:51:24.533Z"
"gtempo","2.0.0",48,"https://hex.pm/api/packages/gtempo/releases/2.0.0","2024-06-24T17:42:46.593Z","2024-06-24T17:42:43.506Z","2025-03-24T21:51:24.533Z"
"gtempo","3.0.0",44,"https://hex.pm/api/packages/gtempo/releases/3.0.0","2024-06-25T12:26:34.829Z","2024-06-25T12:26:32.463Z","2025-03-24T21:51:24.533Z"
"gtempo","3.1.0",98,"https://hex.pm/api/packages/gtempo/releases/3.1.0","2024-06-25T19:23:18.067Z","2024-06-25T19:23:15.419Z","2025-03-24T21:51:24.533Z"
"gtempo","3.3.0",48,"https://hex.pm/api/packages/gtempo/releases/3.3.0","2024-10-07T18:27:22.994Z","2024-10-07T18:27:20.379Z","2025-03-24T21:51:24.533Z"
"gtempo","4.0.0",30,"https://hex.pm/api/packages/gtempo/releases/4.0.0","2024-10-09T19:04:42.866Z","2024-10-09T19:04:39.623Z","2025-03-24T21:51:24.533Z"
"gtempo","4.1.0",30,"https://hex.pm/api/packages/gtempo/releases/4.1.0","2024-10-09T19:51:36.525Z","2024-10-09T19:51:33.899Z","2025-03-24T21:51:24.533Z"
"gtempo","4.2.0",40,"https://hex.pm/api/packages/gtempo/releases/4.2.0","2024-10-09T21:55:18.842Z","2024-10-09T21:55:16.412Z","2025-03-24T21:51:24.533Z"
"gtempo","4.3.0",30,"https://hex.pm/api/packages/gtempo/releases/4.3.0","2024-10-15T13:55:18.723Z","2024-10-15T13:55:16.265Z","2025-03-24T21:51:24.533Z"
"gtempo","4.3.1",36,"https://hex.pm/api/packages/gtempo/releases/4.3.1","2024-10-15T16:34:07.407Z","2024-10-15T16:34:04.956Z","2025-03-24T21:51:24.533Z"
"gtempo","5.0.0",40,"https://hex.pm/api/packages/gtempo/releases/5.0.0","2024-10-18T18:17:46.539Z","2024-10-18T18:17:43.854Z","2025-03-24T21:51:24.533Z"
"gtempo","5.0.1",28,"https://hex.pm/api/packages/gtempo/releases/5.0.1","2024-10-21T23:59:40.018Z","2024-10-21T23:59:37.477Z","2025-03-24T21:51:24.533Z"
"gtempo","5.0.2",651,"https://hex.pm/api/packages/gtempo/releases/5.0.2","2024-10-22T00:19:22.453Z","2024-10-22T00:19:19.557Z","2025-03-24T21:51:24.532Z"
"gtempo","5.1.0",250,"https://hex.pm/api/packages/gtempo/releases/5.1.0","2024-12-08T19:29:36.545Z","2024-12-08T19:29:33.791Z","2025-03-24T21:51:24.532Z"
"gtempo","5.1.1",58,"https://hex.pm/api/packages/gtempo/releases/5.1.1","2024-12-11T14:48:41.838Z","2024-12-11T14:48:38.340Z","2025-03-24T21:51:24.532Z"
"gtempo","5.1.2",716,"https://hex.pm/api/packages/gtempo/releases/5.1.2","2024-12-13T00:17:14.958Z","2024-12-13T00:17:12.087Z","2025-03-24T21:51:24.532Z"
"gtempo","6.0.0",44,"https://hex.pm/api/packages/gtempo/releases/6.0.0","2025-01-05T07:30:22.004Z","2025-01-05T07:30:19.374Z","2025-03-24T21:51:24.532Z"
"gtempo","6.1.0",48,"https://hex.pm/api/packages/gtempo/releases/6.1.0","2025-01-06T02:19:10.569Z","2025-01-06T02:19:07.787Z","2025-03-24T21:51:24.532Z"
"gtempo","6.1.1",28,"https://hex.pm/api/packages/gtempo/releases/6.1.1","2025-01-16T16:38:59.661Z","2025-01-16T16:38:56.813Z","2025-03-24T21:51:24.532Z"
"gtempo","6.1.2",437,"https://hex.pm/api/packages/gtempo/releases/6.1.2","2025-01-16T18:18:42.451Z","2025-01-16T18:18:39.793Z","2025-03-24T21:51:24.532Z"
"gtempo","6.1.3",188,"https://hex.pm/api/packages/gtempo/releases/6.1.3","2025-02-21T03:25:28.620Z","2025-02-21T03:25:25.538Z","2025-03-24T21:51:24.532Z"
"gtempo","6.1.4",22,"https://hex.pm/api/packages/gtempo/releases/6.1.4","2025-03-06T17:29:11.729Z","2025-03-06T17:29:09.419Z","2025-03-24T21:51:24.532Z"
"gtempo","6.2.0",156,"https://hex.pm/api/packages/gtempo/releases/6.2.0","2025-03-06T21:54:41.060Z","2025-03-06T21:54:38.564Z","2025-03-24T21:51:24.532Z"
"gtempo","6.2.0-rc.1",28,"https://hex.pm/api/packages/gtempo/releases/6.2.0-rc.1","2025-02-08T18:28:30.828Z","2025-02-08T18:28:28.097Z","2025-03-24T21:51:24.532Z"
"gtempo","7.0.0",30,"https://hex.pm/api/packages/gtempo/releases/7.0.0","2025-03-06T21:56:42.439Z","2025-03-06T21:56:39.825Z","2025-03-24T21:51:24.532Z"
"gtempo","7.0.0-rc.1",26,"https://hex.pm/api/packages/gtempo/releases/7.0.0-rc.1","2025-02-08T21:06:34.043Z","2025-02-08T21:06:30.581Z","2025-03-24T21:51:24.532Z"
"gtempo","7.0.1",122,"https://hex.pm/api/packages/gtempo/releases/7.0.1","2025-03-09T19:46:53.817Z","2025-03-09T19:46:51.601Z","2025-03-24T21:51:24.532Z"
"gtempo","7.0.2",100,"https://hex.pm/api/packages/gtempo/releases/7.0.2","2025-03-10T00:18:24.600Z","2025-03-10T00:18:22.274Z","2025-03-24T21:51:24.532Z"
"gtempo","7.1.0",12,"https://hex.pm/api/packages/gtempo/releases/7.1.0","2025-03-22T19:54:33.031Z","2025-03-22T19:54:30.688Z","2025-03-24T21:51:24.532Z"
"gtransducer","1.0.0",8,"https://hex.pm/api/packages/gtransducer/releases/1.0.0","2024-08-21T09:33:45.132Z","2024-08-21T09:33:41.786Z","2024-08-23T06:03:40.521Z"
"gtransducer","1.0.1",8,"https://hex.pm/api/packages/gtransducer/releases/1.0.1","2024-08-21T10:18:03.509Z","2024-08-21T10:17:59.316Z","2024-08-23T06:03:40.521Z"
"gts","0.0.1",72,"https://hex.pm/api/packages/gts/releases/0.0.1","2023-04-14T16:55:31.383Z","2023-04-14T16:55:29.229Z","2024-07-03T01:41:00.821Z"
"gtui","0.1.0",29,"https://hex.pm/api/packages/gtui/releases/0.1.0","2024-06-14T14:32:55.717Z","2024-06-14T14:08:46.776Z","2024-07-02T23:38:53.730Z"
"gtz","0.1.0",175,"https://hex.pm/api/packages/gtz/releases/0.1.0","2024-10-18T18:22:02.692Z","2024-10-18T18:22:00.176Z","2025-04-11T12:23:13.597Z"
"gtz","0.2.0",14,"https://hex.pm/api/packages/gtz/releases/0.2.0","2025-04-08T19:29:24.691Z","2025-04-08T19:29:21.297Z","2025-04-11T12:23:13.596Z"
"gu","1.0.0",38,"https://hex.pm/api/packages/gu/releases/1.0.0","2024-03-22T19:59:02.204Z","2024-03-22T19:58:59.902Z","2024-07-26T13:19:34.550Z"
"gu","2.0.0",51,"https://hex.pm/api/packages/gu/releases/2.0.0","2024-03-23T11:18:33.654Z","2024-03-23T11:18:31.061Z","2024-07-26T13:19:34.550Z"
"gu","2.1.0",20,"https://hex.pm/api/packages/gu/releases/2.1.0","2024-07-22T21:09:33.428Z","2024-07-22T21:09:30.795Z","2024-07-26T13:19:34.550Z"
"gu","2.2.0",20,"https://hex.pm/api/packages/gu/releases/2.2.0","2024-07-23T12:51:46.412Z","2024-07-23T12:51:43.909Z","2024-07-26T13:19:34.550Z"
"gu","2.3.0",12,"https://hex.pm/api/packages/gu/releases/2.3.0","2024-07-25T06:09:48.927Z","2024-07-25T06:09:46.240Z","2024-07-26T13:19:34.550Z"
"gulid","0.0.1",27,"https://hex.pm/api/packages/gulid/releases/0.0.1","2024-10-09T17:32:58.423Z","2024-10-09T17:32:55.379Z","2025-03-12T21:19:50.274Z"
"gulid","0.0.2",31,"https://hex.pm/api/packages/gulid/releases/0.0.2","2024-10-09T22:29:10.078Z","2024-10-09T22:29:07.202Z","2025-03-12T21:19:50.274Z"
"gulid","0.0.3",67,"https://hex.pm/api/packages/gulid/releases/0.0.3","2024-10-10T21:26:05.631Z","2024-10-10T21:26:02.788Z","2025-03-12T21:19:50.274Z"
"gulid","0.0.4",27,"https://hex.pm/api/packages/gulid/releases/0.0.4","2024-11-21T02:01:32.963Z","2024-11-21T02:01:29.620Z","2025-03-12T21:19:50.274Z"
"gulid","0.0.5",48,"https://hex.pm/api/packages/gulid/releases/0.0.5","2024-12-24T15:33:32.218Z","2024-12-24T15:33:29.433Z","2025-03-12T21:19:50.274Z"
"gulid","0.0.6",16,"https://hex.pm/api/packages/gulid/releases/0.0.6","2025-03-10T17:35:41.599Z","2025-03-10T17:35:38.786Z","2025-03-12T21:19:50.274Z"
"gwitch","1.0.0",14,"https://hex.pm/api/packages/gwitch/releases/1.0.0","2024-05-25T16:06:31.162Z","2024-05-25T16:06:28.737Z","2024-07-02T23:48:55.716Z"
"gwitch","1.0.1",16,"https://hex.pm/api/packages/gwitch/releases/1.0.1","2024-05-25T16:21:15.229Z","2024-05-25T16:21:12.514Z","2024-07-02T23:48:55.716Z"
"gwitch","1.0.2",16,"https://hex.pm/api/packages/gwitch/releases/1.0.2","2024-05-25T16:27:30.299Z","2024-05-25T16:27:27.428Z","2024-07-02T23:48:55.716Z"
"gwitch","1.0.3",26,"https://hex.pm/api/packages/gwitch/releases/1.0.3","2024-05-29T16:44:46.607Z","2024-05-29T16:44:44.252Z","2024-07-02T23:48:55.716Z"
"gwr","0.0.1",14,"https://hex.pm/api/packages/gwr/releases/0.0.1","2024-08-12T01:36:48.810Z","2024-08-12T01:36:46.214Z","2024-09-04T04:21:21.442Z"
"gwr","0.0.2",10,"https://hex.pm/api/packages/gwr/releases/0.0.2","2024-09-02T03:12:55.580Z","2024-09-02T03:12:52.602Z","2024-09-04T04:21:21.442Z"
"gwt","0.1.0",147,"https://hex.pm/api/packages/gwt/releases/0.1.0","2024-02-18T14:58:50.437Z","2024-02-18T14:58:48.304Z","2025-02-07T10:44:05.320Z"
"gwt","0.2.0",102,"https://hex.pm/api/packages/gwt/releases/0.2.0","2024-02-18T15:13:32.626Z","2024-02-18T15:13:30.309Z","2025-02-07T10:44:05.320Z"
"gwt","0.3.0",145,"https://hex.pm/api/packages/gwt/releases/0.3.0","2024-03-17T17:59:08.037Z","2024-03-17T17:59:05.743Z","2025-02-07T10:44:05.320Z"
"gwt","0.4.0",398,"https://hex.pm/api/packages/gwt/releases/0.4.0","2024-04-29T18:15:38.107Z","2024-04-29T18:15:35.675Z","2025-02-07T10:44:05.320Z"
"gwt","1.0.0",769,"https://hex.pm/api/packages/gwt/releases/1.0.0","2024-08-11T03:49:50.777Z","2024-08-11T03:49:48.301Z","2025-02-07T10:44:05.320Z"
"gwt","2.0.0",16,"https://hex.pm/api/packages/gwt/releases/2.0.0","2025-02-05T21:08:38.645Z","2025-02-05T21:08:35.537Z","2025-02-07T10:44:05.320Z"
"gxid","0.1.0",64,"https://hex.pm/api/packages/gxid/releases/0.1.0","2022-11-15T15:10:09.286Z","2022-11-15T15:10:08.475Z","2024-07-03T00:09:51.084Z"
"gxid","0.1.1",72,"https://hex.pm/api/packages/gxid/releases/0.1.1","2022-11-16T16:45:49.534Z","2022-11-16T16:45:48.787Z","2024-07-03T00:09:51.084Z"
"gxid","0.2.0",87,"https://hex.pm/api/packages/gxid/releases/0.2.0","2022-11-18T10:01:54.597Z","2022-11-18T10:01:53.821Z","2024-07-03T00:09:51.084Z"
"gxid","0.3.0",71,"https://hex.pm/api/packages/gxid/releases/0.3.0","2024-04-12T15:54:46.018Z","2024-04-12T15:54:43.635Z","2024-07-03T00:09:51.084Z"
"gxyz","0.1.0",26,"https://hex.pm/api/packages/gxyz/releases/0.1.0","2024-11-24T19:15:27.653Z","2024-11-24T19:06:51.967Z","2025-02-19T00:13:46.019Z"
"gxyz","0.2.0",46,"https://hex.pm/api/packages/gxyz/releases/0.2.0","2024-11-24T23:00:21.653Z","2024-11-24T23:00:18.968Z","2025-02-19T00:13:46.019Z"
"gxyz","0.3.0",1865,"https://hex.pm/api/packages/gxyz/releases/0.3.0","2024-11-27T20:39:18.214Z","2024-11-27T20:39:15.532Z","2025-02-19T00:13:46.019Z"
"gxyz","0.4.0",404,"https://hex.pm/api/packages/gxyz/releases/0.4.0","2025-01-20T17:17:58.636Z","2025-01-20T17:17:54.828Z","2025-02-19T00:13:46.019Z"
"gxyz","0.5.0",25,"https://hex.pm/api/packages/gxyz/releases/0.5.0","2025-02-08T22:19:49.988Z","2025-02-08T21:58:47.588Z","2025-02-19T00:13:46.019Z"
"gxyz","0.5.1",54,"https://hex.pm/api/packages/gxyz/releases/0.5.1","2025-02-15T16:58:50.900Z","2025-02-15T16:58:48.068Z","2025-02-19T00:13:46.019Z"
"gzlib","1.0.0",45,"https://hex.pm/api/packages/gzlib/releases/1.0.0","2024-06-04T08:38:16.614Z","2024-06-04T08:38:13.433Z","2024-07-02T23:43:50.326Z"
"gzlib","1.0.1",25,"https://hex.pm/api/packages/gzlib/releases/1.0.1","2024-06-07T16:37:23.832Z","2024-06-07T16:37:20.994Z","2024-07-02T23:43:50.326Z"
"halo","0.1.0",96,"https://hex.pm/api/packages/halo/releases/0.1.0","2023-06-20T12:12:50.211Z","2023-06-20T12:12:47.943Z","2024-07-03T01:31:55.850Z"
"handles","1.0.0",22,"https://hex.pm/api/packages/handles/releases/1.0.0","2024-06-14T15:53:49.281Z","2024-06-14T15:53:45.061Z","2024-07-23T13:36:04.980Z"
"handles","1.0.1",29,"https://hex.pm/api/packages/handles/releases/1.0.1","2024-06-14T16:00:30.854Z","2024-06-14T16:00:28.343Z","2024-07-23T13:36:04.980Z"
"handles","2.0.0",18,"https://hex.pm/api/packages/handles/releases/2.0.0","2024-06-19T09:54:22.835Z","2024-06-19T09:54:20.242Z","2024-07-23T13:36:04.980Z"
"handles","2.0.1",34,"https://hex.pm/api/packages/handles/releases/2.0.1","2024-06-24T09:27:21.598Z","2024-06-24T09:27:18.810Z","2024-07-23T13:36:04.980Z"
"handles","3.0.0",22,"https://hex.pm/api/packages/handles/releases/3.0.0","2024-07-02T15:11:59.650Z","2024-07-02T15:11:57.067Z","2024-07-23T13:36:04.980Z"
"handles","3.0.1",22,"https://hex.pm/api/packages/handles/releases/3.0.1","2024-07-02T15:32:16.608Z","2024-07-02T15:32:13.436Z","2024-07-23T13:36:04.980Z"
"handles","3.0.2",22,"https://hex.pm/api/packages/handles/releases/3.0.2","2024-07-02T15:54:33.741Z","2024-07-02T15:54:31.165Z","2024-07-23T13:36:04.980Z"
"handles","3.0.3",32,"https://hex.pm/api/packages/handles/releases/3.0.3","2024-07-02T16:03:48.754Z","2024-07-02T16:03:44.742Z","2024-07-23T13:36:04.980Z"
"handles","3.1.0",18,"https://hex.pm/api/packages/handles/releases/3.1.0","2024-07-10T10:04:32.563Z","2024-07-10T10:04:29.879Z","2024-07-23T13:36:04.980Z"
"handles","4.0.0",8,"https://hex.pm/api/packages/handles/releases/4.0.0","2024-07-19T13:00:09.682Z","2024-07-19T13:00:07.118Z","2024-07-23T13:36:04.980Z"
"handles","4.0.1",8,"https://hex.pm/api/packages/handles/releases/4.0.1","2024-07-19T13:11:00.603Z","2024-07-19T13:10:58.274Z","2024-07-23T13:36:04.980Z"
"hardcache","1.1.0",15,"https://hex.pm/api/packages/hardcache/releases/1.1.0","2024-05-22T20:25:15.872Z","2024-05-22T20:12:11.416Z","2024-07-02T23:47:38.487Z"
"hardcache","1.2.0",17,"https://hex.pm/api/packages/hardcache/releases/1.2.0","2024-05-25T12:30:37.749Z","2024-05-25T12:30:34.976Z","2024-07-02T23:47:38.487Z"
"hardcache","1.2.1",17,"https://hex.pm/api/packages/hardcache/releases/1.2.1","2024-05-25T12:45:46.032Z","2024-05-25T12:45:43.245Z","2024-07-02T23:47:38.487Z"
"hardcache","1.3.0",17,"https://hex.pm/api/packages/hardcache/releases/1.3.0","2024-05-25T22:51:40.121Z","2024-05-25T22:51:37.503Z","2024-07-02T23:47:38.487Z"
"hardcache","1.3.1",16,"https://hex.pm/api/packages/hardcache/releases/1.3.1","2024-05-26T00:21:15.255Z","2024-05-26T00:21:12.631Z","2024-07-02T23:47:38.487Z"
"hardcache","1.3.2",28,"https://hex.pm/api/packages/hardcache/releases/1.3.2","2024-05-31T20:37:15.597Z","2024-05-31T20:37:12.697Z","2024-07-02T23:47:38.486Z"
"hello_joe","1.0.0",7798,"https://hex.pm/api/packages/hello_joe/releases/1.0.0","2024-02-09T11:22:41.394Z","2024-02-09T11:22:39.027Z","2024-07-03T00:45:19.106Z"
"hexdocs_offline","1.0.0",12,"https://hex.pm/api/packages/hexdocs_offline/releases/1.0.0","2024-11-30T17:43:27.918Z","2024-11-30T17:26:27.950Z","2024-12-03T17:02:30.570Z"
"hexdocs_offline","1.0.1",12,"https://hex.pm/api/packages/hexdocs_offline/releases/1.0.1","2024-11-30T18:10:33.038Z","2024-11-30T18:10:30.255Z","2024-12-03T17:02:30.570Z"
"hexdocs_offline","1.0.2",12,"https://hex.pm/api/packages/hexdocs_offline/releases/1.0.2","2024-11-30T19:08:22.888Z","2024-11-30T19:08:19.928Z","2024-12-03T17:02:30.570Z"
"hexdocs_offline","1.0.3",14,"https://hex.pm/api/packages/hexdocs_offline/releases/1.0.3","2024-11-30T19:30:49.479Z","2024-11-30T19:30:46.712Z","2024-12-03T17:02:30.570Z"
"hexdocs_offline","1.0.4",14,"https://hex.pm/api/packages/hexdocs_offline/releases/1.0.4","2024-11-30T19:37:22.187Z","2024-11-30T19:37:19.377Z","2024-12-03T17:02:30.570Z"
"hexdocs_offline","1.0.5",20,"https://hex.pm/api/packages/hexdocs_offline/releases/1.0.5","2024-11-30T19:58:28.795Z","2024-11-30T19:58:25.915Z","2024-12-03T17:02:30.570Z"
"houdini","1.0.0",44,"https://hex.pm/api/packages/houdini/releases/1.0.0","2025-03-28T15:50:14.719Z","2025-03-28T15:50:12.058Z","2025-04-01T15:23:40.496Z"
"houdini","1.0.1",54,"https://hex.pm/api/packages/houdini/releases/1.0.1","2025-03-28T16:15:42.652Z","2025-03-28T16:15:39.995Z","2025-04-01T15:23:40.496Z"
"houdini","1.1.0",36,"https://hex.pm/api/packages/houdini/releases/1.1.0","2025-03-29T20:02:54.328Z","2025-03-29T20:02:51.677Z","2025-04-01T15:23:40.496Z"
"howdy","0.1.0",51,"https://hex.pm/api/packages/howdy/releases/0.1.0","2022-06-10T15:48:20.641Z","2022-06-10T15:48:16.700Z","2024-07-03T02:19:01.922Z"
"howdy","0.1.1",49,"https://hex.pm/api/packages/howdy/releases/0.1.1","2022-06-12T05:39:34.111Z","2022-06-12T05:39:30.952Z","2024-07-03T02:19:01.922Z"
"howdy","0.1.2",51,"https://hex.pm/api/packages/howdy/releases/0.1.2","2022-06-12T16:58:16.941Z","2022-06-12T16:58:13.283Z","2024-07-03T02:19:01.922Z"
"howdy","0.1.3",52,"https://hex.pm/api/packages/howdy/releases/0.1.3","2022-06-14T12:31:59.549Z","2022-06-14T12:31:56.362Z","2024-07-03T02:19:01.922Z"
"howdy","0.1.4",95,"https://hex.pm/api/packages/howdy/releases/0.1.4","2022-06-19T21:18:19.505Z","2022-06-19T21:18:13.437Z","2024-07-03T02:19:01.922Z"
"howdy_authentication_cookies","0.1.0",81,"https://hex.pm/api/packages/howdy_authentication_cookies/releases/0.1.0","2022-06-18T08:31:22.453Z","2022-06-18T08:31:18.984Z","2024-07-03T02:19:07.411Z"
"howdy_uuid","0.1.0",121,"https://hex.pm/api/packages/howdy_uuid/releases/0.1.0","2022-06-11T08:38:48.425Z","2022-06-11T08:38:45.183Z","2024-07-03T02:20:11.891Z"
"htmb","1.0.0",56,"https://hex.pm/api/packages/htmb/releases/1.0.0","2023-08-12T11:20:02.072Z","2023-08-12T11:19:59.385Z","2024-12-10T13:19:26.034Z"
"htmb","1.0.1",72,"https://hex.pm/api/packages/htmb/releases/1.0.1","2023-08-12T15:00:09.259Z","2023-08-12T15:00:06.601Z","2024-12-10T13:19:26.034Z"
"htmb","1.1.0",531,"https://hex.pm/api/packages/htmb/releases/1.1.0","2023-11-06T18:29:45.989Z","2023-11-06T18:29:43.590Z","2024-12-10T13:19:26.034Z"
"htmb","2.0.0",396,"https://hex.pm/api/packages/htmb/releases/2.0.0","2024-01-31T12:53:51.409Z","2024-01-31T12:53:48.904Z","2024-12-10T13:19:26.034Z"
"htmb","2.1.0",14,"https://hex.pm/api/packages/htmb/releases/2.1.0","2024-12-07T22:28:15.548Z","2024-12-07T22:28:12.841Z","2024-12-10T13:19:26.034Z"
"htmgrrrl","0.1.0",224,"https://hex.pm/api/packages/htmgrrrl/releases/0.1.0","2023-05-01T17:41:52.837Z","2023-05-01T17:41:50.670Z","2024-07-03T00:59:47.208Z"
"htmgrrrl","0.2.0",294,"https://hex.pm/api/packages/htmgrrrl/releases/0.2.0","2023-08-03T12:14:57.605Z","2023-08-03T12:14:55.224Z","2024-07-03T00:59:47.208Z"
"htmgrrrl","0.3.0",296,"https://hex.pm/api/packages/htmgrrrl/releases/0.3.0","2023-12-08T15:51:40.742Z","2023-12-08T15:51:38.289Z","2024-07-03T00:59:47.208Z"
"html_components","0.1.0",17,"https://hex.pm/api/packages/html_components/releases/0.1.0","2024-05-20T17:33:02.952Z","2024-05-20T17:32:59.907Z","2024-07-02T23:47:28.500Z"
"html_components","0.2.0",16,"https://hex.pm/api/packages/html_components/releases/0.2.0","2024-05-23T16:57:02.140Z","2024-05-23T16:56:59.536Z","2024-07-02T23:47:28.500Z"
"html_components","0.2.1",16,"https://hex.pm/api/packages/html_components/releases/0.2.1","2024-05-23T17:00:38.856Z","2024-05-23T17:00:36.161Z","2024-07-02T23:47:28.500Z"
"html_components","0.2.2",17,"https://hex.pm/api/packages/html_components/releases/0.2.2","2024-05-24T06:15:35.112Z","2024-05-24T06:15:32.333Z","2024-07-02T23:47:28.500Z"
"html_components","0.2.3",14,"https://hex.pm/api/packages/html_components/releases/0.2.3","2024-06-01T14:46:00.377Z","2024-06-01T14:45:57.463Z","2024-07-02T23:47:28.500Z"
"html_dsl","1.0.0",43,"https://hex.pm/api/packages/html_dsl/releases/1.0.0","2024-04-07T19:59:29.513Z","2024-04-07T19:13:30.107Z","2024-07-03T00:11:06.430Z"
"html_dsl","1.1.0",54,"https://hex.pm/api/packages/html_dsl/releases/1.1.0","2024-04-11T06:24:29.467Z","2024-04-11T06:24:27.084Z","2024-07-03T00:11:06.430Z"
"html_lustre_converter","1.0.0",89,"https://hex.pm/api/packages/html_lustre_converter/releases/1.0.0","2024-05-22T11:45:48.397Z","2024-05-22T11:45:45.477Z","2025-04-30T10:06:08.060Z"
"html_lustre_converter","1.1.0",166,"https://hex.pm/api/packages/html_lustre_converter/releases/1.1.0","2024-07-16T07:52:10.876Z","2024-07-16T07:52:08.166Z","2025-04-30T10:06:08.060Z"
"html_lustre_converter","1.2.0",138,"https://hex.pm/api/packages/html_lustre_converter/releases/1.2.0","2024-10-07T17:25:28.996Z","2024-10-07T17:25:26.531Z","2025-04-30T10:06:08.060Z"
"html_lustre_converter","1.3.0",140,"https://hex.pm/api/packages/html_lustre_converter/releases/1.3.0","2024-11-10T21:35:34.375Z","2024-11-10T21:35:31.741Z","2025-04-30T10:06:08.060Z"
"html_lustre_converter","1.3.1",53,"https://hex.pm/api/packages/html_lustre_converter/releases/1.3.1","2024-11-19T17:06:14.104Z","2024-11-19T17:06:11.136Z","2025-04-30T10:06:08.060Z"
"html_lustre_converter","1.4.0",308,"https://hex.pm/api/packages/html_lustre_converter/releases/1.4.0","2024-12-07T22:36:36.317Z","2024-12-07T22:36:33.636Z","2025-04-30T10:06:08.060Z"
"html_lustre_converter","1.4.1",12,"https://hex.pm/api/packages/html_lustre_converter/releases/1.4.1","2025-04-27T14:45:06.721Z","2025-04-27T14:45:03.620Z","2025-04-30T10:06:08.060Z"
"html_lustre_converter","1.4.2",12,"https://hex.pm/api/packages/html_lustre_converter/releases/1.4.2","2025-04-27T15:02:52.050Z","2025-04-27T15:02:49.045Z","2025-04-30T10:06:08.059Z"
"html_parser","1.0.0",49,"https://hex.pm/api/packages/html_parser/releases/1.0.0","2024-08-10T05:43:33.393Z","2024-08-10T05:43:30.889Z","2024-12-01T13:43:10.786Z"
"html_parser","1.0.1",24,"https://hex.pm/api/packages/html_parser/releases/1.0.1","2024-11-27T22:51:20.940Z","2024-11-27T22:51:18.179Z","2024-12-01T13:43:10.785Z"
"htmz","0.1.0",55,"https://hex.pm/api/packages/htmz/releases/0.1.0","2023-10-08T16:27:13.550Z","2023-10-08T16:27:10.817Z","2024-07-03T00:22:15.919Z"
"htmz","0.1.1",42,"https://hex.pm/api/packages/htmz/releases/0.1.1","2023-10-08T16:33:46.780Z","2023-10-08T16:33:44.167Z","2024-07-03T00:22:15.919Z"
"htmz","0.1.2",65,"https://hex.pm/api/packages/htmz/releases/0.1.2","2023-10-08T16:40:59.999Z","2023-10-08T16:40:57.366Z","2024-07-03T00:22:15.919Z"
"htmz","0.1.3",49,"https://hex.pm/api/packages/htmz/releases/0.1.3","2024-03-20T20:53:41.025Z","2024-03-20T20:53:38.684Z","2024-07-03T00:22:15.919Z"
"httpp","1.0.0",16,"https://hex.pm/api/packages/httpp/releases/1.0.0","2024-06-06T20:56:43.461Z","2024-06-06T20:56:40.705Z","2024-07-02T23:37:06.684Z"
"httpp","1.0.1",32,"https://hex.pm/api/packages/httpp/releases/1.0.1","2024-06-07T20:05:57.887Z","2024-06-07T20:05:55.179Z","2024-07-02T23:37:06.684Z"
"httpp","1.1.0",49,"https://hex.pm/api/packages/httpp/releases/1.1.0","2024-06-18T12:12:47.118Z","2024-06-18T12:12:44.379Z","2024-07-02T23:37:06.684Z"
"hug","0.1.0",1064,"https://hex.pm/api/packages/hug/releases/0.1.0","2023-01-22T18:26:41.835Z","2023-01-22T18:26:41.178Z","2024-07-03T00:02:06.464Z"
"hug","0.1.1",247,"https://hex.pm/api/packages/hug/releases/0.1.1","2023-07-16T15:59:50.690Z","2023-07-16T15:59:48.341Z","2024-07-03T00:02:06.463Z"
"hug","0.1.2",177,"https://hex.pm/api/packages/hug/releases/0.1.2","2023-11-05T21:16:18.539Z","2023-11-05T21:16:16.397Z","2024-07-03T00:02:06.463Z"
"hug","1.0.0",68,"https://hex.pm/api/packages/hug/releases/1.0.0","2023-12-31T15:48:19.850Z","2023-12-31T15:48:17.564Z","2024-07-03T00:02:06.463Z"
"hug","1.0.1",36,"https://hex.pm/api/packages/hug/releases/1.0.1","2024-05-01T14:10:48.376Z","2024-05-01T14:10:46.021Z","2024-07-03T00:02:06.463Z"
"hug","1.0.2",35,"https://hex.pm/api/packages/hug/releases/1.0.2","2024-05-01T15:14:55.690Z","2024-05-01T15:14:53.334Z","2024-07-03T00:02:06.463Z"
"humanise","0.1.0",39,"https://hex.pm/api/packages/humanise/releases/0.1.0","2024-07-31T19:16:19.077Z","2024-07-31T19:16:14.932Z","2025-04-24T20:06:22.059Z"
"humanise","0.2.0",41,"https://hex.pm/api/packages/humanise/releases/0.2.0","2024-07-31T20:49:22.145Z","2024-07-31T20:49:07.377Z","2025-04-24T20:06:22.059Z"
"humanise","1.0.0",39,"https://hex.pm/api/packages/humanise/releases/1.0.0","2024-08-13T17:56:31.548Z","2024-08-13T17:56:27.294Z","2025-04-24T20:06:22.059Z"
"humanise","1.0.1",36,"https://hex.pm/api/packages/humanise/releases/1.0.1","2024-08-13T18:13:50.599Z","2024-08-13T18:13:46.638Z","2025-04-24T20:06:22.059Z"
"humanise","1.0.2",403,"https://hex.pm/api/packages/humanise/releases/1.0.2","2024-08-13T22:39:06.594Z","2024-08-13T22:39:02.675Z","2025-04-24T20:06:22.059Z"
"humanise","1.1.0",14,"https://hex.pm/api/packages/humanise/releases/1.1.0","2025-04-21T15:32:50.494Z","2025-04-21T15:32:47.211Z","2025-04-24T20:06:22.059Z"
"hx","1.0.0",20,"https://hex.pm/api/packages/hx/releases/1.0.0","2025-03-01T15:40:20.194Z","2025-03-01T13:17:39.697Z","2025-03-06T00:34:07.869Z"
"hx","1.0.1",14,"https://hex.pm/api/packages/hx/releases/1.0.1","2025-03-03T22:56:52.384Z","2025-03-03T22:56:49.466Z","2025-03-06T00:34:07.869Z"
"hyphenation","0.1.0",27,"https://hex.pm/api/packages/hyphenation/releases/0.1.0","2024-04-17T04:36:00.246Z","2024-04-17T04:35:57.781Z","2024-07-03T00:06:12.815Z"
"hyphenation","0.2.0",29,"https://hex.pm/api/packages/hyphenation/releases/0.2.0","2024-04-22T01:30:33.238Z","2024-04-22T01:30:30.762Z","2024-07-03T00:06:12.815Z"
"hyphenation","0.3.0",29,"https://hex.pm/api/packages/hyphenation/releases/0.3.0","2024-04-22T03:11:19.724Z","2024-04-22T03:11:17.349Z","2024-07-03T00:06:12.815Z"
"hyphenation","0.3.1",27,"https://hex.pm/api/packages/hyphenation/releases/0.3.1","2024-04-22T16:33:45.608Z","2024-04-22T16:33:42.833Z","2024-07-03T00:06:12.814Z"
"ids","0.10.0",182,"https://hex.pm/api/packages/ids/releases/0.10.0","2023-10-06T19:24:24.951Z","2023-10-06T19:24:21.926Z","2025-01-29T10:41:41.419Z"
"ids","0.11.0",203,"https://hex.pm/api/packages/ids/releases/0.11.0","2023-11-06T17:03:56.175Z","2023-11-06T17:03:53.755Z","2025-01-29T10:41:41.419Z"
"ids","0.12.0",581,"https://hex.pm/api/packages/ids/releases/0.12.0","2024-01-20T20:19:52.089Z","2024-01-20T20:19:49.653Z","2025-01-29T10:41:41.419Z"
"ids","0.13.0",1301,"https://hex.pm/api/packages/ids/releases/0.13.0","2024-06-11T20:19:06.955Z","2024-06-11T20:19:04.160Z","2025-01-29T10:41:41.419Z"
"ids","0.14.0",28,"https://hex.pm/api/packages/ids/releases/0.14.0","2025-01-26T19:15:40.100Z","2025-01-26T19:15:37.471Z","2025-01-29T10:41:41.419Z"
"ids","0.3.0",89,"https://hex.pm/api/packages/ids/releases/0.3.0","2022-02-22T21:32:19.634Z","2022-02-22T21:32:16.456Z","2025-01-29T10:41:41.419Z"
"ids","0.4.0",88,"https://hex.pm/api/packages/ids/releases/0.4.0","2022-02-22T21:49:06.083Z","2022-02-22T21:49:02.760Z","2025-01-29T10:41:41.419Z"
"ids","0.5.0",75,"https://hex.pm/api/packages/ids/releases/0.5.0","2022-07-27T18:57:09.027Z","2022-07-27T18:57:05.987Z","2025-01-29T10:41:41.419Z"
"ids","0.6.0",84,"https://hex.pm/api/packages/ids/releases/0.6.0","2022-09-02T17:39:43.955Z","2022-09-02T17:39:40.489Z","2025-01-29T10:41:41.419Z"
"ids","0.7.0",82,"https://hex.pm/api/packages/ids/releases/0.7.0","2023-05-16T16:26:34.043Z","2023-05-16T16:26:31.841Z","2025-01-29T10:41:41.419Z"
"ids","0.8.0",167,"https://hex.pm/api/packages/ids/releases/0.8.0","2023-07-14T17:02:30.849Z","2023-07-14T17:02:28.377Z","2025-01-29T10:41:41.419Z"
"ids","0.9.0",142,"https://hex.pm/api/packages/ids/releases/0.9.0","2023-09-07T01:08:40.849Z","2023-09-07T01:08:38.625Z","2025-01-29T10:41:41.419Z"
"ieee_float","0.1.0",54,"https://hex.pm/api/packages/ieee_float/releases/0.1.0","2024-06-13T22:30:49.607Z","2024-06-13T22:30:46.665Z","2025-03-18T21:33:24.226Z"
"ieee_float","0.2.0",152,"https://hex.pm/api/packages/ieee_float/releases/0.2.0","2024-06-14T02:35:32.626Z","2024-06-14T02:35:29.545Z","2025-03-18T21:33:24.226Z"
"ieee_float","0.2.1",42,"https://hex.pm/api/packages/ieee_float/releases/0.2.1","2024-06-16T00:28:33.601Z","2024-06-16T00:28:30.729Z","2025-03-18T21:33:24.226Z"
"ieee_float","0.2.2",48,"https://hex.pm/api/packages/ieee_float/releases/0.2.2","2024-06-16T01:54:54.494Z","2024-06-16T01:54:51.205Z","2025-03-18T21:33:24.226Z"
"ieee_float","0.2.3",210,"https://hex.pm/api/packages/ieee_float/releases/0.2.3","2024-06-19T05:24:21.575Z","2024-06-19T05:24:18.314Z","2025-03-18T21:33:24.226Z"
"ieee_float","0.2.4",42,"https://hex.pm/api/packages/ieee_float/releases/0.2.4","2024-06-22T07:34:42.797Z","2024-06-22T07:34:39.725Z","2025-03-18T21:33:24.226Z"
"ieee_float","1.0.0",3102,"https://hex.pm/api/packages/ieee_float/releases/1.0.0","2024-06-22T10:30:16.953Z","2024-06-22T10:30:13.515Z","2025-03-18T21:33:24.226Z"
"ieee_float","1.0.1",308,"https://hex.pm/api/packages/ieee_float/releases/1.0.1","2024-09-08T05:57:41.758Z","2024-09-08T05:57:39.049Z","2025-03-18T21:33:24.226Z"
"ieee_float","1.0.2",754,"https://hex.pm/api/packages/ieee_float/releases/1.0.2","2024-09-20T02:55:36.996Z","2024-09-20T02:55:33.789Z","2025-03-18T21:33:24.226Z"
"ieee_float","1.0.3",898,"https://hex.pm/api/packages/ieee_float/releases/1.0.3","2024-11-06T12:01:48.862Z","2024-11-06T12:01:45.509Z","2025-03-18T21:33:24.226Z"
"ieee_float","1.1.0",621,"https://hex.pm/api/packages/ieee_float/releases/1.1.0","2025-01-05T04:53:18.961Z","2025-01-05T04:53:16.468Z","2025-03-18T21:33:24.226Z"
"ieee_float","1.2.0",40,"https://hex.pm/api/packages/ieee_float/releases/1.2.0","2025-02-08T01:45:17.984Z","2025-02-08T01:45:15.119Z","2025-03-18T21:33:24.226Z"
"ieee_float","1.3.0",130,"https://hex.pm/api/packages/ieee_float/releases/1.3.0","2025-03-12T23:41:20.637Z","2025-03-12T23:41:18.441Z","2025-03-18T21:33:24.226Z"
"illustrious","0.1.0",18,"https://hex.pm/api/packages/illustrious/releases/0.1.0","2024-08-03T00:57:29.924Z","2024-08-03T00:57:24.272Z","2024-08-06T04:39:36.967Z"
"illustrious","0.2.0",18,"https://hex.pm/api/packages/illustrious/releases/0.2.0","2024-08-03T03:02:55.360Z","2024-08-03T03:00:59.072Z","2024-08-06T04:39:36.967Z"
"immutable_lru","1.0.0",30,"https://hex.pm/api/packages/immutable_lru/releases/1.0.0","2024-03-18T07:10:33.566Z","2024-03-18T07:10:31.178Z","2024-07-23T03:23:25.630Z"
"immutable_lru","1.0.1",55,"https://hex.pm/api/packages/immutable_lru/releases/1.0.1","2024-03-21T03:00:58.087Z","2024-03-21T03:00:55.538Z","2024-07-23T03:23:25.630Z"
"immutable_lru","1.0.2",8,"https://hex.pm/api/packages/immutable_lru/releases/1.0.2","2024-07-19T02:15:03.702Z","2024-07-19T02:15:00.199Z","2024-07-23T03:23:25.630Z"
"input","1.0.0",20,"https://hex.pm/api/packages/input/releases/1.0.0","2025-02-27T21:31:55.390Z","2025-02-27T21:31:53.059Z","2025-03-03T10:47:09.995Z"
"integer_complexity","1.0.0",18,"https://hex.pm/api/packages/integer_complexity/releases/1.0.0","2024-05-15T21:26:58.120Z","2024-05-15T21:26:55.664Z","2024-07-02T23:54:30.569Z"
"integer_complexity","2.0.0",18,"https://hex.pm/api/packages/integer_complexity/releases/2.0.0","2024-05-17T01:06:26.190Z","2024-05-17T01:06:23.612Z","2024-07-02T23:54:30.569Z"
"integer_complexity","2.1.0",16,"https://hex.pm/api/packages/integer_complexity/releases/2.1.0","2024-05-17T21:32:12.934Z","2024-05-17T21:32:10.384Z","2024-07-02T23:54:30.569Z"
"ior","1.0.0",26,"https://hex.pm/api/packages/ior/releases/1.0.0","2024-04-06T20:27:44.812Z","2024-04-06T20:27:42.643Z","2024-07-03T00:12:52.542Z"
"iox","0.0.1",30,"https://hex.pm/api/packages/iox/releases/0.0.1","2024-03-27T13:33:38.437Z","2024-03-27T13:33:36.122Z","2024-07-03T00:15:30.635Z"
"iox","0.0.2",34,"https://hex.pm/api/packages/iox/releases/0.0.2","2024-04-02T12:55:02.010Z","2024-04-02T12:50:31.249Z","2024-07-03T00:15:30.635Z"
"iso_8859","1.0.0",83,"https://hex.pm/api/packages/iso_8859/releases/1.0.0","2024-01-18T08:45:26.664Z","2024-01-18T08:45:23.815Z","2024-07-03T00:08:19.975Z"
"iso_8859","2.0.0",173,"https://hex.pm/api/packages/iso_8859/releases/2.0.0","2024-02-24T06:29:47.044Z","2024-02-24T06:29:43.992Z","2024-07-03T00:08:19.975Z"
"iso_8859","2.0.1",28,"https://hex.pm/api/packages/iso_8859/releases/2.0.1","2024-04-17T22:27:27.703Z","2024-04-17T22:27:24.969Z","2024-07-03T00:08:19.975Z"
"iv","1.0.0",28,"https://hex.pm/api/packages/iv/releases/1.0.0","2025-02-08T16:31:32.169Z","2025-02-08T16:31:28.483Z","2025-04-07T05:21:24.210Z"
"iv","1.0.1",28,"https://hex.pm/api/packages/iv/releases/1.0.1","2025-02-09T17:53:15.207Z","2025-02-09T17:53:12.016Z","2025-04-07T05:21:24.210Z"
"iv","1.0.2",30,"https://hex.pm/api/packages/iv/releases/1.0.2","2025-02-10T23:54:42.093Z","2025-02-10T23:54:37.108Z","2025-04-07T05:21:24.210Z"
"iv","1.0.3",29,"https://hex.pm/api/packages/iv/releases/1.0.3","2025-02-11T10:22:01.321Z","2025-02-11T10:21:54.682Z","2025-04-07T05:21:24.210Z"
"iv","1.1.0",38,"https://hex.pm/api/packages/iv/releases/1.1.0","2025-02-11T19:19:13.851Z","2025-02-11T19:19:10.025Z","2025-04-07T05:21:24.210Z"
"iv","1.1.1",172,"https://hex.pm/api/packages/iv/releases/1.1.1","2025-02-13T14:33:05.179Z","2025-02-13T14:33:01.823Z","2025-04-07T05:21:24.210Z"
"iv","1.1.2",26,"https://hex.pm/api/packages/iv/releases/1.1.2","2025-03-24T20:52:53.031Z","2025-03-24T20:52:49.399Z","2025-04-07T05:21:24.210Z"
"iv","1.2.0",94,"https://hex.pm/api/packages/iv/releases/1.2.0","2025-03-24T20:59:46.702Z","2025-03-24T20:59:38.436Z","2025-04-07T05:21:24.210Z"
"ivy","0.0.1",30,"https://hex.pm/api/packages/ivy/releases/0.0.1","2024-03-21T07:07:01.148Z","2024-03-21T07:06:58.580Z","2024-07-03T00:22:00.945Z"
"jackson","1.0.0",14,"https://hex.pm/api/packages/jackson/releases/1.0.0","2024-06-10T16:35:00.323Z","2024-06-10T16:34:57.724Z","2024-07-02T23:41:55.329Z"
"jackson","1.2.0",48,"https://hex.pm/api/packages/jackson/releases/1.2.0","2024-06-11T21:39:03.829Z","2024-06-11T21:39:00.750Z","2024-07-02T23:41:55.329Z"
"jasper","1.0.0",55,"https://hex.pm/api/packages/jasper/releases/1.0.0","2024-03-21T11:05:40.464Z","2024-03-21T11:05:37.855Z","2024-07-03T00:19:37.673Z"
"jasper","1.1.0",40,"https://hex.pm/api/packages/jasper/releases/1.1.0","2024-03-22T02:29:24.236Z","2024-03-22T02:29:21.668Z","2024-07-03T00:19:37.673Z"
"jasper","1.1.1",39,"https://hex.pm/api/packages/jasper/releases/1.1.1","2024-03-22T11:02:42.224Z","2024-03-22T11:02:39.244Z","2024-07-03T00:19:37.673Z"
"jasper","1.1.2",39,"https://hex.pm/api/packages/jasper/releases/1.1.2","2024-03-24T07:58:57.127Z","2024-03-24T07:58:54.723Z","2024-07-03T00:19:37.672Z"
"jasper","1.2.0",212,"https://hex.pm/api/packages/jasper/releases/1.2.0","2024-03-25T03:21:29.389Z","2024-03-25T03:21:26.230Z","2024-07-03T00:19:37.672Z"
"javascript_dom_parser","1.0.0",86,"https://hex.pm/api/packages/javascript_dom_parser/releases/1.0.0","2024-04-07T13:22:47.659Z","2024-04-07T13:22:45.255Z","2024-07-03T00:12:43.584Z"
"javascript_mutable_reference","1.0.0",14,"https://hex.pm/api/packages/javascript_mutable_reference/releases/1.0.0","2024-09-26T11:13:08.628Z","2024-09-26T11:13:06.040Z","2024-09-28T11:56:46.111Z"
"jbs","0.1.0",46,"https://hex.pm/api/packages/jbs/releases/0.1.0","2023-10-24T21:52:37.975Z","2023-10-24T17:12:16.872Z","2024-07-03T01:11:00.637Z"
"jelly","1.0.0",20,"https://hex.pm/api/packages/jelly/releases/1.0.0","2025-01-03T20:35:29.940Z","2025-01-03T20:35:27.432Z","2025-01-08T15:56:41.155Z"
"jelly","1.0.1",22,"https://hex.pm/api/packages/jelly/releases/1.0.1","2025-01-03T21:23:03.905Z","2025-01-03T21:23:01.381Z","2025-01-08T15:56:41.155Z"
"jelly","1.0.2",18,"https://hex.pm/api/packages/jelly/releases/1.0.2","2025-01-06T04:29:20.902Z","2025-01-06T04:29:18.438Z","2025-01-08T15:56:41.155Z"
"jot","0.1.0",179,"https://hex.pm/api/packages/jot/releases/0.1.0","2023-12-07T18:29:47.108Z","2023-12-07T18:29:44.614Z","2025-04-04T15:32:42.108Z"
"jot","0.2.0",214,"https://hex.pm/api/packages/jot/releases/0.2.0","2023-12-08T14:55:13.768Z","2023-12-08T14:55:11.446Z","2025-04-04T15:32:42.108Z"
"jot","0.2.1",302,"https://hex.pm/api/packages/jot/releases/0.2.1","2023-12-08T23:59:02.206Z","2023-12-08T23:58:59.687Z","2025-04-04T15:32:42.108Z"
"jot","0.3.0",176,"https://hex.pm/api/packages/jot/releases/0.3.0","2024-02-15T12:48:31.119Z","2024-02-15T12:48:28.602Z","2025-04-04T15:32:42.108Z"
"jot","0.3.1",290,"https://hex.pm/api/packages/jot/releases/0.3.1","2024-02-15T12:51:54.875Z","2024-02-15T12:51:52.598Z","2025-04-04T15:32:42.108Z"
"jot","0.4.0",251,"https://hex.pm/api/packages/jot/releases/0.4.0","2024-04-19T16:52:29.571Z","2024-04-19T16:52:26.992Z","2025-04-04T15:32:42.108Z"
"jot","0.5.0",406,"https://hex.pm/api/packages/jot/releases/0.5.0","2024-04-30T12:38:02.924Z","2024-04-30T12:38:00.495Z","2025-04-04T15:32:42.108Z"
"jot","0.6.0",58,"https://hex.pm/api/packages/jot/releases/0.6.0","2024-05-22T21:04:29.220Z","2024-05-22T21:04:26.652Z","2025-04-04T15:32:42.108Z"
"jot","1.0.0",653,"https://hex.pm/api/packages/jot/releases/1.0.0","2024-05-25T11:29:19.381Z","2024-05-25T11:29:16.653Z","2025-04-04T15:32:42.107Z"
"jot","1.0.1",730,"https://hex.pm/api/packages/jot/releases/1.0.1","2024-08-19T14:16:53.367Z","2024-08-19T14:16:50.078Z","2025-04-04T15:32:42.107Z"
"jot","1.0.2",149,"https://hex.pm/api/packages/jot/releases/1.0.2","2024-08-26T20:50:50.689Z","2024-08-26T20:50:48.104Z","2025-04-04T15:32:42.107Z"
"jot","1.1.0",171,"https://hex.pm/api/packages/jot/releases/1.1.0","2024-10-25T13:55:55.679Z","2024-10-25T13:55:53.017Z","2025-04-04T15:32:42.107Z"
"jot","2.0.0",158,"https://hex.pm/api/packages/jot/releases/2.0.0","2025-01-08T16:31:13.919Z","2025-01-08T16:31:11.216Z","2025-04-04T15:32:42.107Z"
"jot","2.0.1",136,"https://hex.pm/api/packages/jot/releases/2.0.1","2025-02-11T17:13:49.731Z","2025-02-11T17:13:46.715Z","2025-04-04T15:32:42.107Z"
"jot","2.0.2",30,"https://hex.pm/api/packages/jot/releases/2.0.2","2025-03-18T22:44:13.008Z","2025-03-18T22:44:10.098Z","2025-04-04T15:32:42.107Z"
"jot","2.1.0",52,"https://hex.pm/api/packages/jot/releases/2.1.0","2025-03-24T13:42:50.192Z","2025-03-24T13:42:47.206Z","2025-04-04T15:32:42.107Z"
"jot","2.2.0",18,"https://hex.pm/api/packages/jot/releases/2.2.0","2025-03-31T13:05:06.772Z","2025-03-31T13:05:03.899Z","2025-04-04T15:32:42.107Z"
"jot","3.0.0",18,"https://hex.pm/api/packages/jot/releases/3.0.0","2025-04-01T15:27:19.460Z","2025-04-01T15:27:16.119Z","2025-04-04T15:32:42.107Z"
"jot","4.0.0",22,"https://hex.pm/api/packages/jot/releases/4.0.0","2025-04-02T12:40:58.812Z","2025-04-02T12:40:56.519Z","2025-04-04T15:32:42.107Z"
"jot_to_lustre","1.0.0",18,"https://hex.pm/api/packages/jot_to_lustre/releases/1.0.0","2024-09-16T23:08:56.441Z","2024-09-16T23:00:06.529Z","2024-10-20T16:40:12.698Z"
"jot_to_lustre","1.0.1",26,"https://hex.pm/api/packages/jot_to_lustre/releases/1.0.1","2024-09-17T00:12:25.814Z","2024-09-17T00:12:23.111Z","2024-10-20T16:40:12.698Z"
"jot_to_lustre","1.1.0",12,"https://hex.pm/api/packages/jot_to_lustre/releases/1.1.0","2024-10-18T06:21:12.128Z","2024-10-18T06:21:09.277Z","2024-10-20T16:40:12.698Z"
"jotkey","2.0.0",10,"https://hex.pm/api/packages/jotkey/releases/2.0.0","2024-10-23T02:18:28.889Z","2024-10-23T02:02:49.958Z","2024-10-24T12:56:50.117Z"
"js_parser","0.0.3",20,"https://hex.pm/api/packages/js_parser/releases/0.0.3","2025-01-02T08:19:31.464Z","2025-01-02T08:19:28.773Z","2025-01-10T09:04:02.801Z"
"js_parser","0.1.0",22,"https://hex.pm/api/packages/js_parser/releases/0.1.0","2025-01-02T10:28:54.295Z","2025-01-02T10:28:51.672Z","2025-01-10T09:04:02.801Z"
"js_parser","0.2.0",22,"https://hex.pm/api/packages/js_parser/releases/0.2.0","2025-01-03T14:17:56.270Z","2025-01-03T14:17:53.591Z","2025-01-10T09:04:02.801Z"
"js_parser","0.3.0",22,"https://hex.pm/api/packages/js_parser/releases/0.3.0","2025-01-04T23:50:20.823Z","2025-01-04T23:50:18.126Z","2025-01-10T09:04:02.801Z"
"js_parser","0.4.0",20,"https://hex.pm/api/packages/js_parser/releases/0.4.0","2025-01-05T18:03:49.015Z","2025-01-05T18:03:46.329Z","2025-01-10T09:04:02.801Z"
"js_parser","0.5.0",14,"https://hex.pm/api/packages/js_parser/releases/0.5.0","2025-01-07T05:54:29.952Z","2025-01-07T05:52:10.639Z","2025-01-10T09:04:02.801Z"
"json_blueprint","1.0.0",30,"https://hex.pm/api/packages/json_blueprint/releases/1.0.0","2024-11-29T18:12:47.243Z","2024-11-29T18:12:44.200Z","2025-04-02T01:42:26.719Z"
"json_blueprint","1.1.0",32,"https://hex.pm/api/packages/json_blueprint/releases/1.1.0","2024-11-29T21:46:03.384Z","2024-11-29T21:46:00.073Z","2025-04-02T01:42:26.719Z"
"json_blueprint","1.2.0",32,"https://hex.pm/api/packages/json_blueprint/releases/1.2.0","2024-11-29T23:06:14.636Z","2024-11-29T23:06:11.272Z","2025-04-02T01:42:26.719Z"
"json_blueprint","1.2.1",32,"https://hex.pm/api/packages/json_blueprint/releases/1.2.1","2024-11-30T01:21:22.883Z","2024-11-30T01:21:20.101Z","2025-04-02T01:42:26.719Z"
"json_blueprint","1.2.2",30,"https://hex.pm/api/packages/json_blueprint/releases/1.2.2","2024-11-30T01:52:25.071Z","2024-11-30T01:52:22.358Z","2025-04-02T01:42:26.719Z"
"json_blueprint","1.2.3",48,"https://hex.pm/api/packages/json_blueprint/releases/1.2.3","2024-11-30T02:03:20.233Z","2024-11-30T02:03:17.417Z","2025-04-02T01:42:26.719Z"
"json_blueprint","1.2.4",32,"https://hex.pm/api/packages/json_blueprint/releases/1.2.4","2024-11-30T10:42:07.121Z","2024-11-30T10:42:04.405Z","2025-04-02T01:42:26.719Z"
"json_blueprint","1.3.0",32,"https://hex.pm/api/packages/json_blueprint/releases/1.3.0","2024-12-02T16:46:27.323Z","2024-12-02T16:46:24.272Z","2025-04-02T01:42:26.719Z"
"json_blueprint","1.3.1",32,"https://hex.pm/api/packages/json_blueprint/releases/1.3.1","2024-12-02T18:41:43.574Z","2024-12-02T18:41:40.857Z","2025-04-02T01:42:26.719Z"
"json_blueprint","1.3.2",32,"https://hex.pm/api/packages/json_blueprint/releases/1.3.2","2024-12-02T20:20:43.106Z","2024-12-02T20:20:40.079Z","2025-04-02T01:42:26.719Z"
"json_blueprint","1.3.3",34,"https://hex.pm/api/packages/json_blueprint/releases/1.3.3","2024-12-02T21:48:25.400Z","2024-12-02T21:48:22.735Z","2025-04-02T01:42:26.718Z"
"json_blueprint","1.4.0",32,"https://hex.pm/api/packages/json_blueprint/releases/1.4.0","2024-12-04T01:30:52.782Z","2024-12-04T01:30:49.603Z","2025-04-02T01:42:26.718Z"
"json_blueprint","1.5.0",9230,"https://hex.pm/api/packages/json_blueprint/releases/1.5.0","2024-12-04T15:49:01.218Z","2024-12-04T15:48:57.456Z","2025-04-02T01:42:26.718Z"
"json_blueprint","1.5.1",30,"https://hex.pm/api/packages/json_blueprint/releases/1.5.1","2024-12-09T08:28:56.745Z","2024-12-09T08:28:52.831Z","2025-04-02T01:42:26.718Z"
"json_blueprint","1.5.2",1950,"https://hex.pm/api/packages/json_blueprint/releases/1.5.2","2024-12-09T08:44:59.643Z","2024-12-09T08:44:56.849Z","2025-04-02T01:42:26.718Z"
"json_blueprint","1.6.0",14,"https://hex.pm/api/packages/json_blueprint/releases/1.6.0","2025-03-30T01:29:07.768Z","2025-03-30T01:29:05.213Z","2025-04-02T01:42:26.718Z"
"json_canvas","0.1.0",18,"https://hex.pm/api/packages/json_canvas/releases/0.1.0","2024-05-16T14:42:04.014Z","2024-05-16T14:42:00.330Z","2024-07-02T23:54:16.597Z"
"json_canvas","0.2.0",18,"https://hex.pm/api/packages/json_canvas/releases/0.2.0","2024-05-17T13:51:53.463Z","2024-05-17T13:51:50.289Z","2024-07-02T23:54:16.597Z"
"json_canvas","0.2.1",18,"https://hex.pm/api/packages/json_canvas/releases/0.2.1","2024-05-17T14:39:12.706Z","2024-05-17T14:39:09.641Z","2024-07-02T23:54:16.597Z"
"json_canvas","0.3.0",18,"https://hex.pm/api/packages/json_canvas/releases/0.3.0","2024-05-18T05:40:58.748Z","2024-05-18T05:40:55.910Z","2024-07-02T23:54:16.597Z"
"json_canvas","0.4.0",18,"https://hex.pm/api/packages/json_canvas/releases/0.4.0","2024-05-18T09:33:54.925Z","2024-05-18T09:33:51.982Z","2024-07-02T23:54:16.597Z"
"json_canvas","0.5.0",16,"https://hex.pm/api/packages/json_canvas/releases/0.5.0","2024-05-19T08:57:29.922Z","2024-05-19T08:57:26.903Z","2024-07-02T23:54:16.597Z"
"json_typedef","1.0.0",69,"https://hex.pm/api/packages/json_typedef/releases/1.0.0","2024-09-19T16:23:51.745Z","2024-09-19T16:23:49.157Z","2025-04-29T23:47:26.967Z"
"json_typedef","1.1.0",204,"https://hex.pm/api/packages/json_typedef/releases/1.1.0","2024-11-03T09:47:18.992Z","2024-11-03T09:47:16.391Z","2025-04-29T23:47:26.967Z"
"json_typedef","1.1.1",66,"https://hex.pm/api/packages/json_typedef/releases/1.1.1","2024-11-19T17:24:31.522Z","2024-11-19T17:24:27.502Z","2025-04-29T23:47:26.967Z"
"json_typedef","1.1.2",105,"https://hex.pm/api/packages/json_typedef/releases/1.1.2","2025-01-08T12:08:00.178Z","2025-01-08T12:07:56.856Z","2025-04-29T23:47:26.967Z"
"json_typedef","1.1.3",10,"https://hex.pm/api/packages/json_typedef/releases/1.1.3","2025-04-27T08:55:16.817Z","2025-04-27T08:55:12.717Z","2025-04-29T23:47:26.967Z"
"jsonrpc","1.0.0",16,"https://hex.pm/api/packages/jsonrpc/releases/1.0.0","2025-04-29T18:03:52.767Z","2025-04-29T18:03:49.637Z","2025-05-02T23:58:58.778Z"
"juno","1.0.0",55,"https://hex.pm/api/packages/juno/releases/1.0.0","2023-11-25T01:32:07.403Z","2023-11-25T01:30:59.290Z","2024-12-21T16:23:30.517Z"
"juno","1.1.0",61,"https://hex.pm/api/packages/juno/releases/1.1.0","2023-11-26T08:19:44.371Z","2023-11-26T08:10:33.622Z","2024-12-21T16:23:30.517Z"
"juno","1.2.0",151,"https://hex.pm/api/packages/juno/releases/1.2.0","2023-12-25T08:59:56.402Z","2023-12-25T08:59:52.700Z","2024-12-21T16:23:30.517Z"
"juno","1.3.0",633,"https://hex.pm/api/packages/juno/releases/1.3.0","2024-03-17T02:22:50.394Z","2024-03-17T02:22:47.763Z","2024-12-21T16:23:30.517Z"
"juno","1.4.0",28,"https://hex.pm/api/packages/juno/releases/1.4.0","2024-12-19T15:40:34.491Z","2024-12-19T15:40:31.635Z","2024-12-21T16:23:30.517Z"
"just","1.0.0",20,"https://hex.pm/api/packages/just/releases/1.0.0","2025-04-01T09:33:24.780Z","2025-04-01T09:33:21.759Z","2025-04-05T01:51:15.564Z"
"just","1.1.0",14,"https://hex.pm/api/packages/just/releases/1.1.0","2025-04-02T13:51:22.562Z","2025-04-02T13:51:19.983Z","2025-04-05T01:51:15.564Z"
"justin","1.0.0",33,"https://hex.pm/api/packages/justin/releases/1.0.0","2023-12-30T18:55:16.007Z","2023-12-30T18:55:13.769Z","2024-07-03T00:55:11.495Z"
"justin","1.0.1",3717,"https://hex.pm/api/packages/justin/releases/1.0.1","2023-12-31T11:34:30.622Z","2023-12-31T11:34:28.329Z","2024-07-03T00:55:11.495Z"
"keccak_gleam","1.0.0",16,"https://hex.pm/api/packages/keccak_gleam/releases/1.0.0","2024-08-11T20:24:25.444Z","2024-08-11T20:24:22.763Z","2024-08-21T23:24:38.943Z"
"keccak_gleam","1.0.1",8,"https://hex.pm/api/packages/keccak_gleam/releases/1.0.1","2024-08-19T22:53:00.374Z","2024-08-19T22:52:57.857Z","2024-08-21T23:24:38.943Z"
"kick","1.0.0",22,"https://hex.pm/api/packages/kick/releases/1.0.0","2024-03-12T19:32:44.398Z","2024-03-12T19:32:41.801Z","2024-07-03T00:32:31.701Z"
"kielet","1.0.0",25,"https://hex.pm/api/packages/kielet/releases/1.0.0","2024-05-21T20:45:09.144Z","2024-05-21T20:45:06.325Z","2024-10-15T03:26:25.283Z"
"kielet","2.0.0",64,"https://hex.pm/api/packages/kielet/releases/2.0.0","2024-05-24T08:22:10.972Z","2024-05-24T08:22:08.316Z","2024-10-15T03:26:25.283Z"
"kielet","3.0.0",10,"https://hex.pm/api/packages/kielet/releases/3.0.0","2024-10-12T21:30:29.740Z","2024-10-12T21:30:27.038Z","2024-10-15T03:26:25.283Z"
"kirala_bbmarkdown","1.0.1",42,"https://hex.pm/api/packages/kirala_bbmarkdown/releases/1.0.1","2024-03-20T09:27:15.675Z","2024-03-20T09:27:13.147Z","2024-07-03T00:22:36.429Z"
"kirala_bbmarkdown","1.0.2",48,"https://hex.pm/api/packages/kirala_bbmarkdown/releases/1.0.2","2024-03-20T09:33:50.227Z","2024-03-20T09:33:47.516Z","2024-07-03T00:22:36.429Z"
"kirala_l4u","0.1.1",26,"https://hex.pm/api/packages/kirala_l4u/releases/0.1.1","2024-03-20T08:55:21.329Z","2024-03-20T08:55:18.550Z","2024-07-03T00:22:37.523Z"
"kirala_markdown","1.0.2",325,"https://hex.pm/api/packages/kirala_markdown/releases/1.0.2","2024-03-20T09:45:42.457Z","2024-03-20T09:45:40.061Z","2024-07-03T00:22:35.283Z"
"kitten","0.0.1",28,"https://hex.pm/api/packages/kitten/releases/0.0.1","2024-12-30T15:00:37.933Z","2024-12-30T14:40:06.869Z","2025-02-04T10:43:39.744Z"
"kitten","0.0.2",44,"https://hex.pm/api/packages/kitten/releases/0.0.2","2024-12-30T18:43:02.067Z","2024-12-30T18:42:59.244Z","2025-02-04T10:43:39.744Z"
"kitten","0.0.3",32,"https://hex.pm/api/packages/kitten/releases/0.0.3","2024-12-31T18:02:56.457Z","2024-12-31T18:02:53.426Z","2025-02-04T10:43:39.744Z"
"kitten","0.0.4",55,"https://hex.pm/api/packages/kitten/releases/0.0.4","2025-01-10T15:32:32.744Z","2025-01-10T15:32:29.571Z","2025-02-04T10:43:39.744Z"
"kitten","0.0.5",14,"https://hex.pm/api/packages/kitten/releases/0.0.5","2025-02-01T16:17:35.846Z","2025-02-01T16:17:31.819Z","2025-02-04T10:43:39.744Z"
"klubok_gleam","0.1.0",55,"https://hex.pm/api/packages/klubok_gleam/releases/0.1.0","2024-12-29T17:50:20.630Z","2024-12-29T17:50:17.792Z","2025-04-02T01:42:22.833Z"
"klubok_gleam","0.2.0",14,"https://hex.pm/api/packages/klubok_gleam/releases/0.2.0","2025-03-30T10:51:45.269Z","2025-03-30T10:51:42.658Z","2025-04-02T01:42:22.833Z"
"kmh","1.0.0",10,"https://hex.pm/api/packages/kmh/releases/1.0.0","2024-09-08T18:08:37.142Z","2024-09-08T18:08:34.606Z","2024-09-11T00:07:04.545Z"
"knit_string","1.0.0",16,"https://hex.pm/api/packages/knit_string/releases/1.0.0","2025-04-24T19:52:37.453Z","2025-04-24T19:52:34.870Z","2025-04-28T16:52:13.799Z"
"kreator","0.0.1",50,"https://hex.pm/api/packages/kreator/releases/0.0.1","2024-03-11T18:03:59.094Z","2024-03-11T18:03:56.540Z","2024-07-03T00:21:40.677Z"
"kreator","0.1.0",32,"https://hex.pm/api/packages/kreator/releases/0.1.0","2024-03-13T19:43:05.817Z","2024-03-13T19:43:03.364Z","2024-07-03T00:21:40.677Z"
"kreator","0.1.1",32,"https://hex.pm/api/packages/kreator/releases/0.1.1","2024-03-14T16:59:53.409Z","2024-03-14T16:59:50.860Z","2024-07-03T00:21:40.677Z"
"kreator","0.1.2",34,"https://hex.pm/api/packages/kreator/releases/0.1.2","2024-03-16T02:36:37.041Z","2024-03-16T02:36:34.706Z","2024-07-03T00:21:40.677Z"
"kreator","0.2.0",109,"https://hex.pm/api/packages/kreator/releases/0.2.0","2024-03-21T16:03:25.318Z","2024-03-21T16:03:22.582Z","2024-07-03T00:21:40.677Z"
"kv_sessions","0.0.2",100,"https://hex.pm/api/packages/kv_sessions/releases/0.0.2","2024-12-19T18:34:40.289Z","2024-12-19T18:34:37.580Z","2025-01-09T02:13:26.539Z"
"kv_sessions","0.1.0",22,"https://hex.pm/api/packages/kv_sessions/releases/0.1.0","2024-12-19T20:20:13.092Z","2024-12-19T20:20:10.368Z","2025-01-09T02:13:26.539Z"
"kv_sessions","0.1.1",26,"https://hex.pm/api/packages/kv_sessions/releases/0.1.1","2025-01-06T13:09:46.756Z","2025-01-06T13:09:44.127Z","2025-01-09T02:13:26.539Z"
"kv_sessions_postgres_adapter","0.0.92",20,"https://hex.pm/api/packages/kv_sessions_postgres_adapter/releases/0.0.92","2024-12-19T22:08:10.667Z","2024-12-19T22:08:07.883Z","2025-01-09T02:13:25.451Z"
"kv_sessions_postgres_adapter","0.1.0",22,"https://hex.pm/api/packages/kv_sessions_postgres_adapter/releases/0.1.0","2024-12-19T22:15:32.813Z","2024-12-19T22:15:30.019Z","2025-01-09T02:13:25.451Z"
"kv_sessions_postgres_adapter","0.1.1",20,"https://hex.pm/api/packages/kv_sessions_postgres_adapter/releases/0.1.1","2025-01-06T13:14:18.061Z","2025-01-06T13:14:15.273Z","2025-01-09T02:13:25.451Z"
"lamb","0.0.1",20,"https://hex.pm/api/packages/lamb/releases/0.0.1","2024-10-24T03:33:29.443Z","2024-10-24T03:33:26.723Z","2024-12-13T13:12:26.869Z"
"lamb","0.0.2",22,"https://hex.pm/api/packages/lamb/releases/0.0.2","2024-10-24T03:40:49.950Z","2024-10-24T03:40:47.374Z","2024-12-13T13:12:26.869Z"
"lamb","0.0.3",24,"https://hex.pm/api/packages/lamb/releases/0.0.3","2024-10-26T08:46:35.558Z","2024-10-26T08:46:32.655Z","2024-12-13T13:12:26.869Z"
"lamb","0.1.0",24,"https://hex.pm/api/packages/lamb/releases/0.1.0","2024-10-29T02:18:27.568Z","2024-10-29T02:16:20.074Z","2024-12-13T13:12:26.869Z"
"lamb","0.2.0",24,"https://hex.pm/api/packages/lamb/releases/0.2.0","2024-11-05T02:34:39.114Z","2024-11-05T02:34:36.211Z","2024-12-13T13:12:26.869Z"
"lamb","0.3.0",22,"https://hex.pm/api/packages/lamb/releases/0.3.0","2024-11-08T00:31:28.575Z","2024-11-08T00:31:24.902Z","2024-12-13T13:12:26.869Z"
"lamb","0.4.0",20,"https://hex.pm/api/packages/lamb/releases/0.4.0","2024-11-14T03:16:26.425Z","2024-11-14T03:16:23.078Z","2024-12-13T13:12:26.869Z"
"lamb","0.4.1",24,"https://hex.pm/api/packages/lamb/releases/0.4.1","2024-11-14T03:29:29.462Z","2024-11-14T03:29:26.447Z","2024-12-13T13:12:26.869Z"
"lamb","0.5.0",148,"https://hex.pm/api/packages/lamb/releases/0.5.0","2024-11-27T03:06:25.528Z","2024-11-27T03:06:22.686Z","2024-12-13T13:12:26.869Z"
"lamb","0.6.0",42,"https://hex.pm/api/packages/lamb/releases/0.6.0","2024-12-09T22:43:37.393Z","2024-12-09T22:43:34.825Z","2024-12-13T13:12:26.869Z"
"lamb","0.6.1",12,"https://hex.pm/api/packages/lamb/releases/0.6.1","2024-12-12T01:52:36.895Z","2024-12-12T01:52:34.118Z","2024-12-13T13:12:26.869Z"
"lap","1.0.0",22,"https://hex.pm/api/packages/lap/releases/1.0.0","2024-12-21T08:33:55.371Z","2024-12-21T08:33:52.737Z","2024-12-28T23:03:28.694Z"
"lap","1.0.1",25,"https://hex.pm/api/packages/lap/releases/1.0.1","2024-12-21T09:10:48.274Z","2024-12-21T09:10:45.593Z","2024-12-28T23:03:28.694Z"
"lap","1.0.2",23,"https://hex.pm/api/packages/lap/releases/1.0.2","2024-12-21T09:16:07.892Z","2024-12-21T09:16:04.790Z","2024-12-28T23:03:28.694Z"
"lap","1.0.3",22,"https://hex.pm/api/packages/lap/releases/1.0.3","2024-12-22T08:11:17.123Z","2024-12-22T08:11:14.630Z","2024-12-28T23:03:28.694Z"
"lap","1.0.4",24,"https://hex.pm/api/packages/lap/releases/1.0.4","2024-12-22T21:17:08.427Z","2024-12-22T21:17:04.460Z","2024-12-28T23:03:28.694Z"
"lap","1.0.5",16,"https://hex.pm/api/packages/lap/releases/1.0.5","2024-12-24T20:54:40.894Z","2024-12-24T20:54:38.231Z","2024-12-28T23:03:28.694Z"
"lazy_const","1.0.0",12,"https://hex.pm/api/packages/lazy_const/releases/1.0.0","2024-10-08T21:52:29.847Z","2024-10-08T21:52:27.049Z","2024-10-12T13:58:04.681Z"
"le_ids","0.14.0",16,"https://hex.pm/api/packages/le_ids/releases/0.14.0","2025-01-25T19:05:47.271Z","2025-01-25T19:05:44.082Z","2025-01-28T03:49:44.632Z"
"le_ids","0.15.0",18,"https://hex.pm/api/packages/le_ids/releases/0.15.0","2025-01-25T19:10:44.936Z","2025-01-25T19:10:41.608Z","2025-01-28T03:49:44.632Z"
"lenient_parse","1.0.0",26,"https://hex.pm/api/packages/lenient_parse/releases/1.0.0","2024-10-10T21:45:45.793Z","2024-10-10T21:45:43.033Z","2025-02-04T10:43:54.979Z"
"lenient_parse","1.0.1",36,"https://hex.pm/api/packages/lenient_parse/releases/1.0.1","2024-10-10T21:52:12.389Z","2024-10-10T21:52:08.919Z","2025-02-04T10:43:54.979Z"
"lenient_parse","1.0.2",31,"https://hex.pm/api/packages/lenient_parse/releases/1.0.2","2024-10-20T23:18:25.456Z","2024-10-20T23:18:22.800Z","2025-02-04T10:43:54.979Z"
"lenient_parse","1.1.0",26,"https://hex.pm/api/packages/lenient_parse/releases/1.1.0","2024-11-08T04:29:30.817Z","2024-11-08T04:29:28.322Z","2025-02-04T10:43:54.979Z"
"lenient_parse","1.2.0",26,"https://hex.pm/api/packages/lenient_parse/releases/1.2.0","2024-11-09T18:33:51.838Z","2024-11-09T18:33:49.180Z","2025-02-04T10:43:54.979Z"
"lenient_parse","1.3.0",26,"https://hex.pm/api/packages/lenient_parse/releases/1.3.0","2024-11-11T23:29:50.691Z","2024-11-11T23:29:47.743Z","2025-02-04T10:43:54.979Z"
"lenient_parse","1.3.1",26,"https://hex.pm/api/packages/lenient_parse/releases/1.3.1","2024-11-12T04:20:38.982Z","2024-11-12T04:20:36.299Z","2025-02-04T10:43:54.979Z"
"lenient_parse","1.3.2",30,"https://hex.pm/api/packages/lenient_parse/releases/1.3.2","2024-11-15T07:34:44.498Z","2024-11-15T07:34:41.793Z","2025-02-04T10:43:54.979Z"
"lenient_parse","1.3.3",24,"https://hex.pm/api/packages/lenient_parse/releases/1.3.3","2024-11-18T06:00:41.891Z","2024-11-18T06:00:39.296Z","2025-02-04T10:43:54.979Z"
"lenient_parse","1.3.4",26,"https://hex.pm/api/packages/lenient_parse/releases/1.3.4","2024-11-20T01:26:03.410Z","2024-11-20T01:26:00.600Z","2025-02-04T10:43:54.979Z"
"lenient_parse","1.3.5",26,"https://hex.pm/api/packages/lenient_parse/releases/1.3.5","2024-11-20T13:44:13.658Z","2024-11-20T13:44:11.069Z","2025-02-04T10:43:54.979Z"
"lenient_parse","2.0.0",87,"https://hex.pm/api/packages/lenient_parse/releases/2.0.0","2024-12-07T20:44:43.000Z","2024-12-07T20:44:40.221Z","2025-02-04T10:43:54.979Z"
"lenient_parse","3.0.0",40,"https://hex.pm/api/packages/lenient_parse/releases/3.0.0","2025-02-01T16:03:37.757Z","2025-02-01T16:03:35.052Z","2025-02-04T10:43:54.979Z"
"leviathan","1.0.0",10,"https://hex.pm/api/packages/leviathan/releases/1.0.0","2024-09-17T21:36:20.847Z","2024-09-17T21:36:18.078Z","2024-09-20T09:21:31.960Z"
"libnetwork","1.0.0",15000,"https://example.com/libnetwork/1.0.0","2024-04-17T12:34:56.123456Z","2023-01-01T00:00:00.000000Z","2026-01-01T00:00:00.000000Z"
"libsql","0.0.1",50,"https://hex.pm/api/packages/libsql/releases/0.0.1","2024-03-16T04:00:59.926Z","2024-03-16T04:00:57.384Z","2024-07-03T00:25:43.057Z"
"lifeguard","1.0.0",20,"https://hex.pm/api/packages/lifeguard/releases/1.0.0","2024-12-30T16:56:44.235Z","2024-12-30T16:56:40.820Z","2025-01-06T12:32:04.998Z"
"lifeguard","1.1.0",24,"https://hex.pm/api/packages/lifeguard/releases/1.1.0","2025-01-03T17:19:49.632Z","2025-01-03T17:19:46.869Z","2025-01-06T12:32:04.998Z"
"lite_fs","1.0.0",16,"https://hex.pm/api/packages/lite_fs/releases/1.0.0","2024-06-18T21:47:58.045Z","2024-06-18T21:47:55.243Z","2024-07-02T23:36:37.698Z"
"loan","1.0.0",10,"https://hex.pm/api/packages/loan/releases/1.0.0","2024-12-16T02:18:01.605Z","2024-12-16T02:17:59.059Z","2024-12-18T06:12:15.128Z"
"loan","1.0.1",12,"https://hex.pm/api/packages/loan/releases/1.0.1","2024-12-16T03:09:23.894Z","2024-12-16T03:09:21.196Z","2024-12-18T06:12:15.128Z"
"logging","1.0.0",45,"https://hex.pm/api/packages/logging/releases/1.0.0","2024-02-17T15:54:59.352Z","2024-02-17T15:54:57.019Z","2024-07-18T00:54:45.437Z"
"logging","1.0.1",3713,"https://hex.pm/api/packages/logging/releases/1.0.1","2024-02-17T16:50:58.288Z","2024-02-17T16:50:55.951Z","2024-07-18T00:54:45.437Z"
"logging","1.1.0",6047,"https://hex.pm/api/packages/logging/releases/1.1.0","2024-04-26T19:09:01.634Z","2024-04-26T19:08:59.355Z","2024-07-18T00:54:45.437Z"
"logging","1.2.0",3944,"https://hex.pm/api/packages/logging/releases/1.2.0","2024-06-20T13:24:04.893Z","2024-06-20T13:24:02.151Z","2024-07-18T00:54:45.437Z"
"logging","1.3.0",170,"https://hex.pm/api/packages/logging/releases/1.3.0","2024-07-15T14:45:22.957Z","2024-07-15T14:45:20.198Z","2024-07-18T00:54:45.437Z"
"lotta","0.1.0",31,"https://hex.pm/api/packages/lotta/releases/0.1.0","2023-12-14T04:52:06.307Z","2023-12-14T04:52:03.581Z","2024-07-03T00:58:52.125Z"
"lotta","0.1.1",34,"https://hex.pm/api/packages/lotta/releases/0.1.1","2023-12-14T05:37:47.917Z","2023-12-14T05:37:45.562Z","2024-07-03T00:58:52.125Z"
"lucid","1.0.0",12,"https://hex.pm/api/packages/lucid/releases/1.0.0","2025-04-21T08:17:17.365Z","2025-04-21T08:17:14.384Z","2025-04-24T09:47:30.797Z"
"lucide_lustre","1.0.0",44,"https://hex.pm/api/packages/lucide_lustre/releases/1.0.0","2024-10-17T13:19:09.202Z","2024-10-17T13:19:06.623Z","2025-05-02T23:58:55.637Z"
"lucide_lustre","2.0.0",453,"https://hex.pm/api/packages/lucide_lustre/releases/2.0.0","2024-10-18T11:48:56.801Z","2024-10-18T11:48:54.129Z","2025-05-02T23:58:55.637Z"
"lucide_lustre","2.0.1",24,"https://hex.pm/api/packages/lucide_lustre/releases/2.0.1","2025-04-29T19:34:06.247Z","2025-04-29T19:34:03.176Z","2025-05-02T23:58:55.637Z"
"lumi","0.1.0",31,"https://hex.pm/api/packages/lumi/releases/0.1.0","2024-04-16T11:24:38.217Z","2024-04-16T11:24:35.329Z","2024-07-03T00:08:52.307Z"
"lustre","1.0.0",150,"https://hex.pm/api/packages/lustre/releases/1.0.0","2022-05-21T08:46:54.973Z","2022-05-21T08:46:51.990Z","2025-04-23T13:09:56.720Z"
"lustre","1.1.0",310,"https://hex.pm/api/packages/lustre/releases/1.1.0","2022-05-21T12:49:44.677Z","2022-05-21T12:49:41.481Z","2025-04-23T13:09:56.720Z"
"lustre","1.2.0",158,"https://hex.pm/api/packages/lustre/releases/1.2.0","2022-07-02T14:36:57.949Z","2022-07-02T14:36:54.313Z","2025-04-23T13:09:56.720Z"
"lustre","1.3.0",613,"https://hex.pm/api/packages/lustre/releases/1.3.0","2022-09-05T05:10:55.009Z","2022-09-05T05:10:51.034Z","2025-04-23T13:09:56.720Z"
"lustre","2.0.0",187,"https://hex.pm/api/packages/lustre/releases/2.0.0","2023-02-13T13:16:13.489Z","2023-02-13T13:16:11.029Z","2025-04-23T13:09:56.720Z"
"lustre","2.0.1",210,"https://hex.pm/api/packages/lustre/releases/2.0.1","2023-04-05T12:39:00.743Z","2023-04-05T12:38:58.551Z","2025-04-23T13:09:56.720Z"
"lustre","3.0.0",129,"https://hex.pm/api/packages/lustre/releases/3.0.0","2023-09-09T22:22:51.729Z","2023-09-09T22:16:11.749Z","2025-04-23T13:09:56.720Z"
"lustre","3.0.0-rc.1",131,"https://hex.pm/api/packages/lustre/releases/3.0.0-rc.1","2023-04-27T20:52:55.000Z","2023-04-27T20:52:51.021Z","2025-04-23T13:09:56.720Z"
"lustre","3.0.0-rc.2",372,"https://hex.pm/api/packages/lustre/releases/3.0.0-rc.2","2023-04-28T14:19:08.678Z","2023-04-28T14:18:40.926Z","2025-04-23T13:09:56.720Z"
"lustre","3.0.0-rc.3",128,"https://hex.pm/api/packages/lustre/releases/3.0.0-rc.3","2023-07-11T23:13:31.456Z","2023-07-11T23:13:29.032Z","2025-04-23T13:09:56.720Z"
"lustre","3.0.0-rc.4",132,"https://hex.pm/api/packages/lustre/releases/3.0.0-rc.4","2023-07-11T23:56:51.365Z","2023-07-11T23:56:48.808Z","2025-04-23T13:09:56.720Z"
"lustre","3.0.0-rc.5",140,"https://hex.pm/api/packages/lustre/releases/3.0.0-rc.5","2023-07-19T22:02:58.371Z","2023-07-19T22:02:55.715Z","2025-04-23T13:09:56.720Z"
"lustre","3.0.0-rc.6",173,"https://hex.pm/api/packages/lustre/releases/3.0.0-rc.6","2023-07-20T22:26:07.223Z","2023-07-20T22:26:04.828Z","2025-04-23T13:09:56.720Z"
"lustre","3.0.0-rc.7",140,"https://hex.pm/api/packages/lustre/releases/3.0.0-rc.7","2023-07-23T17:30:58.490Z","2023-07-23T17:30:56.148Z","2025-04-23T13:09:56.720Z"
"lustre","3.0.0-rc.8",243,"https://hex.pm/api/packages/lustre/releases/3.0.0-rc.8","2023-07-23T18:40:58.046Z","2023-07-23T18:40:55.830Z","2025-04-23T13:09:56.720Z"
"lustre","3.0.1",137,"https://hex.pm/api/packages/lustre/releases/3.0.1","2023-09-09T22:22:38.620Z","2023-09-09T22:22:38.620Z","2025-04-23T13:09:56.720Z"
"lustre","3.0.10",139,"https://hex.pm/api/packages/lustre/releases/3.0.10","2023-11-04T12:40:27.637Z","2023-11-04T12:08:51.422Z","2025-04-23T13:09:56.719Z"
"lustre","3.0.11",497,"https://hex.pm/api/packages/lustre/releases/3.0.11","2023-11-04T14:18:37.262Z","2023-11-04T14:18:34.910Z","2025-04-23T13:09:56.719Z"
"lustre","3.0.12",194,"https://hex.pm/api/packages/lustre/releases/3.0.12","2023-11-30T23:33:18.734Z","2023-11-30T23:33:16.630Z","2025-04-23T13:09:56.719Z"
"lustre","3.0.2",147,"https://hex.pm/api/packages/lustre/releases/3.0.2","2023-09-10T19:56:10.765Z","2023-09-10T19:40:43.315Z","2025-04-23T13:09:56.720Z"
"lustre","3.0.3",202,"https://hex.pm/api/packages/lustre/releases/3.0.3","2023-09-12T17:47:03.456Z","2023-09-12T17:41:24.078Z","2025-04-23T13:09:56.720Z"
"lustre","3.0.4",132,"https://hex.pm/api/packages/lustre/releases/3.0.4","2023-09-22T09:54:11.055Z","2023-09-22T09:45:15.610Z","2025-04-23T13:09:56.720Z"
"lustre","3.0.5",137,"https://hex.pm/api/packages/lustre/releases/3.0.5","2023-09-22T17:47:09.705Z","2023-09-22T17:47:07.098Z","2025-04-23T13:09:56.720Z"
"lustre","3.0.6",180,"https://hex.pm/api/packages/lustre/releases/3.0.6","2023-09-23T08:26:11.856Z","2023-09-23T08:26:09.681Z","2025-04-23T13:09:56.720Z"
"lustre","3.0.7",158,"https://hex.pm/api/packages/lustre/releases/3.0.7","2023-10-14T11:42:04.306Z","2023-10-14T11:42:01.982Z","2025-04-23T13:09:56.720Z"
"lustre","3.0.8",150,"https://hex.pm/api/packages/lustre/releases/3.0.8","2023-10-21T16:18:42.378Z","2023-10-21T16:18:40.072Z","2025-04-23T13:09:56.720Z"
"lustre","3.0.9",284,"https://hex.pm/api/packages/lustre/releases/3.0.9","2023-10-21T22:13:03.886Z","2023-10-21T21:59:46.007Z","2025-04-23T13:09:56.720Z"
"lustre","3.1.0",256,"https://hex.pm/api/packages/lustre/releases/3.1.0","2023-12-06T22:24:28.185Z","2023-12-06T22:24:26.004Z","2025-04-23T13:09:56.719Z"
"lustre","3.1.1",158,"https://hex.pm/api/packages/lustre/releases/3.1.1","2023-12-22T11:16:05.441Z","2023-12-22T11:16:03.143Z","2025-04-23T13:09:56.719Z"
"lustre","3.1.2",211,"https://hex.pm/api/packages/lustre/releases/3.1.2","2023-12-28T10:18:08.649Z","2023-12-28T10:18:06.327Z","2025-04-23T13:09:56.719Z"
"lustre","3.1.3",407,"https://hex.pm/api/packages/lustre/releases/3.1.3","2024-01-10T08:35:36.775Z","2024-01-10T08:35:34.152Z","2025-04-23T13:09:56.719Z"
"lustre","3.1.4",1010,"https://hex.pm/api/packages/lustre/releases/3.1.4","2024-02-12T16:15:32.013Z","2024-02-12T16:15:29.523Z","2025-04-23T13:09:56.719Z"
"lustre","4.0.0",298,"https://hex.pm/api/packages/lustre/releases/4.0.0","2024-03-26T00:24:04.754Z","2024-03-26T00:24:02.293Z","2025-04-23T13:09:56.719Z"
"lustre","4.0.0-rc.2",191,"https://hex.pm/api/packages/lustre/releases/4.0.0-rc.2","2024-02-29T17:46:39.721Z","2024-02-29T17:46:37.428Z","2025-04-23T13:09:56.719Z"
"lustre","4.0.0-rc1",289,"https://hex.pm/api/packages/lustre/releases/4.0.0-rc1","2024-02-23T01:11:47.607Z","2024-02-23T01:11:44.406Z","2025-04-23T13:09:56.719Z"
"lustre","4.1.0",128,"https://hex.pm/api/packages/lustre/releases/4.1.0","2024-03-31T15:24:38.436Z","2024-03-31T15:24:36.249Z","2025-04-23T13:09:56.719Z"
"lustre","4.1.1",130,"https://hex.pm/api/packages/lustre/releases/4.1.1","2024-03-31T18:20:34.975Z","2024-03-31T17:30:11.075Z","2025-04-23T13:09:56.719Z"
"lustre","4.1.2",322,"https://hex.pm/api/packages/lustre/releases/4.1.2","2024-03-31T20:22:38.790Z","2024-03-31T20:22:36.623Z","2025-04-23T13:09:56.719Z"
"lustre","4.1.3",133,"https://hex.pm/api/packages/lustre/releases/4.1.3","2024-04-01T14:26:48.954Z","2024-04-01T14:26:46.664Z","2025-04-23T13:09:56.719Z"
"lustre","4.1.4",200,"https://hex.pm/api/packages/lustre/releases/4.1.4","2024-04-01T18:04:23.948Z","2024-04-01T18:04:21.520Z","2025-04-23T13:09:56.719Z"
"lustre","4.1.5",168,"https://hex.pm/api/packages/lustre/releases/4.1.5","2024-04-04T22:46:04.386Z","2024-04-04T22:46:02.301Z","2025-04-23T13:09:56.719Z"
"lustre","4.1.6",202,"https://hex.pm/api/packages/lustre/releases/4.1.6","2024-04-06T18:22:40.008Z","2024-04-06T18:22:37.740Z","2025-04-23T13:09:56.719Z"
"lustre","4.1.7",404,"https://hex.pm/api/packages/lustre/releases/4.1.7","2024-04-10T09:06:19.015Z","2024-04-10T09:06:16.526Z","2025-04-23T13:09:56.719Z"
"lustre","4.1.8",777,"https://hex.pm/api/packages/lustre/releases/4.1.8","2024-04-16T21:40:58.593Z","2024-04-16T21:40:55.976Z","2025-04-23T13:09:56.719Z"
"lustre","4.2.0",389,"https://hex.pm/api/packages/lustre/releases/4.2.0","2024-04-25T22:23:47.651Z","2024-04-25T22:23:45.519Z","2025-04-23T13:09:56.719Z"
"lustre","4.2.1",56,"https://hex.pm/api/packages/lustre/releases/4.2.1","2024-05-11T00:05:53.351Z","2024-05-11T00:05:50.281Z","2025-04-23T13:09:56.719Z"
"lustre","4.2.2",434,"https://hex.pm/api/packages/lustre/releases/4.2.2","2024-05-11T20:26:37.135Z","2024-05-11T20:26:34.775Z","2025-04-23T13:09:56.719Z"
"lustre","4.2.3",58,"https://hex.pm/api/packages/lustre/releases/4.2.3","2024-05-19T16:46:54.698Z","2024-05-19T16:46:51.699Z","2025-04-23T13:09:56.719Z"
"lustre","4.2.4",1715,"https://hex.pm/api/packages/lustre/releases/4.2.4","2024-05-19T16:51:50.403Z","2024-05-19T16:51:47.712Z","2025-04-23T13:09:56.719Z"
"lustre","4.2.5",323,"https://hex.pm/api/packages/lustre/releases/4.2.5","2024-06-11T18:22:36.292Z","2024-06-11T17:38:58.493Z","2025-04-23T13:09:56.719Z"
"lustre","4.2.6",1166,"https://hex.pm/api/packages/lustre/releases/4.2.6","2024-06-12T16:05:03.856Z","2024-06-12T16:05:01.286Z","2025-04-23T13:09:56.719Z"
"lustre","4.3.0",5027,"https://hex.pm/api/packages/lustre/releases/4.3.0","2024-06-19T07:58:38.220Z","2024-06-19T07:58:35.707Z","2025-04-23T13:09:56.719Z"
"lustre","4.3.1",2341,"https://hex.pm/api/packages/lustre/releases/4.3.1","2024-07-13T19:51:17.197Z","2024-07-13T19:51:14.614Z","2025-04-23T13:09:56.719Z"
"lustre","4.3.2",4252,"https://hex.pm/api/packages/lustre/releases/4.3.2","2024-08-02T22:51:02.569Z","2024-08-02T22:51:00.018Z","2025-04-23T13:09:56.719Z"
"lustre","4.3.3",47,"https://hex.pm/api/packages/lustre/releases/4.3.3","2024-08-20T16:01:01.124Z","2024-08-20T16:00:58.527Z","2025-04-23T13:09:56.719Z"
"lustre","4.3.4",80,"https://hex.pm/api/packages/lustre/releases/4.3.4","2024-08-20T16:47:08.732Z","2024-08-20T16:47:06.024Z","2025-04-23T13:09:56.719Z"
"lustre","4.3.5",874,"https://hex.pm/api/packages/lustre/releases/4.3.5","2024-08-21T07:41:56.373Z","2024-08-21T07:41:53.781Z","2025-04-23T13:09:56.719Z"
"lustre","4.3.6",1331,"https://hex.pm/api/packages/lustre/releases/4.3.6","2024-08-24T21:25:55.708Z","2024-08-24T21:25:53.084Z","2025-04-23T13:09:56.719Z"
"lustre","4.4.0",360,"https://hex.pm/api/packages/lustre/releases/4.4.0","2024-08-31T14:07:06.032Z","2024-08-31T14:07:03.736Z","2025-04-23T13:09:56.719Z"
"lustre","4.4.1",700,"https://hex.pm/api/packages/lustre/releases/4.4.1","2024-09-06T07:41:23.681Z","2024-09-06T07:41:21.172Z","2025-04-23T13:09:56.719Z"
"lustre","4.4.3",1402,"https://hex.pm/api/packages/lustre/releases/4.4.3","2024-09-11T21:43:45.304Z","2024-09-11T21:43:42.757Z","2025-04-23T13:09:56.719Z"
"lustre","4.4.4",456,"https://hex.pm/api/packages/lustre/releases/4.4.4","2024-09-21T17:28:58.691Z","2024-09-21T17:28:56.045Z","2025-04-23T13:09:56.719Z"
"lustre","4.5.0",896,"https://hex.pm/api/packages/lustre/releases/4.5.0","2024-09-28T00:19:57.607Z","2024-09-28T00:19:55.266Z","2025-04-23T13:09:56.719Z"
"lustre","4.5.1",11785,"https://hex.pm/api/packages/lustre/releases/4.5.1","2024-10-06T07:29:33.506Z","2024-10-06T07:29:31.158Z","2025-04-23T13:09:56.719Z"
"lustre","4.6.0",366,"https://hex.pm/api/packages/lustre/releases/4.6.0","2024-10-29T00:21:22.113Z","2024-10-29T00:21:19.224Z","2025-04-23T13:09:56.719Z"
"lustre","4.6.1",5462,"https://hex.pm/api/packages/lustre/releases/4.6.1","2024-11-01T23:23:03.732Z","2024-11-01T23:23:00.701Z","2025-04-23T13:09:56.719Z"
"lustre","4.6.2",94,"https://hex.pm/api/packages/lustre/releases/4.6.2","2024-11-25T08:54:06.642Z","2024-11-25T08:54:04.213Z","2025-04-23T13:09:56.719Z"
"lustre","4.6.3",20981,"https://hex.pm/api/packages/lustre/releases/4.6.3","2024-11-26T00:04:55.222Z","2024-11-26T00:04:52.562Z","2025-04-23T13:09:56.719Z"
"lustre","4.6.4",20494,"https://hex.pm/api/packages/lustre/releases/4.6.4","2025-02-15T15:00:17.271Z","2025-02-15T15:00:14.015Z","2025-04-23T13:09:56.719Z"
"lustre","5.0.0",38,"https://hex.pm/api/packages/lustre/releases/5.0.0","2025-04-19T13:34:14.151Z","2025-04-19T13:34:11.249Z","2025-04-23T13:09:56.719Z"
"lustre","5.0.1",76,"https://hex.pm/api/packages/lustre/releases/5.0.1","2025-04-19T15:20:21.972Z","2025-04-19T15:20:18.768Z","2025-04-23T13:09:56.719Z"
"lustre","5.0.2",201,"https://hex.pm/api/packages/lustre/releases/5.0.2","2025-04-20T08:50:41.279Z","2025-04-20T08:50:38.329Z","2025-04-23T13:09:56.719Z"
"lustre_alpine","1.0.0",12,"https://hex.pm/api/packages/lustre_alpine/releases/1.0.0","2025-02-06T22:16:51.575Z","2025-02-06T22:04:33.981Z","2025-02-10T00:25:33.139Z"
"lustre_animation","0.1.0",65,"https://hex.pm/api/packages/lustre_animation/releases/0.1.0","2023-03-22T09:17:17.698Z","2023-03-22T09:17:14.321Z","2025-04-29T13:28:36.636Z"
"lustre_animation","0.2.0",75,"https://hex.pm/api/packages/lustre_animation/releases/0.2.0","2023-03-28T07:25:44.943Z","2023-03-28T07:25:42.713Z","2025-04-29T13:28:36.636Z"
"lustre_animation","0.3.0",76,"https://hex.pm/api/packages/lustre_animation/releases/0.3.0","2023-09-13T20:04:52.757Z","2023-09-13T20:04:50.080Z","2025-04-29T13:28:36.636Z"
"lustre_animation","0.3.1",61,"https://hex.pm/api/packages/lustre_animation/releases/0.3.1","2024-01-10T07:58:25.120Z","2024-01-10T07:58:22.864Z","2025-04-29T13:28:36.636Z"
"lustre_animation","0.3.2",198,"https://hex.pm/api/packages/lustre_animation/releases/0.3.2","2024-03-14T20:07:01.986Z","2024-03-14T20:06:59.127Z","2025-04-29T13:28:36.636Z"
"lustre_animation","0.4.0",10,"https://hex.pm/api/packages/lustre_animation/releases/0.4.0","2025-04-26T12:30:25.328Z","2025-04-26T12:28:36.509Z","2025-04-29T13:28:36.636Z"
"lustre_carousel","0.1.0",12,"https://hex.pm/api/packages/lustre_carousel/releases/0.1.0","2024-06-27T05:19:55.114Z","2024-06-27T05:19:52.595Z","2024-07-02T23:27:45.057Z"
"lustre_dev_tools","1.0.0",165,"https://hex.pm/api/packages/lustre_dev_tools/releases/1.0.0","2024-03-24T20:14:35.611Z","2024-03-24T20:14:33.369Z","2025-04-22T16:32:03.141Z"
"lustre_dev_tools","1.0.1",300,"https://hex.pm/api/packages/lustre_dev_tools/releases/1.0.1","2024-03-29T20:09:09.051Z","2024-03-29T20:09:06.647Z","2025-04-22T16:32:03.141Z"
"lustre_dev_tools","1.1.0",101,"https://hex.pm/api/packages/lustre_dev_tools/releases/1.1.0","2024-04-01T17:23:43.371Z","2024-04-01T17:23:41.047Z","2025-04-22T16:32:03.141Z"
"lustre_dev_tools","1.1.1",139,"https://hex.pm/api/packages/lustre_dev_tools/releases/1.1.1","2024-04-01T17:39:14.820Z","2024-04-01T17:39:12.670Z","2025-04-22T16:32:03.141Z"
"lustre_dev_tools","1.1.2",136,"https://hex.pm/api/packages/lustre_dev_tools/releases/1.1.2","2024-04-03T15:50:02.159Z","2024-04-03T15:49:59.693Z","2025-04-22T16:32:03.141Z"
"lustre_dev_tools","1.1.3",90,"https://hex.pm/api/packages/lustre_dev_tools/releases/1.1.3","2024-04-06T09:58:58.950Z","2024-04-06T09:58:56.731Z","2025-04-22T16:32:03.141Z"
"lustre_dev_tools","1.1.4",91,"https://hex.pm/api/packages/lustre_dev_tools/releases/1.1.4","2024-04-06T10:07:02.971Z","2024-04-06T10:07:00.594Z","2025-04-22T16:32:03.141Z"
"lustre_dev_tools","1.1.5",315,"https://hex.pm/api/packages/lustre_dev_tools/releases/1.1.5","2024-04-06T10:13:16.595Z","2024-04-06T10:13:14.145Z","2025-04-22T16:32:03.141Z"
"lustre_dev_tools","1.2.0",133,"https://hex.pm/api/packages/lustre_dev_tools/releases/1.2.0","2024-04-13T15:51:39.270Z","2024-04-13T15:46:29.332Z","2025-04-22T16:32:03.141Z"
"lustre_dev_tools","1.2.1",253,"https://hex.pm/api/packages/lustre_dev_tools/releases/1.2.1","2024-04-14T19:46:11.171Z","2024-04-14T19:46:08.814Z","2025-04-22T16:32:03.141Z"
"lustre_dev_tools","1.2.2",252,"https://hex.pm/api/packages/lustre_dev_tools/releases/1.2.2","2024-04-20T23:17:04.168Z","2024-04-20T23:17:01.749Z","2025-04-22T16:32:03.141Z"
"lustre_dev_tools","1.2.3",155,"https://hex.pm/api/packages/lustre_dev_tools/releases/1.2.3","2024-05-05T04:35:32.083Z","2024-05-05T04:35:29.632Z","2025-04-22T16:32:03.141Z"
"lustre_dev_tools","1.3.0",52,"https://hex.pm/api/packages/lustre_dev_tools/releases/1.3.0","2024-05-11T22:02:03.062Z","2024-05-11T22:02:00.393Z","2025-04-22T16:32:03.141Z"
"lustre_dev_tools","1.3.1",207,"https://hex.pm/api/packages/lustre_dev_tools/releases/1.3.1","2024-05-12T10:20:46.127Z","2024-05-12T10:20:43.709Z","2025-04-22T16:32:03.141Z"
"lustre_dev_tools","1.3.2",1386,"https://hex.pm/api/packages/lustre_dev_tools/releases/1.3.2","2024-05-21T22:56:51.215Z","2024-05-21T22:56:48.649Z","2025-04-22T16:32:03.141Z"
"lustre_dev_tools","1.3.3",508,"https://hex.pm/api/packages/lustre_dev_tools/releases/1.3.3","2024-06-14T16:51:27.360Z","2024-06-14T16:51:24.738Z","2025-04-22T16:32:03.141Z"
"lustre_dev_tools","1.3.4",1864,"https://hex.pm/api/packages/lustre_dev_tools/releases/1.3.4","2024-06-19T23:02:17.043Z","2024-06-19T23:02:14.716Z","2025-04-22T16:32:03.141Z"
"lustre_dev_tools","1.4.0",48,"https://hex.pm/api/packages/lustre_dev_tools/releases/1.4.0","2024-07-20T07:55:49.828Z","2024-07-20T07:55:47.296Z","2025-04-22T16:32:03.141Z"
"lustre_dev_tools","1.4.1",289,"https://hex.pm/api/packages/lustre_dev_tools/releases/1.4.1","2024-07-20T09:10:00.038Z","2024-07-20T09:09:57.592Z","2025-04-22T16:32:03.141Z"
"lustre_dev_tools","1.4.2",574,"https://hex.pm/api/packages/lustre_dev_tools/releases/1.4.2","2024-07-22T18:10:20.318Z","2024-07-22T18:10:17.658Z","2025-04-22T16:32:03.140Z"
"lustre_dev_tools","1.5.0",263,"https://hex.pm/api/packages/lustre_dev_tools/releases/1.5.0","2024-08-02T23:01:13.993Z","2024-08-02T23:01:10.283Z","2025-04-22T16:32:03.140Z"
"lustre_dev_tools","1.5.1",38,"https://hex.pm/api/packages/lustre_dev_tools/releases/1.5.1","2024-08-05T20:38:13.605Z","2024-08-05T20:38:10.099Z","2025-04-22T16:32:03.140Z"
"lustre_dev_tools","1.5.2",859,"https://hex.pm/api/packages/lustre_dev_tools/releases/1.5.2","2024-08-05T20:55:52.907Z","2024-08-05T20:55:52.907Z","2025-04-22T16:32:03.140Z"
"lustre_dev_tools","1.5.3",757,"https://hex.pm/api/packages/lustre_dev_tools/releases/1.5.3","2024-08-21T13:44:19.110Z","2024-08-21T13:44:16.419Z","2025-04-22T16:32:03.140Z"
"lustre_dev_tools","1.5.4",1549,"https://hex.pm/api/packages/lustre_dev_tools/releases/1.5.4","2024-09-01T23:56:48.646Z","2024-09-01T23:56:45.984Z","2025-04-22T16:32:03.140Z"
"lustre_dev_tools","1.5.5",214,"https://hex.pm/api/packages/lustre_dev_tools/releases/1.5.5","2024-09-24T22:32:55.423Z","2024-09-24T22:32:52.695Z","2025-04-22T16:32:03.140Z"
"lustre_dev_tools","1.5.6",58,"https://hex.pm/api/packages/lustre_dev_tools/releases/1.5.6","2024-09-27T14:21:03.064Z","2024-09-27T14:21:00.179Z","2025-04-22T16:32:03.140Z"
"lustre_dev_tools","1.5.7",428,"https://hex.pm/api/packages/lustre_dev_tools/releases/1.5.7","2024-09-28T11:09:40.030Z","2024-09-28T11:09:37.579Z","2025-04-22T16:32:03.140Z"
"lustre_dev_tools","1.5.8",73,"https://hex.pm/api/packages/lustre_dev_tools/releases/1.5.8","2024-10-04T17:32:28.764Z","2024-10-04T17:32:25.993Z","2025-04-22T16:32:03.140Z"
"lustre_dev_tools","1.5.9",197,"https://hex.pm/api/packages/lustre_dev_tools/releases/1.5.9","2024-10-04T17:55:21.797Z","2024-10-04T17:55:19.462Z","2025-04-22T16:32:03.140Z"
"lustre_dev_tools","1.6.0",4933,"https://hex.pm/api/packages/lustre_dev_tools/releases/1.6.0","2024-10-08T11:23:04.480Z","2024-10-08T11:23:01.772Z","2025-04-22T16:32:03.140Z"
"lustre_dev_tools","1.6.2",2400,"https://hex.pm/api/packages/lustre_dev_tools/releases/1.6.2","2024-11-28T21:38:44.054Z","2024-11-28T21:38:41.386Z","2025-04-22T16:32:03.140Z"
"lustre_dev_tools","1.6.3",114,"https://hex.pm/api/packages/lustre_dev_tools/releases/1.6.3","2024-12-19T18:32:02.110Z","2024-12-19T18:31:59.348Z","2025-04-22T16:32:03.140Z"
"lustre_dev_tools","1.6.4",38,"https://hex.pm/api/packages/lustre_dev_tools/releases/1.6.4","2024-12-22T19:10:11.195Z","2024-12-22T19:10:08.449Z","2025-04-22T16:32:03.140Z"
"lustre_dev_tools","1.6.5",8936,"https://hex.pm/api/packages/lustre_dev_tools/releases/1.6.5","2024-12-22T20:11:43.601Z","2024-12-22T20:11:40.666Z","2025-04-22T16:32:03.140Z"
"lustre_dev_tools","1.7.0",866,"https://hex.pm/api/packages/lustre_dev_tools/releases/1.7.0","2025-04-03T21:40:07.227Z","2025-04-03T21:40:04.365Z","2025-04-22T16:32:03.140Z"
"lustre_dev_tools","1.7.1",176,"https://hex.pm/api/packages/lustre_dev_tools/releases/1.7.1","2025-04-19T14:29:19.222Z","2025-04-19T14:29:15.502Z","2025-04-22T16:32:03.140Z"
"lustre_hash_state","0.0.1",14,"https://hex.pm/api/packages/lustre_hash_state/releases/0.0.1","2024-06-05T00:50:14.461Z","2024-06-05T00:50:11.365Z","2024-07-02T23:44:05.958Z"
"lustre_hash_state","0.0.3",16,"https://hex.pm/api/packages/lustre_hash_state/releases/0.0.3","2024-06-05T01:02:01.508Z","2024-06-05T01:01:58.908Z","2024-07-02T23:44:05.958Z"
"lustre_hash_state","0.0.4",16,"https://hex.pm/api/packages/lustre_hash_state/releases/0.0.4","2024-06-06T00:20:20.808Z","2024-06-06T00:20:18.011Z","2024-07-02T23:44:05.958Z"
"lustre_hash_state","0.0.5",16,"https://hex.pm/api/packages/lustre_hash_state/releases/0.0.5","2024-06-06T00:24:09.455Z","2024-06-06T00:24:06.777Z","2024-07-02T23:44:05.957Z"
"lustre_hash_state","0.0.6",24,"https://hex.pm/api/packages/lustre_hash_state/releases/0.0.6","2024-06-06T01:07:51.618Z","2024-06-06T01:07:48.727Z","2024-07-02T23:44:05.957Z"
"lustre_hash_state","0.0.7",18,"https://hex.pm/api/packages/lustre_hash_state/releases/0.0.7","2024-06-06T11:48:12.598Z","2024-06-06T11:48:09.121Z","2024-07-02T23:44:05.957Z"
"lustre_hash_state","0.0.8",28,"https://hex.pm/api/packages/lustre_hash_state/releases/0.0.8","2024-06-06T12:03:27.175Z","2024-06-06T12:03:23.869Z","2024-07-02T23:44:05.957Z"
"lustre_hash_state","0.0.9",54,"https://hex.pm/api/packages/lustre_hash_state/releases/0.0.9","2024-06-07T00:52:20.468Z","2024-06-07T00:52:17.646Z","2024-07-02T23:44:05.957Z"
"lustre_http","0.1.0",85,"https://hex.pm/api/packages/lustre_http/releases/0.1.0","2023-01-09T09:58:40.280Z","2023-01-09T09:58:39.477Z","2025-04-29T13:28:39.191Z"
"lustre_http","0.1.1",92,"https://hex.pm/api/packages/lustre_http/releases/0.1.1","2023-01-09T10:15:20.542Z","2023-01-09T10:15:19.997Z","2025-04-29T13:28:39.191Z"
"lustre_http","0.1.2",99,"https://hex.pm/api/packages/lustre_http/releases/0.1.2","2023-01-31T09:25:24.968Z","2023-01-31T09:25:24.172Z","2025-04-29T13:28:39.191Z"
"lustre_http","0.2.1",78,"https://hex.pm/api/packages/lustre_http/releases/0.2.1","2023-03-04T21:53:54.180Z","2023-03-04T21:53:51.568Z","2025-04-29T13:28:39.191Z"
"lustre_http","0.3.0",84,"https://hex.pm/api/packages/lustre_http/releases/0.3.0","2023-03-22T08:22:49.603Z","2023-03-22T08:22:47.130Z","2025-04-29T13:28:39.191Z"
"lustre_http","0.4.0",88,"https://hex.pm/api/packages/lustre_http/releases/0.4.0","2023-09-13T20:02:21.787Z","2023-09-13T20:02:18.991Z","2025-04-29T13:28:39.191Z"
"lustre_http","0.4.1",72,"https://hex.pm/api/packages/lustre_http/releases/0.4.1","2024-01-09T17:17:20.873Z","2024-01-09T17:17:18.546Z","2025-04-29T13:28:39.191Z"
"lustre_http","0.5.0",152,"https://hex.pm/api/packages/lustre_http/releases/0.5.0","2024-01-28T21:28:35.435Z","2024-01-28T21:28:32.899Z","2025-04-29T13:28:39.191Z"
"lustre_http","0.5.1",105,"https://hex.pm/api/packages/lustre_http/releases/0.5.1","2024-02-17T14:25:00.626Z","2024-02-17T14:24:58.193Z","2025-04-29T13:28:39.191Z"
"lustre_http","0.5.2",5595,"https://hex.pm/api/packages/lustre_http/releases/0.5.2","2024-03-14T20:05:46.819Z","2024-03-14T20:05:44.179Z","2025-04-29T13:28:39.191Z"
"lustre_http","0.6.0",1418,"https://hex.pm/api/packages/lustre_http/releases/0.6.0","2024-11-27T19:32:25.457Z","2024-11-27T19:32:22.647Z","2025-04-29T13:28:39.191Z"
"lustre_http","0.7.0",978,"https://hex.pm/api/packages/lustre_http/releases/0.7.0","2025-02-16T07:31:15.905Z","2025-02-16T07:31:12.993Z","2025-04-29T13:28:39.191Z"
"lustre_http","0.8.0",36,"https://hex.pm/api/packages/lustre_http/releases/0.8.0","2025-04-12T17:51:27.969Z","2025-04-12T17:51:25.620Z","2025-04-29T13:28:39.191Z"
"lustre_http","0.8.1",208,"https://hex.pm/api/packages/lustre_http/releases/0.8.1","2025-04-12T20:35:06.578Z","2025-04-12T20:35:03.980Z","2025-04-29T13:28:39.191Z"
"lustre_http","0.9.0",26,"https://hex.pm/api/packages/lustre_http/releases/0.9.0","2025-04-26T11:52:03.172Z","2025-04-26T11:52:00.657Z","2025-04-29T13:28:39.191Z"
"lustre_http_lib","0.5.3",14,"https://hex.pm/api/packages/lustre_http_lib/releases/0.5.3","2024-11-17T04:10:36.808Z","2024-11-17T04:10:33.934Z","2024-11-19T14:27:50.481Z"
"lustre_hx","0.1.0",36,"https://hex.pm/api/packages/lustre_hx/releases/0.1.0","2024-06-03T09:17:39.098Z","2024-06-03T09:17:36.415Z","2025-03-04T07:22:30.971Z"
"lustre_hx","0.1.1",42,"https://hex.pm/api/packages/lustre_hx/releases/0.1.1","2024-06-03T09:25:15.664Z","2024-06-03T09:25:13.111Z","2025-03-04T07:22:30.971Z"
"lustre_hx","0.1.10",40,"https://hex.pm/api/packages/lustre_hx/releases/0.1.10","2024-06-04T15:24:32.524Z","2024-06-04T15:24:30.010Z","2025-03-04T07:22:30.970Z"
"lustre_hx","0.1.11",40,"https://hex.pm/api/packages/lustre_hx/releases/0.1.11","2024-06-04T19:12:22.518Z","2024-06-04T19:12:19.654Z","2025-03-04T07:22:30.970Z"
"lustre_hx","0.1.12",42,"https://hex.pm/api/packages/lustre_hx/releases/0.1.12","2024-06-04T19:50:32.398Z","2024-06-04T19:50:29.222Z","2025-03-04T07:22:30.970Z"
"lustre_hx","0.1.13",454,"https://hex.pm/api/packages/lustre_hx/releases/0.1.13","2025-03-01T12:07:53.865Z","2024-06-04T20:04:10.786Z","2025-03-04T07:22:30.970Z"
"lustre_hx","0.1.3",42,"https://hex.pm/api/packages/lustre_hx/releases/0.1.3","2024-06-03T10:42:53.207Z","2024-06-03T10:42:50.476Z","2025-03-04T07:22:30.971Z"
"lustre_hx","0.1.4",38,"https://hex.pm/api/packages/lustre_hx/releases/0.1.4","2024-06-03T13:18:31.842Z","2024-06-03T13:18:28.893Z","2025-03-04T07:22:30.971Z"
"lustre_hx","0.1.6",42,"https://hex.pm/api/packages/lustre_hx/releases/0.1.6","2024-06-03T13:32:20.119Z","2024-06-03T13:32:17.385Z","2025-03-04T07:22:30.971Z"
"lustre_hx","0.1.7",40,"https://hex.pm/api/packages/lustre_hx/releases/0.1.7","2024-06-03T15:11:53.939Z","2024-06-03T15:11:51.082Z","2025-03-04T07:22:30.970Z"
"lustre_hx","0.1.8",40,"https://hex.pm/api/packages/lustre_hx/releases/0.1.8","2024-06-03T16:57:08.814Z","2024-06-03T16:57:06.160Z","2025-03-04T07:22:30.970Z"
"lustre_hx","0.1.9",40,"https://hex.pm/api/packages/lustre_hx/releases/0.1.9","2024-06-03T17:42:04.382Z","2024-06-03T17:42:01.894Z","2025-03-04T07:22:30.970Z"
"lustre_limiter","1.0.0",8,"https://hex.pm/api/packages/lustre_limiter/releases/1.0.0","2024-07-30T11:42:01.534Z","2024-07-30T11:25:44.271Z","2024-08-01T12:17:32.345Z"
"lustre_limiter","1.0.1",8,"https://hex.pm/api/packages/lustre_limiter/releases/1.0.1","2024-07-30T11:52:52.300Z","2024-07-30T11:52:49.866Z","2024-08-01T12:17:32.345Z"
"lustre_omnistate","0.0.1",18,"https://hex.pm/api/packages/lustre_omnistate/releases/0.0.1","2024-11-10T13:56:19.835Z","2024-11-10T13:52:31.987Z","2024-11-22T04:01:16.310Z"
"lustre_omnistate","0.0.2",20,"https://hex.pm/api/packages/lustre_omnistate/releases/0.0.2","2024-11-10T14:01:58.007Z","2024-11-10T14:01:54.158Z","2024-11-22T04:01:16.310Z"
"lustre_omnistate","0.0.3",18,"https://hex.pm/api/packages/lustre_omnistate/releases/0.0.3","2024-11-19T22:20:29.394Z","2024-11-10T14:05:29.252Z","2024-11-22T04:01:16.310Z"
"lustre_pipes","0.0.1",24,"https://hex.pm/api/packages/lustre_pipes/releases/0.0.1","2024-11-15T01:05:53.605Z","2024-11-15T01:05:50.408Z","2024-11-26T10:33:25.955Z"
"lustre_pipes","0.2.0",20,"https://hex.pm/api/packages/lustre_pipes/releases/0.2.0","2024-11-22T18:04:04.065Z","2024-11-22T18:04:01.019Z","2024-11-26T10:33:25.955Z"
"lustre_routed","0.1.0",48,"https://hex.pm/api/packages/lustre_routed/releases/0.1.0","2024-03-19T02:47:02.960Z","2024-03-19T01:56:41.680Z","2024-07-03T00:21:44.960Z"
"lustre_routed","0.1.1",50,"https://hex.pm/api/packages/lustre_routed/releases/0.1.1","2024-03-19T14:01:50.018Z","2024-03-19T14:01:47.784Z","2024-07-03T00:21:44.960Z"
"lustre_routed","0.2.0",63,"https://hex.pm/api/packages/lustre_routed/releases/0.2.0","2024-03-21T12:16:55.610Z","2024-03-21T12:16:53.323Z","2024-07-03T00:21:44.960Z"
"lustre_ssg","0.1.0",123,"https://hex.pm/api/packages/lustre_ssg/releases/0.1.0","2023-09-18T20:51:56.868Z","2023-09-18T20:51:54.577Z","2025-04-29T13:28:25.731Z"
"lustre_ssg","0.10.0",134,"https://hex.pm/api/packages/lustre_ssg/releases/0.10.0","2025-03-09T18:45:00.528Z","2025-03-09T18:44:57.764Z","2025-04-29T13:28:25.731Z"
"lustre_ssg","0.11.0",36,"https://hex.pm/api/packages/lustre_ssg/releases/0.11.0","2025-04-26T20:10:40.685Z","2025-04-26T20:10:38.056Z","2025-04-29T13:28:25.730Z"
"lustre_ssg","0.2.0",486,"https://hex.pm/api/packages/lustre_ssg/releases/0.2.0","2023-09-19T21:28:17.598Z","2023-09-19T21:28:15.025Z","2025-04-29T13:28:25.731Z"
"lustre_ssg","0.2.1",112,"https://hex.pm/api/packages/lustre_ssg/releases/0.2.1","2023-12-06T20:48:01.738Z","2023-12-06T20:47:59.634Z","2025-04-29T13:28:25.731Z"
"lustre_ssg","0.3.0",109,"https://hex.pm/api/packages/lustre_ssg/releases/0.3.0","2023-12-22T01:05:13.698Z","2023-12-22T01:05:11.537Z","2025-04-29T13:28:25.731Z"
"lustre_ssg","0.3.1",102,"https://hex.pm/api/packages/lustre_ssg/releases/0.3.1","2024-01-05T22:01:26.212Z","2024-01-05T22:01:23.286Z","2025-04-29T13:28:25.731Z"
"lustre_ssg","0.3.2",138,"https://hex.pm/api/packages/lustre_ssg/releases/0.3.2","2024-01-05T22:08:23.457Z","2024-01-05T22:08:21.317Z","2025-04-29T13:28:25.731Z"
"lustre_ssg","0.4.0",178,"https://hex.pm/api/packages/lustre_ssg/releases/0.4.0","2024-01-14T18:30:19.553Z","2024-01-14T18:30:17.157Z","2025-04-29T13:28:25.731Z"
"lustre_ssg","0.5.0",142,"https://hex.pm/api/packages/lustre_ssg/releases/0.5.0","2024-03-27T21:57:05.834Z","2024-03-27T21:57:03.681Z","2025-04-29T13:28:25.731Z"
"lustre_ssg","0.6.0",100,"https://hex.pm/api/packages/lustre_ssg/releases/0.6.0","2024-04-20T21:48:38.174Z","2024-04-20T21:48:35.954Z","2025-04-29T13:28:25.731Z"
"lustre_ssg","0.6.1",127,"https://hex.pm/api/packages/lustre_ssg/releases/0.6.1","2024-04-21T07:52:31.687Z","2024-04-21T07:52:29.389Z","2025-04-29T13:28:25.731Z"
"lustre_ssg","0.7.0",127,"https://hex.pm/api/packages/lustre_ssg/releases/0.7.0","2024-05-21T23:49:21.889Z","2024-05-21T23:49:19.307Z","2025-04-29T13:28:25.731Z"
"lustre_ssg","0.8.0",546,"https://hex.pm/api/packages/lustre_ssg/releases/0.8.0","2024-06-14T20:25:37.683Z","2024-06-14T20:25:35.228Z","2025-04-29T13:28:25.731Z"
"lustre_ssg","0.8.1",76,"https://hex.pm/api/packages/lustre_ssg/releases/0.8.1","2024-08-22T20:18:35.215Z","2024-08-22T20:18:32.814Z","2025-04-29T13:28:25.731Z"
"lustre_ssg","0.8.2",78,"https://hex.pm/api/packages/lustre_ssg/releases/0.8.2","2024-08-30T08:44:47.601Z","2024-08-30T08:44:45.122Z","2025-04-29T13:28:25.731Z"
"lustre_ssg","0.8.3",662,"https://hex.pm/api/packages/lustre_ssg/releases/0.8.3","2024-09-01T18:48:52.971Z","2024-09-01T18:48:50.588Z","2025-04-29T13:28:25.731Z"
"lustre_ssg","0.9.0",173,"https://hex.pm/api/packages/lustre_ssg/releases/0.9.0","2025-01-05T06:27:28.227Z","2025-01-05T06:27:25.530Z","2025-04-29T13:28:25.731Z"
"lustre_tauri","1.0.0",13,"https://hex.pm/api/packages/lustre_tauri/releases/1.0.0","2024-11-10T10:03:44.512Z","2024-11-10T09:33:30.468Z","2024-11-12T18:23:16.407Z"
"lustre_touch_events","1.0.0",22,"https://hex.pm/api/packages/lustre_touch_events/releases/1.0.0","2025-03-31T12:28:02.677Z","2025-03-31T12:28:00.167Z","2025-04-27T20:15:39.152Z"
"lustre_touch_events","1.1.0",24,"https://hex.pm/api/packages/lustre_touch_events/releases/1.1.0","2025-04-04T14:18:50.485Z","2025-04-04T14:18:48.011Z","2025-04-27T20:15:39.152Z"
"lustre_touch_events","2.0.0",14,"https://hex.pm/api/packages/lustre_touch_events/releases/2.0.0","2025-04-24T09:04:59.512Z","2025-04-24T09:04:56.973Z","2025-04-27T20:15:39.151Z"
"lustre_transition","0.1.0",8,"https://hex.pm/api/packages/lustre_transition/releases/0.1.0","2024-06-23T23:57:32.321Z","2024-06-23T10:48:28.026Z","2024-07-02T23:31:13.655Z"
"lustre_transition","0.2.0",38,"https://hex.pm/api/packages/lustre_transition/releases/0.2.0","2024-06-24T00:39:06.879Z","2024-06-24T00:39:03.753Z","2024-07-02T23:31:13.655Z"
"lustre_ui","0.1.0",102,"https://hex.pm/api/packages/lustre_ui/releases/0.1.0","2023-11-11T18:30:49.193Z","2023-11-11T18:30:47.035Z","2024-12-11T20:07:15.364Z"
"lustre_ui","0.2.0",63,"https://hex.pm/api/packages/lustre_ui/releases/0.2.0","2023-12-06T22:48:46.113Z","2023-12-06T22:48:43.970Z","2024-12-11T20:07:15.364Z"
"lustre_ui","0.2.1",71,"https://hex.pm/api/packages/lustre_ui/releases/0.2.1","2023-12-22T11:34:49.510Z","2023-12-22T11:34:47.245Z","2024-12-11T20:07:15.364Z"
"lustre_ui","0.2.2",101,"https://hex.pm/api/packages/lustre_ui/releases/0.2.2","2023-12-28T01:11:41.319Z","2023-12-28T01:11:38.829Z","2024-12-11T20:07:15.364Z"
"lustre_ui","0.3.0",185,"https://hex.pm/api/packages/lustre_ui/releases/0.3.0","2024-01-06T23:02:58.644Z","2024-01-06T23:02:56.319Z","2024-12-11T20:07:15.364Z"
"lustre_ui","0.4.0",566,"https://hex.pm/api/packages/lustre_ui/releases/0.4.0","2024-02-29T11:20:09.391Z","2024-02-29T11:20:06.924Z","2024-12-11T20:07:15.364Z"
"lustre_ui","0.5.0",184,"https://hex.pm/api/packages/lustre_ui/releases/0.5.0","2024-03-24T06:30:04.759Z","2024-03-24T06:30:02.106Z","2024-12-11T20:07:15.364Z"
"lustre_ui","0.6.0",3607,"https://hex.pm/api/packages/lustre_ui/releases/0.6.0","2024-04-01T08:45:22.777Z","2024-04-01T08:45:20.579Z","2024-12-11T20:07:15.364Z"
"lustre_ui","1.0.0-rc.1",20,"https://hex.pm/api/packages/lustre_ui/releases/1.0.0-rc.1","2024-12-08T22:41:27.340Z","2024-12-08T22:41:24.466Z","2024-12-11T20:07:15.364Z"
"lustre_virtual_list","0.1.0",61,"https://hex.pm/api/packages/lustre_virtual_list/releases/0.1.0","2023-10-14T21:46:13.815Z","2023-10-14T13:48:05.902Z","2024-10-31T09:02:37.893Z"
"lustre_virtual_list","1.0.0",10,"https://hex.pm/api/packages/lustre_virtual_list/releases/1.0.0","2024-10-29T00:00:30.084Z","2024-10-29T00:00:26.928Z","2024-10-31T09:02:37.893Z"
"lustre_websocket","0.5.0",88,"https://hex.pm/api/packages/lustre_websocket/releases/0.5.0","2023-01-30T12:59:39.164Z","2023-01-30T12:59:38.358Z","2025-04-29T13:28:40.500Z"
"lustre_websocket","0.5.1",87,"https://hex.pm/api/packages/lustre_websocket/releases/0.5.1","2023-03-04T22:01:57.594Z","2023-03-04T22:01:55.099Z","2025-04-29T13:28:40.499Z"
"lustre_websocket","0.6.0",76,"https://hex.pm/api/packages/lustre_websocket/releases/0.6.0","2023-03-22T08:18:30.455Z","2023-03-22T08:18:28.125Z","2025-04-29T13:28:40.499Z"
"lustre_websocket","0.7.0",81,"https://hex.pm/api/packages/lustre_websocket/releases/0.7.0","2023-09-13T20:03:25.755Z","2023-09-13T20:03:23.048Z","2025-04-29T13:28:40.499Z"
"lustre_websocket","0.7.2",61,"https://hex.pm/api/packages/lustre_websocket/releases/0.7.2","2024-01-09T17:12:43.506Z","2024-01-09T17:12:41.114Z","2025-04-29T13:28:40.499Z"
"lustre_websocket","0.7.3",59,"https://hex.pm/api/packages/lustre_websocket/releases/0.7.3","2024-01-20T21:09:22.900Z","2024-01-20T21:09:20.455Z","2025-04-29T13:28:40.499Z"
"lustre_websocket","0.7.4",65,"https://hex.pm/api/packages/lustre_websocket/releases/0.7.4","2024-01-20T21:54:08.958Z","2024-01-20T21:54:06.618Z","2025-04-29T13:28:40.499Z"
"lustre_websocket","0.7.5",91,"https://hex.pm/api/packages/lustre_websocket/releases/0.7.5","2024-02-01T10:41:37.203Z","2024-02-01T10:41:34.708Z","2025-04-29T13:28:40.499Z"
"lustre_websocket","0.7.6",747,"https://hex.pm/api/packages/lustre_websocket/releases/0.7.6","2024-03-14T20:10:13.203Z","2024-03-14T20:06:16.575Z","2025-04-29T13:28:40.499Z"
"lustre_websocket","0.8.0",48,"https://hex.pm/api/packages/lustre_websocket/releases/0.8.0","2025-04-12T17:48:58.672Z","2025-04-12T17:48:56.079Z","2025-04-29T13:28:40.499Z"
"lustre_websocket","0.9.0",14,"https://hex.pm/api/packages/lustre_websocket/releases/0.9.0","2025-04-26T11:46:08.572Z","2025-04-26T11:46:06.034Z","2025-04-29T13:28:40.499Z"
"lww_register","1.0.0",12,"https://hex.pm/api/packages/lww_register/releases/1.0.0","2024-11-10T22:39:18.506Z","2024-11-10T22:39:15.853Z","2024-11-13T14:54:07.877Z"
"lww_register","1.1.0",12,"https://hex.pm/api/packages/lww_register/releases/1.1.0","2024-11-10T22:52:00.429Z","2024-11-10T22:51:57.777Z","2024-11-13T14:54:07.877Z"
"lzf_gleam","1.0.2",12,"https://hex.pm/api/packages/lzf_gleam/releases/1.0.2","2024-06-01T11:52:01.903Z","2024-06-01T11:51:58.892Z","2024-07-02T23:47:23.355Z"
"lzf_gleam","1.0.3",12,"https://hex.pm/api/packages/lzf_gleam/releases/1.0.3","2024-06-01T12:12:12.372Z","2024-06-01T12:12:09.212Z","2024-07-02T23:47:23.355Z"
"lzf_gleam","1.0.5",12,"https://hex.pm/api/packages/lzf_gleam/releases/1.0.5","2024-06-01T12:32:00.636Z","2024-06-01T12:31:57.302Z","2024-07-02T23:47:23.355Z"
"lzf_gleam","1.0.6",14,"https://hex.pm/api/packages/lzf_gleam/releases/1.0.6","2024-06-01T12:43:54.428Z","2024-06-01T12:43:50.535Z","2024-07-02T23:47:23.355Z"
"lzf_gleam","1.0.7",28,"https://hex.pm/api/packages/lzf_gleam/releases/1.0.7","2024-06-02T01:08:54.784Z","2024-06-02T01:08:51.490Z","2024-07-02T23:47:23.355Z"
"mapped","1.0.0",8,"https://hex.pm/api/packages/mapped/releases/1.0.0","2025-02-05T14:27:05.758Z","2025-02-05T14:27:01.633Z","2025-02-07T00:27:26.380Z"
"marceau","1.0.0",50,"https://hex.pm/api/packages/marceau/releases/1.0.0","2023-10-22T21:05:38.727Z","2023-10-22T21:00:43.588Z","2024-10-21T13:09:51.665Z"
"marceau","1.1.0",6665,"https://hex.pm/api/packages/marceau/releases/1.1.0","2023-10-23T09:27:33.954Z","2023-10-23T09:27:31.599Z","2024-10-21T13:09:51.665Z"
"marceau","1.2.0",26816,"https://hex.pm/api/packages/marceau/releases/1.2.0","2024-06-05T09:57:59.449Z","2024-06-05T09:57:56.795Z","2024-10-21T13:09:51.665Z"
"marceau","1.3.0",225,"https://hex.pm/api/packages/marceau/releases/1.3.0","2024-10-18T20:51:46.974Z","2024-10-18T20:51:44.324Z","2024-10-21T13:09:51.665Z"
"mat","1.0.0",18,"https://hex.pm/api/packages/mat/releases/1.0.0","2024-07-08T18:26:24.335Z","2024-07-08T18:26:21.784Z","2024-07-11T05:38:20.649Z"
"meadow","1.0.0",19,"https://hex.pm/api/packages/meadow/releases/1.0.0","2024-05-06T18:54:55.450Z","2024-05-06T18:50:52.267Z","2024-07-02T23:56:37.736Z"
"meadow","1.0.1",19,"https://hex.pm/api/packages/meadow/releases/1.0.1","2024-05-12T11:07:55.042Z","2024-05-12T11:07:52.473Z","2024-07-02T23:56:37.735Z"
"melon","0.1.0",20,"https://hex.pm/api/packages/melon/releases/0.1.0","2024-07-23T19:31:15.310Z","2024-07-23T19:31:12.979Z","2024-10-20T06:25:39.068Z"
"melon","0.2.0",24,"https://hex.pm/api/packages/melon/releases/0.2.0","2024-07-26T19:03:55.553Z","2024-07-26T19:03:53.289Z","2024-10-20T06:25:39.068Z"
"melon","0.3.0",22,"https://hex.pm/api/packages/melon/releases/0.3.0","2024-07-28T15:08:45.140Z","2024-07-28T15:08:42.486Z","2024-10-20T06:25:39.068Z"
"melon","0.4.0",22,"https://hex.pm/api/packages/melon/releases/0.4.0","2024-08-02T16:47:02.206Z","2024-08-02T16:46:59.586Z","2024-10-20T06:25:39.068Z"
"melon","0.4.1",12,"https://hex.pm/api/packages/melon/releases/0.4.1","2024-10-17T19:11:39.565Z","2024-10-17T19:11:37.206Z","2024-10-20T06:25:39.068Z"
"messua","0.1.0",28,"https://hex.pm/api/packages/messua/releases/0.1.0","2024-11-10T01:55:49.866Z","2024-11-10T01:41:25.905Z","2025-04-16T05:53:40.894Z"
"messua","0.1.1",30,"https://hex.pm/api/packages/messua/releases/0.1.1","2024-11-12T03:32:35.171Z","2024-11-12T03:32:32.383Z","2025-04-16T05:53:40.894Z"
"messua","0.1.2",30,"https://hex.pm/api/packages/messua/releases/0.1.2","2024-11-13T03:46:59.905Z","2024-11-13T03:46:57.116Z","2025-04-16T05:53:40.894Z"
"messua","0.1.3",28,"https://hex.pm/api/packages/messua/releases/0.1.3","2024-11-18T01:15:28.914Z","2024-11-18T01:15:26.274Z","2025-04-16T05:53:40.894Z"
"messua","0.2.0",28,"https://hex.pm/api/packages/messua/releases/0.2.0","2024-11-22T21:04:06.283Z","2024-11-22T19:51:37.457Z","2025-04-16T05:53:40.894Z"
"messua","0.2.1",63,"https://hex.pm/api/packages/messua/releases/0.2.1","2024-11-22T21:02:02.352Z","2024-11-22T21:01:59.533Z","2025-04-16T05:53:40.894Z"
"messua","1.0.0",24,"https://hex.pm/api/packages/messua/releases/1.0.0","2025-03-25T15:30:13.932Z","2025-03-25T15:30:10.852Z","2025-04-16T05:53:40.894Z"
"messua","1.1.0",16,"https://hex.pm/api/packages/messua/releases/1.1.0","2025-04-13T19:24:21.421Z","2025-04-13T19:24:17.945Z","2025-04-16T05:53:40.894Z"
"midas","0.3.0",43,"https://hex.pm/api/packages/midas/releases/0.3.0","2024-06-11T07:41:59.603Z","2024-06-11T07:41:56.971Z","2024-12-22T23:13:00.416Z"
"midas","0.4.0",40,"https://hex.pm/api/packages/midas/releases/0.4.0","2024-06-11T08:50:31.585Z","2024-06-11T08:50:28.874Z","2024-12-22T23:13:00.416Z"
"midas","0.4.1",46,"https://hex.pm/api/packages/midas/releases/0.4.1","2024-06-13T08:15:55.257Z","2024-06-13T08:15:51.986Z","2024-12-22T23:13:00.416Z"
"midas","0.4.2",46,"https://hex.pm/api/packages/midas/releases/0.4.2","2024-06-13T15:00:27.891Z","2024-06-13T15:00:24.886Z","2024-12-22T23:13:00.416Z"
"midas","0.4.3",41,"https://hex.pm/api/packages/midas/releases/0.4.3","2024-07-09T07:18:29.264Z","2024-07-09T07:18:26.315Z","2024-12-22T23:13:00.416Z"
"midas","0.4.4",39,"https://hex.pm/api/packages/midas/releases/0.4.4","2024-07-15T06:51:07.184Z","2024-07-15T06:51:04.525Z","2024-12-22T23:13:00.416Z"
"midas","0.4.5",35,"https://hex.pm/api/packages/midas/releases/0.4.5","2024-08-09T09:40:35.296Z","2024-08-09T09:40:32.633Z","2024-12-22T23:13:00.416Z"
"midas","0.4.6",37,"https://hex.pm/api/packages/midas/releases/0.4.6","2024-08-22T12:37:15.174Z","2024-08-22T12:37:12.221Z","2024-12-22T23:13:00.416Z"
"midas","0.4.7",28,"https://hex.pm/api/packages/midas/releases/0.4.7","2024-09-25T09:55:50.586Z","2024-09-25T09:55:47.865Z","2024-12-22T23:13:00.416Z"
"midas","1.0.0",118,"https://hex.pm/api/packages/midas/releases/1.0.0","2024-09-26T12:43:06.857Z","2024-09-26T12:43:04.015Z","2024-12-22T23:13:00.416Z"
"midas","1.1.0",24,"https://hex.pm/api/packages/midas/releases/1.1.0","2024-11-15T09:08:04.631Z","2024-11-15T09:08:01.653Z","2024-12-22T23:13:00.416Z"
"midas","1.2.0",32,"https://hex.pm/api/packages/midas/releases/1.2.0","2024-11-15T13:11:21.140Z","2024-11-15T13:11:18.256Z","2024-12-22T23:13:00.416Z"
"midas","1.3.0",24,"https://hex.pm/api/packages/midas/releases/1.3.0","2024-11-24T13:15:22.509Z","2024-11-24T13:15:19.703Z","2024-12-22T23:13:00.416Z"
"midas","1.4.0",28,"https://hex.pm/api/packages/midas/releases/1.4.0","2024-11-26T05:09:08.881Z","2024-11-26T05:09:06.067Z","2024-12-22T23:13:00.416Z"
"midas","1.4.1",16,"https://hex.pm/api/packages/midas/releases/1.4.1","2024-12-20T09:28:40.208Z","2024-12-20T09:28:37.071Z","2024-12-22T23:13:00.416Z"
"midas_browser","0.1.0",26,"https://hex.pm/api/packages/midas_browser/releases/0.1.0","2024-09-26T12:15:18.292Z","2024-09-26T12:15:15.079Z","2025-02-21T13:58:49.084Z"
"midas_browser","0.1.1",36,"https://hex.pm/api/packages/midas_browser/releases/0.1.1","2024-09-26T12:46:23.529Z","2024-09-26T12:46:20.927Z","2025-02-21T13:58:49.084Z"
"midas_browser","0.1.2",51,"https://hex.pm/api/packages/midas_browser/releases/0.1.2","2024-10-30T05:49:17.021Z","2024-10-30T05:49:14.088Z","2025-02-21T13:58:49.084Z"
"midas_browser","0.1.3",20,"https://hex.pm/api/packages/midas_browser/releases/0.1.3","2025-02-11T17:11:49.857Z","2025-02-11T17:11:44.986Z","2025-02-21T13:58:49.084Z"
"midas_browser","0.1.4",16,"https://hex.pm/api/packages/midas_browser/releases/0.1.4","2025-02-18T20:47:13.775Z","2025-02-18T20:47:08.743Z","2025-02-21T13:58:49.084Z"
"midas_node","1.0.0",30,"https://hex.pm/api/packages/midas_node/releases/1.0.0","2024-11-15T08:49:19.932Z","2024-11-15T08:49:17.099Z","2025-04-29T13:28:24.276Z"
"midas_node","1.1.0",32,"https://hex.pm/api/packages/midas_node/releases/1.1.0","2024-11-15T13:58:28.372Z","2024-11-15T13:58:24.518Z","2025-04-29T13:28:24.276Z"
"midas_node","1.2.0",38,"https://hex.pm/api/packages/midas_node/releases/1.2.0","2024-11-18T13:11:54.912Z","2024-11-18T13:11:52.029Z","2025-04-29T13:28:24.276Z"
"midas_node","1.2.1",38,"https://hex.pm/api/packages/midas_node/releases/1.2.1","2024-12-13T12:46:46.537Z","2024-12-13T12:46:43.554Z","2025-04-29T13:28:24.276Z"
"midas_node","1.2.2",34,"https://hex.pm/api/packages/midas_node/releases/1.2.2","2024-12-20T09:34:29.358Z","2024-12-20T09:34:26.487Z","2025-04-29T13:28:24.276Z"
"midas_node","1.2.3",63,"https://hex.pm/api/packages/midas_node/releases/1.2.3","2024-12-23T14:42:08.077Z","2024-12-23T14:42:04.424Z","2025-04-29T13:28:24.276Z"
"midas_node","1.2.4",35,"https://hex.pm/api/packages/midas_node/releases/1.2.4","2025-02-25T15:35:52.841Z","2025-02-25T15:35:48.310Z","2025-04-29T13:28:24.276Z"
"midas_node","1.2.5",56,"https://hex.pm/api/packages/midas_node/releases/1.2.5","2025-02-26T16:30:46.317Z","2025-02-26T16:30:42.272Z","2025-04-29T13:28:24.276Z"
"midas_node","1.2.6",14,"https://hex.pm/api/packages/midas_node/releases/1.2.6","2025-04-26T20:27:25.746Z","2025-04-26T20:27:21.504Z","2025-04-29T13:28:24.275Z"
"midas_sdk","0.1.0",28,"https://hex.pm/api/packages/midas_sdk/releases/0.1.0","2024-09-26T12:52:19.062Z","2024-09-26T12:52:15.429Z","2024-12-22T23:12:53.878Z"
"midas_sdk","0.1.1",28,"https://hex.pm/api/packages/midas_sdk/releases/0.1.1","2024-09-29T13:11:54.830Z","2024-09-29T13:11:51.847Z","2024-12-22T23:12:53.878Z"
"midas_sdk","0.1.2",28,"https://hex.pm/api/packages/midas_sdk/releases/0.1.2","2024-09-30T08:21:25.571Z","2024-09-30T08:21:22.744Z","2024-12-22T23:12:53.878Z"
"midas_sdk","0.1.3",32,"https://hex.pm/api/packages/midas_sdk/releases/0.1.3","2024-10-01T07:46:49.220Z","2024-10-01T07:46:45.458Z","2024-12-22T23:12:53.878Z"
"midas_sdk","0.1.4",56,"https://hex.pm/api/packages/midas_sdk/releases/0.1.4","2024-11-03T15:26:07.532Z","2024-11-03T15:26:04.785Z","2024-12-22T23:12:53.878Z"
"midas_sdk","0.1.5",46,"https://hex.pm/api/packages/midas_sdk/releases/0.1.5","2024-11-04T11:07:43.759Z","2024-11-04T11:07:40.904Z","2024-12-22T23:12:53.878Z"
"midas_sdk","0.2.0",26,"https://hex.pm/api/packages/midas_sdk/releases/0.2.0","2024-11-06T13:10:25.815Z","2024-11-06T13:10:22.904Z","2024-12-22T23:12:53.878Z"
"midas_sdk","0.3.0",22,"https://hex.pm/api/packages/midas_sdk/releases/0.3.0","2024-11-11T10:03:37.321Z","2024-11-11T10:03:33.313Z","2024-12-22T23:12:53.878Z"
"midas_sdk","0.3.1",22,"https://hex.pm/api/packages/midas_sdk/releases/0.3.1","2024-11-11T12:42:40.160Z","2024-11-11T12:42:37.299Z","2024-12-22T23:12:53.878Z"
"midas_sdk","0.4.0",22,"https://hex.pm/api/packages/midas_sdk/releases/0.4.0","2024-11-24T15:08:27.404Z","2024-11-24T14:58:54.666Z","2024-12-22T23:12:53.878Z"
"midas_sdk","0.4.1",24,"https://hex.pm/api/packages/midas_sdk/releases/0.4.1","2024-12-05T13:35:06.623Z","2024-12-05T13:35:03.247Z","2024-12-22T23:12:53.878Z"
"midas_sdk","0.4.2",14,"https://hex.pm/api/packages/midas_sdk/releases/0.4.2","2024-12-20T10:27:06.813Z","2024-12-20T10:27:02.856Z","2024-12-22T23:12:53.878Z"
"migrant","0.1.0",58,"https://hex.pm/api/packages/migrant/releases/0.1.0","2023-10-21T21:36:00.735Z","2023-10-21T21:35:58.344Z","2024-07-03T00:42:28.956Z"
"migrant","0.1.1",111,"https://hex.pm/api/packages/migrant/releases/0.1.1","2023-10-22T15:01:44.307Z","2023-10-22T15:01:41.787Z","2024-07-03T00:42:28.956Z"
"migrant","0.1.2",33,"https://hex.pm/api/packages/migrant/releases/0.1.2","2023-12-12T11:09:10.124Z","2023-12-12T11:09:06.073Z","2024-07-03T00:42:28.956Z"
"migrant","0.1.21",42,"https://hex.pm/api/packages/migrant/releases/0.1.21","2023-12-12T11:13:15.414Z","2023-12-12T11:13:12.808Z","2024-07-03T00:42:28.956Z"
"migrant","0.2.0",83,"https://hex.pm/api/packages/migrant/releases/0.2.0","2024-01-17T23:02:07.632Z","2024-01-17T23:02:05.153Z","2024-07-03T00:42:28.956Z"
"migrant","0.2.1",25,"https://hex.pm/api/packages/migrant/releases/0.2.1","2024-02-19T12:40:23.552Z","2024-02-19T12:40:21.593Z","2024-07-03T00:42:28.956Z"
"migrant","0.2.2",77,"https://hex.pm/api/packages/migrant/releases/0.2.2","2024-02-19T16:24:09.392Z","2024-02-19T16:24:07.192Z","2024-07-03T00:42:28.956Z"
"mineflayer","0.1.0",48,"https://hex.pm/api/packages/mineflayer/releases/0.1.0","2024-01-26T18:08:45.349Z","2024-01-26T18:08:42.886Z","2024-07-03T00:48:52.105Z"
"minigen","0.0.3",147,"https://hex.pm/api/packages/minigen/releases/0.0.3","2022-05-13T15:30:56.114Z","2022-05-13T15:30:52.635Z","2024-09-28T01:42:17.080Z"
"minigen","0.0.3-rc.1",86,"https://hex.pm/api/packages/minigen/releases/0.0.3-rc.1","2022-05-13T15:23:22.141Z","2022-05-13T15:23:18.819Z","2024-09-28T01:42:17.080Z"
"minigen","0.1.0",119,"https://hex.pm/api/packages/minigen/releases/0.1.0","2023-11-10T10:38:29.983Z","2023-11-10T10:38:27.150Z","2024-09-28T01:42:17.080Z"
"minigen","0.1.0-rc.1",54,"https://hex.pm/api/packages/minigen/releases/0.1.0-rc.1","2023-11-10T10:31:05.367Z","2023-11-10T10:31:02.632Z","2024-09-28T01:42:17.080Z"
"minigen","0.1.1",52,"https://hex.pm/api/packages/minigen/releases/0.1.1","2024-09-26T06:10:45.219Z","2024-09-26T06:10:42.393Z","2024-09-28T01:42:17.080Z"
"mist","0.1.3",90,"https://hex.pm/api/packages/mist/releases/0.1.3","2022-04-19T15:47:43.859Z","2022-04-19T15:47:40.568Z","2025-03-02T03:54:57.426Z"
"mist","0.10.0",241,"https://hex.pm/api/packages/mist/releases/0.10.0","2023-03-31T02:38:15.141Z","2023-03-31T02:38:12.928Z","2025-03-02T03:54:57.425Z"
"mist","0.11.0",731,"https://hex.pm/api/packages/mist/releases/0.11.0","2023-04-24T18:09:06.346Z","2023-04-24T18:09:04.015Z","2025-03-02T03:54:57.425Z"
"mist","0.12.0",199,"https://hex.pm/api/packages/mist/releases/0.12.0","2023-07-09T16:28:44.390Z","2023-07-09T16:28:42.171Z","2025-03-02T03:54:57.425Z"
"mist","0.13.0",113,"https://hex.pm/api/packages/mist/releases/0.13.0","2023-08-01T19:37:23.249Z","2023-08-01T19:37:20.912Z","2025-03-02T03:54:57.425Z"
"mist","0.13.1",269,"https://hex.pm/api/packages/mist/releases/0.13.1","2023-08-04T16:07:34.745Z","2023-08-04T16:07:32.141Z","2025-03-02T03:54:57.425Z"
"mist","0.13.2",364,"https://hex.pm/api/packages/mist/releases/0.13.2","2023-08-31T14:15:58.443Z","2023-08-31T14:15:56.233Z","2025-03-02T03:54:57.425Z"
"mist","0.14.0",392,"https://hex.pm/api/packages/mist/releases/0.14.0","2023-10-13T17:07:58.547Z","2023-10-13T17:07:56.024Z","2025-03-02T03:54:57.425Z"
"mist","0.14.1",67,"https://hex.pm/api/packages/mist/releases/0.14.1","2023-11-12T15:09:54.643Z","2023-11-12T15:09:52.690Z","2025-03-02T03:54:57.425Z"
"mist","0.14.2",115,"https://hex.pm/api/packages/mist/releases/0.14.2","2023-11-12T15:31:47.186Z","2023-11-12T15:31:45.139Z","2025-03-02T03:54:57.425Z"
"mist","0.14.3",329,"https://hex.pm/api/packages/mist/releases/0.14.3","2023-11-16T02:29:21.056Z","2023-11-16T02:29:18.746Z","2025-03-02T03:54:57.425Z"
"mist","0.15.0",477,"https://hex.pm/api/packages/mist/releases/0.15.0","2023-12-04T21:54:12.337Z","2023-12-04T21:54:10.042Z","2025-03-02T03:54:57.425Z"
"mist","0.17.0",3316,"https://hex.pm/api/packages/mist/releases/0.17.0","2024-01-24T02:26:31.785Z","2024-01-24T02:26:29.532Z","2025-03-02T03:54:57.425Z"
"mist","0.2.0",98,"https://hex.pm/api/packages/mist/releases/0.2.0","2022-05-20T04:22:05.776Z","2022-05-20T04:22:02.358Z","2025-03-02T03:54:57.426Z"
"mist","0.2.1",92,"https://hex.pm/api/packages/mist/releases/0.2.1","2022-05-25T18:53:57.286Z","2022-05-25T18:53:54.337Z","2025-03-02T03:54:57.426Z"
"mist","0.3.0",93,"https://hex.pm/api/packages/mist/releases/0.3.0","2022-05-27T20:36:02.259Z","2022-05-27T20:35:59.339Z","2025-03-02T03:54:57.426Z"
"mist","0.3.1",89,"https://hex.pm/api/packages/mist/releases/0.3.1","2022-05-28T22:03:47.021Z","2022-05-28T22:03:44.107Z","2025-03-02T03:54:57.426Z"
"mist","0.3.2",87,"https://hex.pm/api/packages/mist/releases/0.3.2","2022-05-30T05:31:15.278Z","2022-05-30T05:31:12.452Z","2025-03-02T03:54:57.426Z"
"mist","0.3.3",95,"https://hex.pm/api/packages/mist/releases/0.3.3","2022-06-01T02:00:43.210Z","2022-06-01T02:00:40.329Z","2025-03-02T03:54:57.426Z"
"mist","0.4.0",98,"https://hex.pm/api/packages/mist/releases/0.4.0","2022-06-02T02:22:25.125Z","2022-06-02T02:22:22.294Z","2025-03-02T03:54:57.426Z"
"mist","0.4.1",96,"https://hex.pm/api/packages/mist/releases/0.4.1","2022-06-06T00:47:15.204Z","2022-06-06T00:47:12.047Z","2025-03-02T03:54:57.426Z"
"mist","0.4.2",119,"https://hex.pm/api/packages/mist/releases/0.4.2","2022-06-10T20:35:33.685Z","2022-06-10T20:35:30.848Z","2025-03-02T03:54:57.426Z"
"mist","0.4.3",94,"https://hex.pm/api/packages/mist/releases/0.4.3","2022-06-13T20:22:57.716Z","2022-06-13T20:22:54.877Z","2025-03-02T03:54:57.426Z"
"mist","0.4.4",92,"https://hex.pm/api/packages/mist/releases/0.4.4","2022-06-13T22:38:03.733Z","2022-06-13T22:38:00.916Z","2025-03-02T03:54:57.426Z"
"mist","0.4.5",131,"https://hex.pm/api/packages/mist/releases/0.4.5","2022-06-13T23:31:56.163Z","2022-06-13T23:31:53.262Z","2025-03-02T03:54:57.426Z"
"mist","0.5.0",97,"https://hex.pm/api/packages/mist/releases/0.5.0","2022-06-16T02:45:57.115Z","2022-06-16T02:45:53.811Z","2025-03-02T03:54:57.426Z"
"mist","0.5.1",106,"https://hex.pm/api/packages/mist/releases/0.5.1","2022-06-18T05:41:39.511Z","2022-06-18T05:41:35.928Z","2025-03-02T03:54:57.426Z"
"mist","0.5.2",108,"https://hex.pm/api/packages/mist/releases/0.5.2","2022-06-19T14:53:51.961Z","2022-06-19T14:53:49.027Z","2025-03-02T03:54:57.426Z"
"mist","0.6.0",100,"https://hex.pm/api/packages/mist/releases/0.6.0","2022-06-20T15:58:52.685Z","2022-06-20T15:58:49.524Z","2025-03-02T03:54:57.426Z"
"mist","0.6.1",120,"https://hex.pm/api/packages/mist/releases/0.6.1","2022-06-20T18:17:14.866Z","2022-06-20T18:17:11.575Z","2025-03-02T03:54:57.425Z"
"mist","0.7.0",111,"https://hex.pm/api/packages/mist/releases/0.7.0","2022-07-04T19:30:06.651Z","2022-07-04T19:30:03.795Z","2025-03-02T03:54:57.425Z"
"mist","0.7.1",119,"https://hex.pm/api/packages/mist/releases/0.7.1","2022-07-18T19:43:13.050Z","2022-07-18T19:43:09.566Z","2025-03-02T03:54:57.425Z"
"mist","0.8.0",98,"https://hex.pm/api/packages/mist/releases/0.8.0","2022-08-02T03:18:12.478Z","2022-08-02T03:18:08.780Z","2025-03-02T03:54:57.425Z"
"mist","0.8.1",94,"https://hex.pm/api/packages/mist/releases/0.8.1","2022-08-06T18:51:42.260Z","2022-08-06T18:51:38.331Z","2025-03-02T03:54:57.425Z"
"mist","0.8.2",84,"https://hex.pm/api/packages/mist/releases/0.8.2","2022-08-06T19:00:52.896Z","2022-08-06T19:00:49.445Z","2025-03-02T03:54:57.425Z"
"mist","0.8.3",106,"https://hex.pm/api/packages/mist/releases/0.8.3","2022-08-12T00:04:11.692Z","2022-08-12T00:04:08.108Z","2025-03-02T03:54:57.425Z"
"mist","0.9.0",98,"https://hex.pm/api/packages/mist/releases/0.9.0","2022-08-23T13:47:48.756Z","2022-08-23T13:47:45.263Z","2025-03-02T03:54:57.425Z"
"mist","0.9.1",94,"https://hex.pm/api/packages/mist/releases/0.9.1","2022-08-24T00:53:04.180Z","2022-08-24T00:53:00.690Z","2025-03-02T03:54:57.425Z"
"mist","0.9.2",103,"https://hex.pm/api/packages/mist/releases/0.9.2","2022-09-01T13:16:57.039Z","2022-09-01T13:16:53.336Z","2025-03-02T03:54:57.425Z"
"mist","0.9.3",104,"https://hex.pm/api/packages/mist/releases/0.9.3","2022-09-01T14:23:45.024Z","2022-09-01T14:23:40.541Z","2025-03-02T03:54:57.425Z"
"mist","0.9.4",571,"https://hex.pm/api/packages/mist/releases/0.9.4","2022-09-02T20:03:51.349Z","2022-09-02T20:03:47.622Z","2025-03-02T03:54:57.425Z"
"mist","1.0.0",4137,"https://hex.pm/api/packages/mist/releases/1.0.0","2024-03-23T17:31:37.675Z","2024-03-23T17:31:35.351Z","2025-03-02T03:54:57.425Z"
"mist","1.0.0-rc1",55,"https://hex.pm/api/packages/mist/releases/1.0.0-rc1","2024-03-06T05:23:48.676Z","2024-03-06T05:23:46.603Z","2025-03-02T03:54:57.425Z"
"mist","1.0.0-rc2",69,"https://hex.pm/api/packages/mist/releases/1.0.0-rc2","2024-03-07T04:38:33.087Z","2024-03-07T04:38:30.914Z","2025-03-02T03:54:57.425Z"
"mist","1.0.0-rc3",66,"https://hex.pm/api/packages/mist/releases/1.0.0-rc3","2024-03-22T21:06:29.815Z","2024-03-22T21:06:27.623Z","2025-03-02T03:54:57.425Z"
"mist","1.1.0",223,"https://hex.pm/api/packages/mist/releases/1.1.0","2024-05-27T21:13:55.615Z","2024-05-27T21:13:53.123Z","2025-03-02T03:54:57.425Z"
"mist","1.2.0",23727,"https://hex.pm/api/packages/mist/releases/1.2.0","2024-05-27T21:27:14.181Z","2024-05-27T21:27:11.897Z","2025-03-02T03:54:57.425Z"
"mist","2.0.0",16470,"https://hex.pm/api/packages/mist/releases/2.0.0","2024-08-19T21:37:52.928Z","2024-08-19T21:37:50.193Z","2025-03-02T03:54:57.425Z"
"mist","3.0.0",14820,"https://hex.pm/api/packages/mist/releases/3.0.0","2024-09-19T21:19:54.025Z","2024-09-19T21:19:51.484Z","2025-03-02T03:54:57.425Z"
"mist","4.0.0",39,"https://hex.pm/api/packages/mist/releases/4.0.0","2024-12-08T15:44:05.185Z","2024-12-08T15:44:02.789Z","2025-03-02T03:54:57.425Z"
"mist","4.0.1",147,"https://hex.pm/api/packages/mist/releases/4.0.1","2024-12-08T16:37:49.091Z","2024-12-08T16:37:46.102Z","2025-03-02T03:54:57.425Z"
"mist","4.0.2",1123,"https://hex.pm/api/packages/mist/releases/4.0.2","2024-12-18T17:58:38.602Z","2024-12-18T17:58:35.473Z","2025-03-02T03:54:57.425Z"
"mist","4.0.3",1951,"https://hex.pm/api/packages/mist/releases/4.0.3","2024-12-24T17:42:20.777Z","2024-12-24T17:42:18.168Z","2025-03-02T03:54:57.425Z"
"mist","4.0.4",10305,"https://hex.pm/api/packages/mist/releases/4.0.4","2025-01-02T16:15:24.769Z","2025-01-02T16:15:22.071Z","2025-03-02T03:54:57.425Z"
"mist","4.0.5",732,"https://hex.pm/api/packages/mist/releases/4.0.5","2025-02-02T18:27:25.379Z","2025-02-02T18:27:22.862Z","2025-03-02T03:54:57.425Z"
"mist","4.0.6",4410,"https://hex.pm/api/packages/mist/releases/4.0.6","2025-02-06T16:08:19.377Z","2025-02-06T16:08:16.248Z","2025-03-02T03:54:57.425Z"
"mist","4.0.7",208,"https://hex.pm/api/packages/mist/releases/4.0.7","2025-02-27T03:16:54.477Z","2025-02-27T03:16:50.916Z","2025-03-02T03:54:57.425Z"
"mockth","0.1.0",64,"https://hex.pm/api/packages/mockth/releases/0.1.0","2024-03-26T19:11:01.181Z","2024-03-26T19:10:58.566Z","2025-03-18T21:33:10.606Z"
"mockth","0.2.0",70,"https://hex.pm/api/packages/mockth/releases/0.2.0","2024-03-26T19:39:36.100Z","2024-03-26T19:39:33.435Z","2025-03-18T21:33:10.606Z"
"mockth","0.3.0",69,"https://hex.pm/api/packages/mockth/releases/0.3.0","2024-03-27T07:48:36.009Z","2024-03-27T07:48:33.545Z","2025-03-18T21:33:10.606Z"
"mockth","0.3.1",68,"https://hex.pm/api/packages/mockth/releases/0.3.1","2024-03-27T17:31:39.752Z","2024-03-27T17:31:37.191Z","2025-03-18T21:33:10.606Z"
"mockth","0.3.2",197,"https://hex.pm/api/packages/mockth/releases/0.3.2","2024-03-27T17:32:43.956Z","2024-03-27T17:32:41.445Z","2025-03-18T21:33:10.606Z"
"mockth","0.4.0",203,"https://hex.pm/api/packages/mockth/releases/0.4.0","2024-04-12T19:27:36.632Z","2024-04-12T19:27:33.901Z","2025-03-18T21:33:10.605Z"
"mockth","1.0.0",16,"https://hex.pm/api/packages/mockth/releases/1.0.0","2025-03-13T15:36:06.697Z","2025-03-13T15:36:03.924Z","2025-03-18T21:33:10.605Z"
"modem","1.0.0",201,"https://hex.pm/api/packages/modem/releases/1.0.0","2024-03-19T12:40:31.719Z","2024-03-19T12:40:29.266Z","2025-04-21T09:36:50.945Z"
"modem","1.1.0",874,"https://hex.pm/api/packages/modem/releases/1.1.0","2024-05-12T20:09:45.412Z","2024-05-12T20:09:42.798Z","2025-04-21T09:36:50.945Z"
"modem","2.0.0",861,"https://hex.pm/api/packages/modem/releases/2.0.0","2024-06-29T23:13:10.523Z","2024-06-29T23:13:08.069Z","2025-04-21T09:36:50.945Z"
"modem","2.0.1",27033,"https://hex.pm/api/packages/modem/releases/2.0.1","2024-07-31T23:45:48.940Z","2024-07-31T23:45:46.389Z","2025-04-21T09:36:50.945Z"
"modem","2.0.2",48,"https://hex.pm/api/packages/modem/releases/2.0.2","2025-04-17T21:42:19.322Z","2025-04-17T21:42:16.073Z","2025-04-21T09:36:50.944Z"
"mon","1.0.0",12,"https://hex.pm/api/packages/mon/releases/1.0.0","2025-04-03T07:07:50.575Z","2025-04-02T20:57:30.164Z","2025-04-06T08:45:31.485Z"
"monies","1.0.0",24,"https://hex.pm/api/packages/monies/releases/1.0.0","2024-03-11T05:48:34.281Z","2024-03-11T05:48:31.518Z","2024-07-03T00:32:34.036Z"
"monies","1.0.1",26,"https://hex.pm/api/packages/monies/releases/1.0.1","2024-03-12T16:54:20.022Z","2024-03-12T16:54:17.522Z","2024-07-03T00:32:34.035Z"
"morse_code_translator","1.0.0",33,"https://hex.pm/api/packages/morse_code_translator/releases/1.0.0","2024-03-18T17:33:31.099Z","2024-03-18T17:33:28.780Z","2024-08-26T15:50:08.933Z"
"morse_code_translator","2.0.0",60,"https://hex.pm/api/packages/morse_code_translator/releases/2.0.0","2024-03-19T16:42:50.615Z","2024-03-19T16:42:48.273Z","2024-08-26T15:50:08.933Z"
"morse_code_translator","2.1.0",20,"https://hex.pm/api/packages/morse_code_translator/releases/2.1.0","2024-08-03T16:51:44.610Z","2024-08-03T16:51:42.035Z","2024-08-26T15:50:08.933Z"
"morse_code_translator","2.2.0",18,"https://hex.pm/api/packages/morse_code_translator/releases/2.2.0","2024-08-23T17:51:43.652Z","2024-08-23T17:51:41.093Z","2024-08-26T15:50:08.933Z"
"morsey","1.0.0",20,"https://hex.pm/api/packages/morsey/releases/1.0.0","2024-12-11T16:35:50.553Z","2024-12-11T16:35:47.557Z","2024-12-27T05:57:30.429Z"
"morsey","1.1.0",30,"https://hex.pm/api/packages/morsey/releases/1.1.0","2024-12-12T11:34:46.093Z","2024-12-12T11:34:43.173Z","2024-12-27T05:57:30.429Z"
"morsey","1.2.0",22,"https://hex.pm/api/packages/morsey/releases/1.2.0","2024-12-22T23:21:21.035Z","2024-12-22T23:21:17.837Z","2024-12-27T05:57:30.429Z"
"mote","0.1.0",72,"https://hex.pm/api/packages/mote/releases/0.1.0","2023-06-19T20:23:57.755Z","2023-06-19T20:23:55.599Z","2024-07-03T01:32:00.991Z"
"mug","0.1.0",66,"https://hex.pm/api/packages/mug/releases/0.1.0","2023-10-13T12:50:16.513Z","2023-10-13T12:50:13.982Z","2024-12-06T16:53:53.288Z"
"mug","0.2.0",262,"https://hex.pm/api/packages/mug/releases/0.2.0","2023-11-06T14:20:55.615Z","2023-11-06T14:20:53.184Z","2024-12-06T16:53:53.288Z"
"mug","1.0.0",6003,"https://hex.pm/api/packages/mug/releases/1.0.0","2024-02-29T12:03:23.852Z","2024-02-29T12:03:21.461Z","2024-12-06T16:53:53.288Z"
"mug","1.1.0",753,"https://hex.pm/api/packages/mug/releases/1.1.0","2024-07-17T12:12:49.625Z","2024-07-17T12:12:47.333Z","2024-12-06T16:53:53.288Z"
"mug","1.1.1",2153,"https://hex.pm/api/packages/mug/releases/1.1.1","2024-08-21T11:18:37.373Z","2024-08-21T11:18:34.775Z","2024-12-06T16:53:53.288Z"
"mug","1.2.0",32,"https://hex.pm/api/packages/mug/releases/1.2.0","2024-12-04T14:05:36.915Z","2024-12-04T14:05:34.232Z","2024-12-06T16:53:53.288Z"
"multiformats","1.0.0",22,"https://hex.pm/api/packages/multiformats/releases/1.0.0","2025-02-12T14:19:44.085Z","2025-02-12T14:19:39.061Z","2025-03-01T17:37:21.482Z"
"multiformats","1.1.0",31,"https://hex.pm/api/packages/multiformats/releases/1.1.0","2025-02-13T16:12:53.299Z","2025-02-13T16:12:49.027Z","2025-03-01T17:37:21.482Z"
"multiformats","1.2.0",16,"https://hex.pm/api/packages/multiformats/releases/1.2.0","2025-02-26T16:26:52.809Z","2025-02-26T16:26:48.620Z","2025-03-01T17:37:21.481Z"
"multipart_form","1.0.0",52,"https://hex.pm/api/packages/multipart_form/releases/1.0.0","2025-02-20T16:42:27.878Z","2025-02-20T16:42:24.565Z","2025-02-23T07:09:46.696Z"
"mumu","1.0.0",28,"https://hex.pm/api/packages/mumu/releases/1.0.0","2024-04-26T12:00:47.492Z","2024-04-26T12:00:44.918Z","2024-07-02T23:56:34.210Z"
"mumu","1.0.1",30,"https://hex.pm/api/packages/mumu/releases/1.0.1","2024-04-26T12:03:52.026Z","2024-04-26T12:03:49.308Z","2024-07-02T23:56:34.209Z"
"mumu","1.0.2",31,"https://hex.pm/api/packages/mumu/releases/1.0.2","2024-04-26T12:07:42.230Z","2024-04-26T12:07:39.697Z","2024-07-02T23:56:34.209Z"
"mumu","1.0.3",21,"https://hex.pm/api/packages/mumu/releases/1.0.3","2024-05-12T13:58:32.036Z","2024-05-12T13:58:29.196Z","2024-07-02T23:56:34.209Z"
"mungo","0.18.1",88,"https://hex.pm/api/packages/mungo/releases/0.18.1","2023-10-05T16:05:36.110Z","2023-10-05T16:05:29.850Z","2024-12-22T12:55:58.773Z"
"mungo","0.19.0",92,"https://hex.pm/api/packages/mungo/releases/0.19.0","2023-10-06T12:35:14.076Z","2023-10-06T12:11:04.476Z","2024-12-22T12:55:58.773Z"
"mungo","0.20.0",90,"https://hex.pm/api/packages/mungo/releases/0.20.0","2023-10-07T04:16:18.707Z","2023-10-07T04:16:12.640Z","2024-12-22T12:55:58.773Z"
"mungo","0.20.1",104,"https://hex.pm/api/packages/mungo/releases/0.20.1","2023-10-13T17:12:32.504Z","2023-10-13T17:11:38.897Z","2024-12-22T12:55:58.773Z"
"mungo","0.21.0",92,"https://hex.pm/api/packages/mungo/releases/0.21.0","2023-11-06T20:27:52.058Z","2023-11-06T20:27:39.458Z","2024-12-22T12:55:58.773Z"
"mungo","0.22.0",88,"https://hex.pm/api/packages/mungo/releases/0.22.0","2023-11-07T05:13:19.077Z","2023-11-07T05:13:12.698Z","2024-12-22T12:55:58.773Z"
"mungo","0.23.0",91,"https://hex.pm/api/packages/mungo/releases/0.23.0","2023-11-11T19:12:42.934Z","2023-11-11T19:12:35.615Z","2024-12-22T12:55:58.773Z"
"mungo","0.24.0",81,"https://hex.pm/api/packages/mungo/releases/0.24.0","2024-01-05T11:45:08.013Z","2024-01-05T11:45:01.479Z","2024-12-22T12:55:58.773Z"
"mungo","0.25.0",107,"https://hex.pm/api/packages/mungo/releases/0.25.0","2024-03-14T04:11:04.986Z","2024-03-14T04:11:01.721Z","2024-12-22T12:55:58.773Z"
"mungo","0.26.0",130,"https://hex.pm/api/packages/mungo/releases/0.26.0","2024-04-18T05:12:54.537Z","2024-04-18T05:12:52.262Z","2024-12-22T12:55:58.772Z"
"mungo","0.27.0",12,"https://hex.pm/api/packages/mungo/releases/0.27.0","2024-12-20T06:19:15.535Z","2024-12-20T06:19:12.944Z","2024-12-22T12:55:58.772Z"
"murmur3a","0.5.0",27,"https://hex.pm/api/packages/murmur3a/releases/0.5.0","2025-01-19T14:46:09.845Z","2025-01-19T14:46:06.848Z","2025-01-24T07:15:40.140Z"
"murmur3a","1.0.0",16,"https://hex.pm/api/packages/murmur3a/releases/1.0.0","2025-01-21T19:30:51.193Z","2025-01-21T19:30:48.226Z","2025-01-24T07:15:40.140Z"
"mysig","0.1.0",34,"https://hex.pm/api/packages/mysig/releases/0.1.0","2024-11-25T13:31:54.691Z","2024-11-25T13:31:51.885Z","2025-04-29T03:10:30.771Z"
"mysig","0.1.1",36,"https://hex.pm/api/packages/mysig/releases/0.1.1","2024-12-18T10:48:07.339Z","2024-12-18T10:48:03.482Z","2025-04-29T03:10:30.771Z"
"mysig","0.2.0",34,"https://hex.pm/api/packages/mysig/releases/0.2.0","2024-12-19T13:36:21.960Z","2024-12-19T13:36:18.839Z","2025-04-29T03:10:30.771Z"
"mysig","0.2.1",36,"https://hex.pm/api/packages/mysig/releases/0.2.1","2024-12-19T15:05:59.545Z","2024-12-19T15:05:56.549Z","2025-04-29T03:10:30.771Z"
"mysig","0.2.2",36,"https://hex.pm/api/packages/mysig/releases/0.2.2","2024-12-20T10:40:00.354Z","2024-12-20T10:39:57.342Z","2025-04-29T03:10:30.771Z"
"mysig","0.3.0",34,"https://hex.pm/api/packages/mysig/releases/0.3.0","2024-12-24T00:14:28.959Z","2024-12-24T00:14:26.059Z","2025-04-29T03:10:30.771Z"
"mysig","0.3.1",38,"https://hex.pm/api/packages/mysig/releases/0.3.1","2024-12-24T10:46:13.186Z","2024-12-24T10:46:10.221Z","2025-04-29T03:10:30.771Z"
"mysig","0.4.0",38,"https://hex.pm/api/packages/mysig/releases/0.4.0","2025-01-01T19:12:48.831Z","2025-01-01T19:12:45.991Z","2025-04-29T03:10:30.771Z"
"mysig","0.4.1",63,"https://hex.pm/api/packages/mysig/releases/0.4.1","2025-01-13T09:47:49.182Z","2025-01-13T09:47:46.256Z","2025-04-29T03:10:30.771Z"
"mysig","0.4.2",33,"https://hex.pm/api/packages/mysig/releases/0.4.2","2025-02-25T15:39:57.163Z","2025-02-25T15:39:53.000Z","2025-04-29T03:10:30.771Z"
"mysig","0.4.3",16,"https://hex.pm/api/packages/mysig/releases/0.4.3","2025-04-25T13:58:50.158Z","2025-04-25T13:58:43.997Z","2025-04-29T03:10:30.771Z"
"nakai","0.1.0",126,"https://hex.pm/api/packages/nakai/releases/0.1.0","2022-05-20T02:24:45.864Z","2022-05-20T02:24:42.732Z","2024-12-02T10:14:42.593Z"
"nakai","0.10.0",385,"https://hex.pm/api/packages/nakai/releases/0.10.0","2024-04-18T19:26:42.617Z","2024-04-18T19:26:40.234Z","2024-12-02T10:14:42.592Z"
"nakai","0.11.0",520,"https://hex.pm/api/packages/nakai/releases/0.11.0","2024-05-25T19:22:09.958Z","2024-05-25T19:22:07.373Z","2024-12-02T10:14:42.592Z"
"nakai","0.2.0",153,"https://hex.pm/api/packages/nakai/releases/0.2.0","2022-07-11T00:50:41.489Z","2022-07-11T00:50:38.246Z","2024-12-02T10:14:42.593Z"
"nakai","0.3.0",121,"https://hex.pm/api/packages/nakai/releases/0.3.0","2022-07-13T01:35:52.540Z","2022-07-13T01:35:49.143Z","2024-12-02T10:14:42.593Z"
"nakai","0.3.1",124,"https://hex.pm/api/packages/nakai/releases/0.3.1","2022-07-13T01:39:42.755Z","2022-07-13T01:39:38.987Z","2024-12-02T10:14:42.593Z"
"nakai","0.3.2",148,"https://hex.pm/api/packages/nakai/releases/0.3.2","2022-07-13T21:02:06.068Z","2022-07-13T21:02:02.230Z","2024-12-02T10:14:42.593Z"
"nakai","0.3.3",120,"https://hex.pm/api/packages/nakai/releases/0.3.3","2022-09-29T05:53:36.212Z","2022-09-29T05:53:32.321Z","2024-12-02T10:14:42.592Z"
"nakai","0.3.4",122,"https://hex.pm/api/packages/nakai/releases/0.3.4","2022-10-06T00:40:20.589Z","2022-10-06T00:40:17.144Z","2024-12-02T10:14:42.592Z"
"nakai","0.3.5",121,"https://hex.pm/api/packages/nakai/releases/0.3.5","2022-10-09T04:42:34.032Z","2022-10-09T04:42:29.986Z","2024-12-02T10:14:42.592Z"
"nakai","0.4.0",142,"https://hex.pm/api/packages/nakai/releases/0.4.0","2022-11-29T21:55:11.355Z","2022-11-29T21:55:10.675Z","2024-12-02T10:14:42.592Z"
"nakai","0.4.1",244,"https://hex.pm/api/packages/nakai/releases/0.4.1","2022-12-28T01:11:08.130Z","2022-12-28T01:11:07.502Z","2024-12-02T10:14:42.592Z"
"nakai","0.4.2",225,"https://hex.pm/api/packages/nakai/releases/0.4.2","2023-02-08T04:46:07.425Z","2023-02-08T04:46:05.076Z","2024-12-02T10:14:42.592Z"
"nakai","0.5.0",98,"https://hex.pm/api/packages/nakai/releases/0.5.0","2023-04-18T17:21:30.428Z","2023-04-18T17:21:28.346Z","2024-12-02T10:14:42.592Z"
"nakai","0.6.0",95,"https://hex.pm/api/packages/nakai/releases/0.6.0","2023-04-18T21:05:25.655Z","2023-04-18T21:05:23.205Z","2024-12-02T10:14:42.592Z"
"nakai","0.6.1",122,"https://hex.pm/api/packages/nakai/releases/0.6.1","2023-04-18T21:59:04.043Z","2023-04-18T21:59:01.878Z","2024-12-02T10:14:42.592Z"
"nakai","0.6.2",161,"https://hex.pm/api/packages/nakai/releases/0.6.2","2023-05-06T17:53:37.531Z","2023-05-06T17:53:35.401Z","2024-12-02T10:14:42.592Z"
"nakai","0.7.0",157,"https://hex.pm/api/packages/nakai/releases/0.7.0","2023-05-16T16:19:30.388Z","2023-05-16T16:19:28.112Z","2024-12-02T10:14:42.592Z"
"nakai","0.8.0",462,"https://hex.pm/api/packages/nakai/releases/0.8.0","2023-05-27T23:20:26.869Z","2023-05-27T23:20:24.555Z","2024-12-02T10:14:42.592Z"
"nakai","0.9.0",867,"https://hex.pm/api/packages/nakai/releases/0.9.0","2023-12-19T06:41:02.129Z","2023-12-19T06:40:59.919Z","2024-12-02T10:14:42.592Z"
"nakai","1.0.0",1673,"https://hex.pm/api/packages/nakai/releases/1.0.0","2024-08-09T15:25:23.471Z","2024-08-09T15:25:21.114Z","2024-12-02T10:14:42.592Z"
"nakai","1.1.0",58,"https://hex.pm/api/packages/nakai/releases/1.1.0","2024-11-24T02:31:38.147Z","2024-11-24T02:31:35.779Z","2024-12-02T10:14:42.592Z"
"nakai","1.1.1",66,"https://hex.pm/api/packages/nakai/releases/1.1.1","2024-11-28T17:32:06.874Z","2024-11-28T17:32:04.058Z","2024-12-02T10:14:42.592Z"
"nanoworker","0.0.0",40,"https://hex.pm/api/packages/nanoworker/releases/0.0.0","2024-03-14T13:16:55.819Z","2024-03-14T13:16:53.097Z","2024-07-03T00:22:32.925Z"
"nanoworker","0.0.1",44,"https://hex.pm/api/packages/nanoworker/releases/0.0.1","2024-03-16T01:54:35.363Z","2024-03-16T01:54:32.609Z","2024-07-03T00:22:32.925Z"
"nanoworker","0.0.2",55,"https://hex.pm/api/packages/nanoworker/releases/0.0.2","2024-03-20T10:41:48.421Z","2024-03-20T10:41:45.377Z","2024-07-03T00:22:32.924Z"
"nbeet","0.1.0",46,"https://hex.pm/api/packages/nbeet/releases/0.1.0","2024-06-13T23:59:41.548Z","2024-06-13T23:59:39.196Z","2025-04-22T16:32:16.707Z"
"nbeet","0.1.1",52,"https://hex.pm/api/packages/nbeet/releases/0.1.1","2024-06-14T01:33:59.603Z","2024-06-14T01:33:56.961Z","2025-04-22T16:32:16.707Z"
"nbeet","0.2.0",38,"https://hex.pm/api/packages/nbeet/releases/0.2.0","2024-09-10T18:56:48.886Z","2024-09-10T18:56:46.671Z","2025-04-22T16:32:16.707Z"
"nbeet","0.3.0",38,"https://hex.pm/api/packages/nbeet/releases/0.3.0","2025-01-04T04:26:20.958Z","2024-12-19T01:27:09.860Z","2025-04-22T16:32:16.707Z"
"nbeet","0.3.1",36,"https://hex.pm/api/packages/nbeet/releases/0.3.1","2025-01-04T04:14:50.792Z","2025-01-04T04:14:47.926Z","2025-04-22T16:32:16.707Z"
"nbeet","1.0.0",88,"https://hex.pm/api/packages/nbeet/releases/1.0.0","2025-01-14T01:24:34.899Z","2025-01-14T01:24:31.710Z","2025-04-22T16:32:16.707Z"
"nbeet","1.1.0",20,"https://hex.pm/api/packages/nbeet/releases/1.1.0","2025-04-18T22:17:28.061Z","2025-04-18T22:17:24.653Z","2025-04-22T16:32:16.707Z"
"nephrotoma","1.0.0",14,"https://hex.pm/api/packages/nephrotoma/releases/1.0.0","2025-02-17T04:17:50.950Z","2025-02-16T18:28:33.239Z","2025-02-21T13:58:47.937Z"
"nephrotoma","1.2.0",14,"https://hex.pm/api/packages/nephrotoma/releases/1.2.0","2025-02-19T00:05:52.797Z","2025-02-19T00:05:49.819Z","2025-02-21T13:58:47.937Z"
"nerf","0.1.0",108,"https://hex.pm/api/packages/nerf/releases/0.1.0","2021-12-11T22:52:09.289Z","2021-12-11T22:52:06.233Z","2024-07-03T01:35:24.646Z"
"nerf","0.2.0",66,"https://hex.pm/api/packages/nerf/releases/0.2.0","2022-04-10T19:59:25.875Z","2022-04-10T19:59:22.559Z","2024-07-03T01:35:24.646Z"
"nerf","0.3.0",56,"https://hex.pm/api/packages/nerf/releases/0.3.0","2022-08-07T12:33:00.128Z","2022-08-07T12:32:55.820Z","2024-07-03T01:35:24.646Z"
"nerf","0.3.1",65,"https://hex.pm/api/packages/nerf/releases/0.3.1","2022-11-11T11:38:42.040Z","2022-11-11T11:38:41.569Z","2024-07-03T01:35:24.646Z"
"nerf","0.4.0",102,"https://hex.pm/api/packages/nerf/releases/0.4.0","2023-05-24T09:50:53.278Z","2023-05-24T09:50:51.047Z","2024-07-03T01:35:24.646Z"
"nessie","0.1.0",76,"https://hex.pm/api/packages/nessie/releases/0.1.0","2024-04-07T01:51:57.980Z","2024-04-07T01:51:55.733Z","2024-07-03T00:12:48.917Z"
"nessie_cluster","0.1.0",69,"https://hex.pm/api/packages/nessie_cluster/releases/0.1.0","2024-04-15T02:01:58.615Z","2024-04-15T02:01:56.162Z","2025-01-30T17:33:32.969Z"
"nessie_cluster","0.2.0",72,"https://hex.pm/api/packages/nessie_cluster/releases/0.2.0","2024-04-15T03:13:30.408Z","2024-04-15T03:13:27.999Z","2025-01-30T17:33:32.969Z"
"nessie_cluster","0.2.1",142,"https://hex.pm/api/packages/nessie_cluster/releases/0.2.1","2024-04-15T23:00:38.524Z","2024-04-15T23:00:36.104Z","2025-01-30T17:33:32.969Z"
"nessie_cluster","0.3.0",15,"https://hex.pm/api/packages/nessie_cluster/releases/0.3.0","2025-01-27T22:15:02.626Z","2025-01-27T22:14:59.090Z","2025-01-30T17:33:32.969Z"
"next_door","1.0.0",12,"https://hex.pm/api/packages/next_door/releases/1.0.0","2025-04-13T05:37:33.895Z","2025-04-13T05:37:31.086Z","2025-04-16T05:54:01.548Z"
"ngs","0.1.0",29,"https://hex.pm/api/packages/ngs/releases/0.1.0","2024-08-02T10:26:34.197Z","2024-08-02T10:26:29.592Z","2025-01-28T14:07:04.109Z"
"ngs","1.0.1",11,"https://hex.pm/api/packages/ngs/releases/1.0.1","2025-01-26T04:05:20.879Z","2025-01-26T04:05:17.482Z","2025-01-28T14:07:04.108Z"
"nibble","0.1.0",92,"https://hex.pm/api/packages/nibble/releases/0.1.0","2022-07-24T23:45:09.870Z","2022-07-24T23:45:06.684Z","2024-12-31T12:40:53.158Z"
"nibble","0.2.0",100,"https://hex.pm/api/packages/nibble/releases/0.2.0","2022-07-25T01:02:13.577Z","2022-07-25T01:02:10.363Z","2024-12-31T12:40:53.158Z"
"nibble","0.2.1",111,"https://hex.pm/api/packages/nibble/releases/0.2.1","2022-12-04T07:12:26.478Z","2022-12-04T07:12:25.715Z","2024-12-31T12:40:53.158Z"
"nibble","0.2.2",105,"https://hex.pm/api/packages/nibble/releases/0.2.2","2023-02-25T18:08:13.429Z","2023-02-25T18:08:10.842Z","2024-12-31T12:40:53.158Z"
"nibble","0.2.3",257,"https://hex.pm/api/packages/nibble/releases/0.2.3","2023-04-17T18:05:01.195Z","2023-04-17T18:04:58.648Z","2024-12-31T12:40:53.158Z"
"nibble","1.0.0",81,"https://hex.pm/api/packages/nibble/releases/1.0.0","2024-01-26T00:35:27.723Z","2024-01-26T00:35:24.980Z","2024-12-31T12:40:53.158Z"
"nibble","1.0.0-rc.1",92,"https://hex.pm/api/packages/nibble/releases/1.0.0-rc.1","2023-05-30T22:10:17.096Z","2023-05-30T22:10:14.718Z","2024-12-31T12:40:53.158Z"
"nibble","1.0.0-rc.2",97,"https://hex.pm/api/packages/nibble/releases/1.0.0-rc.2","2023-06-01T21:30:17.581Z","2023-06-01T21:30:15.119Z","2024-12-31T12:40:53.158Z"
"nibble","1.0.0-rc.3",132,"https://hex.pm/api/packages/nibble/releases/1.0.0-rc.3","2023-07-07T23:19:43.946Z","2023-07-07T23:19:41.394Z","2024-12-31T12:40:53.158Z"
"nibble","1.1.0",206,"https://hex.pm/api/packages/nibble/releases/1.1.0","2024-02-19T17:03:21.251Z","2024-02-19T17:03:18.734Z","2024-12-31T12:40:53.158Z"
"nibble","1.1.1",6458,"https://hex.pm/api/packages/nibble/releases/1.1.1","2024-04-05T23:18:55.206Z","2024-04-05T23:18:52.856Z","2024-12-31T12:40:53.158Z"
"nibble","1.1.2",24,"https://hex.pm/api/packages/nibble/releases/1.1.2","2024-12-27T11:37:52.888Z","2024-12-27T11:37:49.664Z","2024-12-31T12:40:53.157Z"
"nibble","1.1.3",92,"https://hex.pm/api/packages/nibble/releases/1.1.3","2024-12-28T09:52:08.753Z","2024-12-28T09:52:05.899Z","2024-12-31T12:40:53.157Z"
"nimiq_gleam","0.1.0",14,"https://hex.pm/api/packages/nimiq_gleam/releases/0.1.0","2024-07-30T12:17:31.564Z","2024-07-30T12:17:29.075Z","2024-08-09T04:09:44.736Z"
"nimiq_gleam","0.2.0",14,"https://hex.pm/api/packages/nimiq_gleam/releases/0.2.0","2024-08-02T01:23:44.148Z","2024-08-02T01:23:40.284Z","2024-08-09T04:09:44.736Z"
"nimiq_gleam","0.2.1",14,"https://hex.pm/api/packages/nimiq_gleam/releases/0.2.1","2024-08-02T23:06:24.553Z","2024-08-02T23:06:21.805Z","2024-08-09T04:09:44.736Z"
"nimiq_gleam","0.2.2",14,"https://hex.pm/api/packages/nimiq_gleam/releases/0.2.2","2024-08-03T23:26:56.385Z","2024-08-03T23:26:53.650Z","2024-08-09T04:09:44.736Z"
"nimiq_gleam","0.3.0",10,"https://hex.pm/api/packages/nimiq_gleam/releases/0.3.0","2024-08-05T15:39:07.833Z","2024-08-05T15:39:05.366Z","2024-08-09T04:09:44.736Z"
"nimiq_gleam","0.3.1",10,"https://hex.pm/api/packages/nimiq_gleam/releases/0.3.1","2024-08-07T12:38:36.722Z","2024-08-07T12:38:34.175Z","2024-08-09T04:09:44.736Z"
"nimiq_rpc","1.0.0",22,"https://hex.pm/api/packages/nimiq_rpc/releases/1.0.0","2025-03-14T14:25:48.507Z","2025-03-14T14:25:46.000Z","2025-03-22T08:01:41.655Z"
"nimiq_rpc","1.0.1",16,"https://hex.pm/api/packages/nimiq_rpc/releases/1.0.1","2025-03-19T16:32:00.446Z","2025-03-19T16:31:58.062Z","2025-03-22T08:01:41.655Z"
"nimiq_rpc","1.0.2",14,"https://hex.pm/api/packages/nimiq_rpc/releases/1.0.2","2025-03-19T16:42:57.362Z","2025-03-19T16:42:54.805Z","2025-03-22T08:01:41.655Z"
"node_socket_client","1.0.0",12,"https://hex.pm/api/packages/node_socket_client/releases/1.0.0","2024-07-16T09:30:51.395Z","2024-07-16T09:30:48.976Z","2024-07-18T11:06:41.461Z"
"node_tags","0.1.0",14,"https://hex.pm/api/packages/node_tags/releases/0.1.0","2024-06-23T20:59:18.327Z","2024-06-23T20:59:15.465Z","2024-07-02T23:31:54.977Z"
"non_empty_list","0.1.0",49,"https://hex.pm/api/packages/non_empty_list/releases/0.1.0","2023-05-26T11:16:18.370Z","2023-05-26T11:12:04.295Z","2024-08-16T09:54:06.270Z"
"non_empty_list","1.0.0",92,"https://hex.pm/api/packages/non_empty_list/releases/1.0.0","2023-05-28T21:01:39.973Z","2023-05-28T21:01:37.452Z","2024-08-16T09:54:06.270Z"
"non_empty_list","1.1.0",72,"https://hex.pm/api/packages/non_empty_list/releases/1.1.0","2023-07-23T08:37:47.570Z","2023-07-23T08:37:44.970Z","2024-08-16T09:54:06.270Z"
"non_empty_list","1.1.1",49,"https://hex.pm/api/packages/non_empty_list/releases/1.1.1","2024-02-10T22:27:34.220Z","2024-02-10T22:27:31.975Z","2024-08-16T09:54:06.270Z"
"non_empty_list","2.0.0",185,"https://hex.pm/api/packages/non_empty_list/releases/2.0.0","2024-05-11T12:45:17.796Z","2024-05-11T12:40:06.761Z","2024-08-16T09:54:06.269Z"
"non_empty_list","2.1.0",12,"https://hex.pm/api/packages/non_empty_list/releases/2.1.0","2024-08-14T06:28:34.381Z","2024-08-14T06:28:31.773Z","2024-08-16T09:54:06.269Z"
"novdom","0.1.0",18,"https://hex.pm/api/packages/novdom/releases/0.1.0","2024-07-22T11:35:32.583Z","2024-07-22T11:29:48.886Z","2024-09-12T06:48:58.764Z"
"novdom","0.2.0",32,"https://hex.pm/api/packages/novdom/releases/0.2.0","2024-07-31T04:33:05.782Z","2024-07-31T04:33:03.004Z","2024-09-12T06:48:58.764Z"
"novdom","0.3.0",22,"https://hex.pm/api/packages/novdom/releases/0.3.0","2024-08-08T22:20:53.122Z","2024-08-08T22:11:06.064Z","2024-09-12T06:48:58.764Z"
"novdom","0.4.0",16,"https://hex.pm/api/packages/novdom/releases/0.4.0","2024-08-17T13:09:47.319Z","2024-08-17T13:09:44.586Z","2024-09-12T06:48:58.764Z"
"novdom","0.5.0",12,"https://hex.pm/api/packages/novdom/releases/0.5.0","2024-09-10T07:44:11.728Z","2024-09-10T07:44:08.830Z","2024-09-12T06:48:58.764Z"
"novdom_dev_tools","0.1.0",18,"https://hex.pm/api/packages/novdom_dev_tools/releases/0.1.0","2024-07-31T15:21:57.546Z","2024-07-31T11:50:59.615Z","2024-09-12T06:48:50.144Z"
"novdom_dev_tools","0.2.0",20,"https://hex.pm/api/packages/novdom_dev_tools/releases/0.2.0","2024-08-02T20:30:52.577Z","2024-08-02T20:30:49.879Z","2024-09-12T06:48:50.144Z"
"novdom_dev_tools","0.2.1",20,"https://hex.pm/api/packages/novdom_dev_tools/releases/0.2.1","2024-08-02T21:07:57.990Z","2024-08-02T21:07:55.338Z","2024-09-12T06:48:50.144Z"
"novdom_dev_tools","0.2.2",22,"https://hex.pm/api/packages/novdom_dev_tools/releases/0.2.2","2024-08-04T13:46:06.685Z","2024-08-04T13:46:04.005Z","2024-09-12T06:48:50.144Z"
"novdom_dev_tools","0.3.0",282,"https://hex.pm/api/packages/novdom_dev_tools/releases/0.3.0","2024-08-15T13:56:46.763Z","2024-08-15T13:56:44.309Z","2024-09-12T06:48:50.144Z"
"novdom_dev_tools","0.3.1",18,"https://hex.pm/api/packages/novdom_dev_tools/releases/0.3.1","2024-08-15T15:57:52.051Z","2024-08-15T15:57:49.414Z","2024-09-12T06:48:50.144Z"
"novdom_dev_tools","0.4.0",12,"https://hex.pm/api/packages/novdom_dev_tools/releases/0.4.0","2024-09-10T07:52:24.779Z","2024-09-10T07:52:22.040Z","2024-09-12T06:48:50.144Z"
"novdom_testing","0.1.0",10,"https://hex.pm/api/packages/novdom_testing/releases/0.1.0","2024-08-02T20:55:31.074Z","2024-08-02T20:55:28.495Z","2024-08-05T18:26:43.173Z"
"novdom_testing","0.1.1",10,"https://hex.pm/api/packages/novdom_testing/releases/0.1.1","2024-08-02T21:18:01.609Z","2024-08-02T21:16:03.033Z","2024-08-05T18:26:43.173Z"
"oas","0.1.0",32,"https://hex.pm/api/packages/oas/releases/0.1.0","2024-11-06T12:58:37.603Z","2024-11-06T12:58:34.981Z","2025-05-02T13:40:11.999Z"
"oas","0.2.0",32,"https://hex.pm/api/packages/oas/releases/0.2.0","2024-11-10T16:12:40.183Z","2024-11-10T16:12:37.312Z","2025-05-02T13:40:11.999Z"
"oas","0.2.1",32,"https://hex.pm/api/packages/oas/releases/0.2.1","2024-11-11T13:05:29.452Z","2024-11-11T13:05:26.090Z","2025-05-02T13:40:11.999Z"
"oas","1.0.0",36,"https://hex.pm/api/packages/oas/releases/1.0.0","2024-11-14T11:13:45.845Z","2024-11-14T11:13:43.076Z","2025-05-02T13:40:11.999Z"
"oas","1.0.1",36,"https://hex.pm/api/packages/oas/releases/1.0.1","2024-11-19T09:19:35.720Z","2024-11-19T09:19:32.876Z","2025-05-02T13:40:11.998Z"
"oas","1.0.2",63,"https://hex.pm/api/packages/oas/releases/1.0.2","2024-11-24T15:15:07.863Z","2024-11-24T15:15:05.077Z","2025-05-02T13:40:11.998Z"
"oas","1.0.3",39,"https://hex.pm/api/packages/oas/releases/1.0.3","2025-02-11T17:14:19.833Z","2025-02-11T17:14:14.851Z","2025-05-02T13:40:11.998Z"
"oas","2.0.0",14,"https://hex.pm/api/packages/oas/releases/2.0.0","2025-04-29T15:09:22.726Z","2025-04-29T15:09:16.735Z","2025-05-02T13:40:11.998Z"
"observatory","0.0.1",26,"https://hex.pm/api/packages/observatory/releases/0.0.1","2024-03-13T23:00:14.059Z","2024-03-13T23:00:11.725Z","2024-07-03T00:32:01.001Z"
"okay","1.0.0",18,"https://hex.pm/api/packages/okay/releases/1.0.0","2024-12-30T11:08:12.056Z","2024-12-30T11:08:09.349Z","2025-01-04T09:08:59.657Z"
"okay","1.0.1",18,"https://hex.pm/api/packages/okay/releases/1.0.1","2024-12-30T12:41:40.245Z","2024-12-30T12:41:37.707Z","2025-01-04T09:08:59.657Z"
"okay","1.0.2",18,"https://hex.pm/api/packages/okay/releases/1.0.2","2024-12-30T14:48:33.241Z","2024-12-30T14:48:30.462Z","2025-01-04T09:08:59.657Z"
"okay","1.0.3",18,"https://hex.pm/api/packages/okay/releases/1.0.3","2024-12-31T09:36:29.992Z","2024-12-31T09:36:27.267Z","2025-01-04T09:08:59.657Z"
"olive","1.0.0",112,"https://hex.pm/api/packages/olive/releases/1.0.0","2025-02-21T09:59:28.941Z","2025-02-21T09:59:25.940Z","2025-03-05T14:16:12.558Z"
"olive","1.1.0",32,"https://hex.pm/api/packages/olive/releases/1.1.0","2025-02-22T08:54:39.180Z","2025-02-22T08:54:35.203Z","2025-03-05T14:16:12.558Z"
"olive","1.2.0",32,"https://hex.pm/api/packages/olive/releases/1.2.0","2025-02-23T21:10:07.961Z","2025-02-23T21:10:05.434Z","2025-03-05T14:16:12.558Z"
"olive","1.3.0",135,"https://hex.pm/api/packages/olive/releases/1.3.0","2025-02-25T09:55:47.730Z","2025-02-25T09:55:44.866Z","2025-03-05T14:16:12.558Z"
"olive","1.3.1",16,"https://hex.pm/api/packages/olive/releases/1.3.1","2025-03-03T14:48:56.249Z","2025-03-03T14:48:51.420Z","2025-03-05T14:16:12.558Z"
"olive","1.4.0",28,"https://hex.pm/api/packages/olive/releases/1.4.0","2025-03-03T15:22:56.618Z","2025-03-03T15:22:51.788Z","2025-03-05T14:16:12.558Z"
"ollama_gleam","0.0.1",16,"https://hex.pm/api/packages/ollama_gleam/releases/0.0.1","2024-08-21T02:33:50.074Z","2024-08-21T02:33:47.076Z","2024-08-25T19:23:02.977Z"
"ollama_gleam","0.0.2",10,"https://hex.pm/api/packages/ollama_gleam/releases/0.0.2","2024-08-22T21:24:37.645Z","2024-08-22T21:24:34.901Z","2024-08-25T19:23:02.977Z"
"omnimessage_lustre","0.1.0",24,"https://hex.pm/api/packages/omnimessage_lustre/releases/0.1.0","2024-11-18T13:59:47.049Z","2024-11-18T13:59:44.179Z","2025-01-21T17:31:35.073Z"
"omnimessage_lustre","0.2.0",17,"https://hex.pm/api/packages/omnimessage_lustre/releases/0.2.0","2025-01-19T15:49:37.364Z","2025-01-19T15:49:34.530Z","2025-01-21T17:31:35.073Z"
"omnimessage_server","0.1.0",26,"https://hex.pm/api/packages/omnimessage_server/releases/0.1.0","2024-11-18T14:00:22.812Z","2024-11-18T14:00:20.081Z","2025-01-21T17:31:34.005Z"
"omnimessage_server","0.2.0",17,"https://hex.pm/api/packages/omnimessage_server/releases/0.2.0","2025-01-19T15:50:08.169Z","2025-01-19T15:50:05.460Z","2025-01-21T17:31:34.004Z"
"open_color","1.0.0",26,"https://hex.pm/api/packages/open_color/releases/1.0.0","2024-03-10T19:45:28.346Z","2024-03-10T19:45:26.101Z","2024-07-03T00:33:46.966Z"
"openfeature","0.0.1",16,"https://hex.pm/api/packages/openfeature/releases/0.0.1","2024-07-18T11:01:26.708Z","2024-07-03T22:40:03.030Z","2024-07-26T03:01:07.182Z"
"openfeature","0.0.2",16,"https://hex.pm/api/packages/openfeature/releases/0.0.2","2024-07-18T11:01:36.884Z","2024-07-03T22:50:38.922Z","2024-07-26T03:01:07.182Z"
"openfeature","0.0.3",18,"https://hex.pm/api/packages/openfeature/releases/0.0.3","2024-07-18T11:01:45.106Z","2024-07-05T16:42:21.491Z","2024-07-26T03:01:07.182Z"
"openfeature","0.0.4",18,"https://hex.pm/api/packages/openfeature/releases/0.0.4","2024-07-18T11:01:51.854Z","2024-07-05T17:34:54.308Z","2024-07-26T03:01:07.182Z"
"openfeature","0.0.5",18,"https://hex.pm/api/packages/openfeature/releases/0.0.5","2024-07-18T11:01:58.867Z","2024-07-06T11:21:55.078Z","2024-07-26T03:01:07.182Z"
"openfeature","0.0.6",18,"https://hex.pm/api/packages/openfeature/releases/0.0.6","2024-07-18T11:02:09.376Z","2024-07-06T11:48:39.287Z","2024-07-26T03:01:07.182Z"
"openfeature","0.0.7",18,"https://hex.pm/api/packages/openfeature/releases/0.0.7","2024-07-18T11:02:16.748Z","2024-07-06T13:01:27.477Z","2024-07-26T03:01:07.182Z"
"openfeature","0.1.0",10,"https://hex.pm/api/packages/openfeature/releases/0.1.0","2024-07-18T11:06:56.635Z","2024-07-15T20:29:53.713Z","2024-07-26T03:01:07.182Z"
"openfeature","0.1.1",8,"https://hex.pm/api/packages/openfeature/releases/0.1.1","2024-07-18T11:07:04.917Z","2024-07-15T20:51:08.457Z","2024-07-26T03:01:07.182Z"
"openfeature","0.1.2",10,"https://hex.pm/api/packages/openfeature/releases/0.1.2","2024-07-18T11:07:12.520Z","2024-07-15T20:53:55.258Z","2024-07-26T03:01:07.182Z"
"openfeature","0.2.0",8,"https://hex.pm/api/packages/openfeature/releases/0.2.0","2024-07-18T11:07:23.032Z","2024-07-15T21:33:09.194Z","2024-07-26T03:01:07.182Z"
"openfeature","0.3.0",8,"https://hex.pm/api/packages/openfeature/releases/0.3.0","2024-07-18T11:07:30.754Z","2024-07-16T20:57:23.389Z","2024-07-26T03:01:07.182Z"
"openfeature","0.4.0",8,"https://hex.pm/api/packages/openfeature/releases/0.4.0","2024-07-17T13:06:26.118Z","2024-07-17T13:06:23.481Z","2024-07-26T03:01:07.182Z"
"openfeature","0.4.1",6,"https://hex.pm/api/packages/openfeature/releases/0.4.1","2024-07-17T13:12:40.675Z","2024-07-17T13:12:38.135Z","2024-07-26T03:01:07.182Z"
"openfeature","0.4.2",6,"https://hex.pm/api/packages/openfeature/releases/0.4.2","2024-07-18T10:52:50.997Z","2024-07-18T10:48:46.464Z","2024-07-26T03:01:07.182Z"
"openfeature","0.5.0",8,"https://hex.pm/api/packages/openfeature/releases/0.5.0","2024-07-22T21:35:03.259Z","2024-07-22T21:35:00.549Z","2024-07-26T03:01:07.182Z"
"openfeature","0.6.0",6,"https://hex.pm/api/packages/openfeature/releases/0.6.0","2024-07-23T18:09:52.992Z","2024-07-23T18:09:50.444Z","2024-07-26T03:01:07.182Z"
"openrouter_client","0.0.1",12,"https://hex.pm/api/packages/openrouter_client/releases/0.0.1","2024-11-19T17:31:12.192Z","2024-11-19T16:23:45.286Z","2024-11-21T07:29:42.209Z"
"openrouter_client","0.0.2",12,"https://hex.pm/api/packages/openrouter_client/releases/0.0.2","2024-11-19T17:44:02.347Z","2024-11-19T17:43:59.591Z","2024-11-21T07:29:42.209Z"
"opt_args_with_defs_for_gleam","1.0.0",44,"https://hex.pm/api/packages/opt_args_with_defs_for_gleam/releases/1.0.0","2024-05-03T11:58:17.506Z","2024-05-03T11:58:14.966Z","2024-07-03T00:01:35.819Z"
"optimist","1.0.0",6,"https://hex.pm/api/packages/optimist/releases/1.0.0","2024-11-26T11:34:50.811Z","2024-11-26T11:34:48.382Z","2024-11-27T17:20:09.183Z"
"ordered_dict","1.0.0",22,"https://hex.pm/api/packages/ordered_dict/releases/1.0.0","2024-11-30T01:42:12.409Z","2024-11-30T01:42:09.547Z","2024-12-07T03:10:22.599Z"
"ordered_dict","1.0.1",16,"https://hex.pm/api/packages/ordered_dict/releases/1.0.1","2024-12-04T18:02:52.148Z","2024-12-04T18:02:49.471Z","2024-12-07T03:10:22.599Z"
"ormlette","1.0.1",14,"https://hex.pm/api/packages/ormlette/releases/1.0.1","2024-10-11T18:33:28.325Z","2024-10-11T18:33:25.281Z","2024-10-15T03:26:22.057Z"
"ormlette","1.0.2",14,"https://hex.pm/api/packages/ormlette/releases/1.0.2","2024-10-13T02:09:59.942Z","2024-10-13T02:09:57.204Z","2024-10-15T03:26:22.057Z"
"oteap","0.1.0",50,"https://hex.pm/api/packages/oteap/releases/0.1.0","2023-07-11T02:35:26.311Z","2023-07-11T02:35:23.873Z","2024-07-03T01:28:41.527Z"
"outcome","0.1.0",36,"https://hex.pm/api/packages/outcome/releases/0.1.0","2024-07-23T01:13:31.353Z","2024-07-23T01:13:23.170Z","2025-04-11T22:42:07.734Z"
"outcome","0.10.0",44,"https://hex.pm/api/packages/outcome/releases/0.10.0","2024-07-30T05:35:38.004Z","2024-07-30T05:35:35.011Z","2025-04-11T22:42:07.734Z"
"outcome","0.10.1",42,"https://hex.pm/api/packages/outcome/releases/0.10.1","2024-07-31T11:21:08.843Z","2024-07-31T11:21:05.858Z","2025-04-11T22:42:07.734Z"
"outcome","0.10.2",46,"https://hex.pm/api/packages/outcome/releases/0.10.2","2024-08-01T13:20:27.311Z","2024-08-01T13:20:24.327Z","2025-04-11T22:42:07.734Z"
"outcome","0.11.0",100,"https://hex.pm/api/packages/outcome/releases/0.11.0","2024-08-09T03:17:24.089Z","2024-08-09T03:17:21.191Z","2025-04-11T22:42:07.734Z"
"outcome","0.2.0",40,"https://hex.pm/api/packages/outcome/releases/0.2.0","2024-07-23T02:36:44.796Z","2024-07-23T02:36:41.663Z","2025-04-11T22:42:07.734Z"
"outcome","0.3.0",42,"https://hex.pm/api/packages/outcome/releases/0.3.0","2024-07-23T05:34:30.258Z","2024-07-23T05:34:27.383Z","2025-04-11T22:42:07.734Z"
"outcome","0.3.1",40,"https://hex.pm/api/packages/outcome/releases/0.3.1","2024-07-23T06:27:24.950Z","2024-07-23T06:27:22.018Z","2025-04-11T22:42:07.734Z"
"outcome","0.4.0",42,"https://hex.pm/api/packages/outcome/releases/0.4.0","2024-07-23T07:02:01.764Z","2024-07-23T07:01:58.637Z","2025-04-11T22:42:07.734Z"
"outcome","0.5.0",42,"https://hex.pm/api/packages/outcome/releases/0.5.0","2024-07-23T12:54:04.831Z","2024-07-23T12:54:01.880Z","2025-04-11T22:42:07.734Z"
"outcome","0.5.1",42,"https://hex.pm/api/packages/outcome/releases/0.5.1","2024-07-23T13:03:01.055Z","2024-07-23T13:02:58.442Z","2025-04-11T22:42:07.734Z"
"outcome","0.6.0",46,"https://hex.pm/api/packages/outcome/releases/0.6.0","2024-07-23T23:02:45.008Z","2024-07-23T23:02:41.654Z","2025-04-11T22:42:07.734Z"
"outcome","0.7.0",48,"https://hex.pm/api/packages/outcome/releases/0.7.0","2024-07-24T12:56:48.906Z","2024-07-24T12:56:46.107Z","2025-04-11T22:42:07.734Z"
"outcome","0.8.0",44,"https://hex.pm/api/packages/outcome/releases/0.8.0","2024-07-28T11:24:42.420Z","2024-07-28T11:24:38.811Z","2025-04-11T22:42:07.734Z"
"outcome","0.8.1",44,"https://hex.pm/api/packages/outcome/releases/0.8.1","2024-07-28T11:27:55.379Z","2024-07-28T11:27:52.494Z","2025-04-11T22:42:07.734Z"
"outcome","0.9.0",44,"https://hex.pm/api/packages/outcome/releases/0.9.0","2024-07-28T22:54:49.714Z","2024-07-28T22:54:46.502Z","2025-04-11T22:42:07.734Z"
"outcome","1.0.0",113,"https://hex.pm/api/packages/outcome/releases/1.0.0","2025-02-25T12:20:09.225Z","2025-02-25T12:20:05.942Z","2025-04-11T22:42:07.734Z"
"outcome","1.1.0",130,"https://hex.pm/api/packages/outcome/releases/1.1.0","2025-03-24T09:59:37.331Z","2025-03-24T09:59:34.333Z","2025-04-11T22:42:07.734Z"
"outcome","2.0.0",14,"https://hex.pm/api/packages/outcome/releases/2.0.0","2025-04-09T02:39:07.559Z","2025-04-09T02:39:04.067Z","2025-04-11T22:42:07.734Z"
"outcome","3.0.0",14,"https://hex.pm/api/packages/outcome/releases/3.0.0","2025-04-09T05:49:36.216Z","2025-04-09T05:49:33.488Z","2025-04-11T22:42:07.734Z"
"outil","0.1.0",185,"https://hex.pm/api/packages/outil/releases/0.1.0","2023-02-05T21:10:33.640Z","2023-02-05T21:10:30.810Z","2024-07-03T01:04:54.430Z"
"outil","0.2.0",104,"https://hex.pm/api/packages/outil/releases/0.2.0","2023-02-06T23:27:19.258Z","2023-02-06T23:27:17.009Z","2024-07-03T01:04:54.430Z"
"outil","0.2.1",77,"https://hex.pm/api/packages/outil/releases/0.2.1","2023-02-07T07:32:51.128Z","2023-02-07T07:32:48.776Z","2024-07-03T01:04:54.430Z"
"outil","0.3.0",67,"https://hex.pm/api/packages/outil/releases/0.3.0","2023-02-07T21:23:36.525Z","2023-02-07T21:23:34.224Z","2024-07-03T01:04:54.430Z"
"outil","0.3.1",60,"https://hex.pm/api/packages/outil/releases/0.3.1","2023-02-08T21:32:08.289Z","2023-02-08T21:32:06.032Z","2024-07-03T01:04:54.430Z"
"outil","0.3.2",61,"https://hex.pm/api/packages/outil/releases/0.3.2","2023-02-10T21:18:41.297Z","2023-02-10T21:18:38.870Z","2024-07-03T01:04:54.430Z"
"outil","0.3.2-rc.1",58,"https://hex.pm/api/packages/outil/releases/0.3.2-rc.1","2023-02-10T21:13:43.237Z","2023-02-10T21:13:40.980Z","2024-07-03T01:04:54.430Z"
"outil","0.3.3",79,"https://hex.pm/api/packages/outil/releases/0.3.3","2023-02-10T21:59:33.898Z","2023-02-10T21:59:31.732Z","2024-07-03T01:04:54.430Z"
"outil","0.3.3-rc.1",64,"https://hex.pm/api/packages/outil/releases/0.3.3-rc.1","2023-02-10T21:43:47.067Z","2023-02-10T21:43:44.875Z","2024-07-03T01:04:54.430Z"
"outil","0.4.0",72,"https://hex.pm/api/packages/outil/releases/0.4.0","2023-03-07T22:38:37.138Z","2023-03-07T22:38:34.842Z","2024-07-03T01:04:54.430Z"
"outil","0.4.0-rc.1",58,"https://hex.pm/api/packages/outil/releases/0.4.0-rc.1","2023-03-07T22:08:15.285Z","2023-03-07T22:08:12.805Z","2024-07-03T01:04:54.430Z"
"outil","0.5.0",78,"https://hex.pm/api/packages/outil/releases/0.5.0","2023-11-16T21:21:03.865Z","2023-11-16T21:21:01.740Z","2024-07-03T01:04:54.430Z"
"outkeep","0.1.0",28,"https://hex.pm/api/packages/outkeep/releases/0.1.0","2024-09-08T09:12:59.640Z","2024-09-08T09:12:57.092Z","2024-09-18T16:23:43.305Z"
"outkeep","0.1.1",20,"https://hex.pm/api/packages/outkeep/releases/0.1.1","2024-09-08T10:30:53.345Z","2024-09-08T10:30:50.670Z","2024-09-18T16:23:43.305Z"
"outkeep","0.2.0",12,"https://hex.pm/api/packages/outkeep/releases/0.2.0","2024-09-15T22:27:31.033Z","2024-09-15T22:27:28.543Z","2024-09-18T16:23:43.305Z"
"outkeep","0.2.1",12,"https://hex.pm/api/packages/outkeep/releases/0.2.1","2024-09-16T00:44:20.665Z","2024-09-16T00:44:17.843Z","2024-09-18T16:23:43.305Z"
"owoify_gleam","1.0.0",22,"https://hex.pm/api/packages/owoify_gleam/releases/1.0.0","2024-03-21T05:57:47.425Z","2024-03-21T05:57:44.603Z","2024-07-03T00:22:02.279Z"
"p5js_gleam","1.0.0",93,"https://hex.pm/api/packages/p5js_gleam/releases/1.0.0","2024-03-21T03:26:40.553Z","2024-03-21T03:26:37.883Z","2024-07-31T05:38:43.337Z"
"p5js_gleam","1.0.1",98,"https://hex.pm/api/packages/p5js_gleam/releases/1.0.1","2024-03-21T03:50:23.525Z","2024-03-21T03:50:21.177Z","2024-07-31T05:38:43.337Z"
"p5js_gleam","1.0.2",92,"https://hex.pm/api/packages/p5js_gleam/releases/1.0.2","2024-04-20T01:48:28.799Z","2024-04-20T01:48:26.309Z","2024-07-31T05:38:43.337Z"
"p5js_gleam","2.0.0",42,"https://hex.pm/api/packages/p5js_gleam/releases/2.0.0","2024-04-22T02:12:26.654Z","2024-04-22T02:12:24.339Z","2024-07-31T05:38:43.337Z"
"p5js_gleam","2.0.1",47,"https://hex.pm/api/packages/p5js_gleam/releases/2.0.1","2024-04-25T01:28:02.785Z","2024-04-25T01:26:32.607Z","2024-07-31T05:38:43.337Z"
"p5js_gleam","2.0.2",42,"https://hex.pm/api/packages/p5js_gleam/releases/2.0.2","2024-04-25T13:27:37.357Z","2024-04-25T13:23:34.015Z","2024-07-31T05:38:43.336Z"
"p5js_gleam","2.1.0",43,"https://hex.pm/api/packages/p5js_gleam/releases/2.1.0","2024-04-29T05:18:50.596Z","2024-04-29T05:15:50.064Z","2024-07-31T05:38:43.336Z"
"p5js_gleam","2.1.1",46,"https://hex.pm/api/packages/p5js_gleam/releases/2.1.1","2024-04-30T23:32:02.194Z","2024-04-30T23:31:59.859Z","2024-07-31T05:38:43.336Z"
"p5js_gleam","2.1.2",76,"https://hex.pm/api/packages/p5js_gleam/releases/2.1.2","2024-05-01T02:42:34.035Z","2024-05-01T02:42:31.690Z","2024-07-31T05:38:43.336Z"
"p5js_gleam","3.0.0",8,"https://hex.pm/api/packages/p5js_gleam/releases/3.0.0","2024-07-28T14:52:35.537Z","2024-07-28T14:46:56.392Z","2024-07-31T05:38:43.336Z"
"paint","0.1.0",18,"https://hex.pm/api/packages/paint/releases/0.1.0","2024-09-03T14:39:53.125Z","2024-09-03T14:39:50.513Z","2024-09-23T19:18:02.174Z"
"paint","0.2.0",36,"https://hex.pm/api/packages/paint/releases/0.2.0","2024-09-09T15:23:31.919Z","2024-09-09T15:23:29.273Z","2024-09-23T19:18:02.174Z"
"paint","0.2.1",14,"https://hex.pm/api/packages/paint/releases/0.2.1","2024-09-17T17:14:11.372Z","2024-09-17T17:14:08.809Z","2024-09-23T19:18:02.173Z"
"paint","0.2.2",18,"https://hex.pm/api/packages/paint/releases/0.2.2","2024-09-17T17:40:17.101Z","2024-09-17T17:40:14.304Z","2024-09-23T19:18:02.173Z"
"paint","0.3.0",12,"https://hex.pm/api/packages/paint/releases/0.3.0","2024-09-20T18:30:43.692Z","2024-09-20T18:30:41.021Z","2024-09-23T19:18:02.173Z"
"palabres","0.1.0",64,"https://hex.pm/api/packages/palabres/releases/0.1.0","2024-12-17T12:09:19.998Z","2024-12-17T09:56:38.773Z","2025-03-10T07:32:01.853Z"
"palabres","0.2.0",6685,"https://hex.pm/api/packages/palabres/releases/0.2.0","2024-12-17T14:01:34.979Z","2024-12-17T14:01:31.924Z","2025-03-10T07:32:01.853Z"
"palabres","0.3.0",435,"https://hex.pm/api/packages/palabres/releases/0.3.0","2025-02-25T10:57:51.811Z","2025-02-25T10:57:49.175Z","2025-03-10T07:32:01.853Z"
"palabres","0.4.0",30,"https://hex.pm/api/packages/palabres/releases/0.4.0","2025-03-07T11:33:38.690Z","2025-03-07T11:33:36.195Z","2025-03-10T07:32:01.853Z"
"palabres","0.4.1",16,"https://hex.pm/api/packages/palabres/releases/0.4.1","2025-03-07T13:38:00.945Z","2025-03-07T13:37:58.272Z","2025-03-10T07:32:01.853Z"
"palabres_wisp","0.4.0",14,"https://hex.pm/api/packages/palabres_wisp/releases/0.4.0","2025-03-07T12:43:03.982Z","2025-03-07T12:43:01.227Z","2025-03-10T07:32:02.896Z"
"palindrome","0.2.0",28,"https://hex.pm/api/packages/palindrome/releases/0.2.0","2024-05-22T13:46:16.975Z","2024-05-22T13:46:14.142Z","2024-07-02T23:52:27.903Z"
"panel","0.0.1",26,"https://hex.pm/api/packages/panel/releases/0.0.1","2024-03-14T22:27:58.490Z","2024-03-14T22:27:56.459Z","2024-07-03T00:31:34.433Z"
"panel","0.0.2",26,"https://hex.pm/api/packages/panel/releases/0.0.2","2024-03-14T22:30:59.394Z","2024-03-14T22:30:57.143Z","2024-07-03T00:31:34.433Z"
"parallel_map","1.0.0",72,"https://hex.pm/api/packages/parallel_map/releases/1.0.0","2024-05-05T00:13:09.562Z","2024-04-19T07:39:53.256Z","2025-03-08T04:03:24.824Z"
"parallel_map","2.0.0",171,"https://hex.pm/api/packages/parallel_map/releases/2.0.0","2024-04-20T04:42:31.489Z","2024-04-20T04:34:48.690Z","2025-03-08T04:03:24.824Z"
"parallel_map","2.1.0",1265,"https://hex.pm/api/packages/parallel_map/releases/2.1.0","2024-08-18T12:47:33.986Z","2024-08-18T12:47:31.451Z","2025-03-08T04:03:24.824Z"
"parallel_map","3.0.0",18,"https://hex.pm/api/packages/parallel_map/releases/3.0.0","2025-03-06T10:33:43.982Z","2025-03-06T10:33:41.893Z","2025-03-08T04:03:24.824Z"
"parrot","0.0.1",14,"https://hex.pm/api/packages/parrot/releases/0.0.1","2025-03-16T18:19:55.225Z","2025-03-16T18:16:33.259Z","2025-03-18T21:31:24.748Z"
"parser_gleam","0.0.1",43,"https://hex.pm/api/packages/parser_gleam/releases/0.0.1","2022-08-17T23:55:02.341Z","2022-08-17T23:54:58.689Z","2024-07-03T02:12:46.586Z"
"parser_gleam","0.0.2",45,"https://hex.pm/api/packages/parser_gleam/releases/0.0.2","2022-08-18T04:25:04.135Z","2022-08-18T04:25:00.160Z","2024-07-03T02:12:46.586Z"
"parser_gleam","0.0.3",43,"https://hex.pm/api/packages/parser_gleam/releases/0.0.3","2022-08-20T03:30:47.486Z","2022-08-20T03:30:43.116Z","2024-07-03T02:12:46.586Z"
"parser_gleam","0.0.4",43,"https://hex.pm/api/packages/parser_gleam/releases/0.0.4","2022-08-20T03:44:45.431Z","2022-08-20T03:44:40.827Z","2024-07-03T02:12:46.586Z"
"parser_gleam","0.0.5",47,"https://hex.pm/api/packages/parser_gleam/releases/0.0.5","2022-08-21T06:40:39.019Z","2022-08-21T06:40:34.412Z","2024-07-03T02:12:46.586Z"
"parser_gleam","0.0.6",47,"https://hex.pm/api/packages/parser_gleam/releases/0.0.6","2022-08-21T06:51:14.059Z","2022-08-21T06:51:09.634Z","2024-07-03T02:12:46.586Z"
"parser_gleam","0.0.7",49,"https://hex.pm/api/packages/parser_gleam/releases/0.0.7","2022-08-21T07:17:00.812Z","2022-08-21T07:16:56.511Z","2024-07-03T02:12:46.586Z"
"parser_gleam","0.0.8",69,"https://hex.pm/api/packages/parser_gleam/releases/0.0.8","2022-08-21T21:18:17.751Z","2022-08-21T21:18:13.055Z","2024-07-03T02:12:46.585Z"
"parsley","1.0.0",20,"https://hex.pm/api/packages/parsley/releases/1.0.0","2025-03-29T03:12:39.021Z","2025-03-29T03:12:36.704Z","2025-04-02T12:01:06.802Z"
"parsley","1.1.1",20,"https://hex.pm/api/packages/parsley/releases/1.1.1","2025-03-30T17:07:06.214Z","2025-03-30T17:07:02.853Z","2025-04-02T12:01:06.802Z"
"party","0.1.0",73,"https://hex.pm/api/packages/party/releases/0.1.0","2023-08-08T05:09:34.481Z","2023-08-08T05:09:31.748Z","2024-12-13T13:12:20.101Z"
"party","0.1.1",75,"https://hex.pm/api/packages/party/releases/0.1.1","2023-08-08T09:36:06.554Z","2023-08-08T09:36:03.730Z","2024-12-13T13:12:20.101Z"
"party","0.1.2",72,"https://hex.pm/api/packages/party/releases/0.1.2","2023-09-18T06:55:50.450Z","2023-09-18T06:55:47.395Z","2024-12-13T13:12:20.101Z"
"party","0.1.3",167,"https://hex.pm/api/packages/party/releases/0.1.3","2023-10-01T00:54:17.801Z","2023-10-01T00:54:15.125Z","2024-12-13T13:12:20.101Z"
"party","1.0.0",87,"https://hex.pm/api/packages/party/releases/1.0.0","2024-03-21T22:30:26.171Z","2024-03-21T22:30:23.860Z","2024-12-13T13:12:20.101Z"
"party","1.0.1",58,"https://hex.pm/api/packages/party/releases/1.0.1","2024-03-29T03:56:08.002Z","2024-03-29T03:56:05.195Z","2024-12-13T13:12:20.101Z"
"party","1.0.2",121,"https://hex.pm/api/packages/party/releases/1.0.2","2024-04-05T18:31:27.028Z","2024-04-05T18:31:23.629Z","2024-12-13T13:12:20.101Z"
"party","1.0.3",302,"https://hex.pm/api/packages/party/releases/1.0.3","2024-07-31T08:21:55.542Z","2024-07-31T08:21:52.001Z","2024-12-13T13:12:20.101Z"
"party","1.0.4",160,"https://hex.pm/api/packages/party/releases/1.0.4","2024-08-10T08:24:55.751Z","2024-08-10T08:12:37.523Z","2024-12-13T13:12:20.101Z"
"party","1.0.5",541,"https://hex.pm/api/packages/party/releases/1.0.5","2024-09-12T00:44:03.937Z","2024-09-12T00:44:01.313Z","2024-12-13T13:12:20.101Z"
"party","1.0.6",20,"https://hex.pm/api/packages/party/releases/1.0.6","2024-12-12T05:38:11.813Z","2024-12-12T05:38:09.192Z","2024-12-13T13:12:20.101Z"
"parz","0.0.1",8,"https://hex.pm/api/packages/parz/releases/0.0.1","2024-07-19T22:34:04.773Z","2024-07-19T22:34:02.535Z","2024-07-23T23:48:38.165Z"
"parz","0.0.2",8,"https://hex.pm/api/packages/parz/releases/0.0.2","2024-07-20T06:06:47.483Z","2024-07-20T06:06:45.006Z","2024-07-23T23:48:38.165Z"
"parz","0.0.3",8,"https://hex.pm/api/packages/parz/releases/0.0.3","2024-07-20T06:32:43.844Z","2024-07-20T06:32:40.792Z","2024-07-23T23:48:38.165Z"
"pathern","0.0.1",22,"https://hex.pm/api/packages/pathern/releases/0.0.1","2025-01-20T20:49:15.597Z","2025-01-20T20:49:12.190Z","2025-01-27T17:32:23.595Z"
"pathern","0.1.0",20,"https://hex.pm/api/packages/pathern/releases/0.1.0","2025-01-21T15:35:56.547Z","2025-01-21T15:35:52.921Z","2025-01-27T17:32:23.595Z"
"pathern","0.2.0",12,"https://hex.pm/api/packages/pathern/releases/0.2.0","2025-01-24T18:46:28.597Z","2025-01-24T18:46:24.632Z","2025-01-27T17:32:23.595Z"
"pb_lite","0.1.0",67,"https://hex.pm/api/packages/pb_lite/releases/0.1.0","2022-10-04T10:58:46.878Z","2022-10-04T10:58:42.728Z","2024-07-03T02:07:41.700Z"
"pcl","1.0.0",14,"https://hex.pm/api/packages/pcl/releases/1.0.0","2024-08-23T22:44:47.529Z","2024-08-23T22:44:44.836Z","2024-08-27T22:30:45.104Z"
"pcl","1.1.0",10,"https://hex.pm/api/packages/pcl/releases/1.1.0","2024-08-24T16:12:29.292Z","2024-08-24T16:12:26.409Z","2024-08-27T22:30:45.104Z"
"pcl","1.2.0",10,"https://hex.pm/api/packages/pcl/releases/1.2.0","2024-08-25T15:45:26.056Z","2024-08-25T15:45:23.516Z","2024-08-27T22:30:45.104Z"
"pears","0.1.0",30,"https://hex.pm/api/packages/pears/releases/0.1.0","2024-03-13T22:12:38.841Z","2024-03-13T22:12:36.421Z","2024-07-18T11:06:42.635Z"
"pears","0.2.0",32,"https://hex.pm/api/packages/pears/releases/0.2.0","2024-03-14T17:37:02.911Z","2024-03-14T17:37:00.107Z","2024-07-18T11:06:42.634Z"
"pears","0.2.1",35,"https://hex.pm/api/packages/pears/releases/0.2.1","2024-03-14T22:33:22.575Z","2024-03-14T22:33:20.183Z","2024-07-18T11:06:42.634Z"
"pears","0.2.2",35,"https://hex.pm/api/packages/pears/releases/0.2.2","2024-03-19T22:45:22.762Z","2024-03-19T22:45:20.300Z","2024-07-18T11:06:42.634Z"
"pears","0.3.0",244,"https://hex.pm/api/packages/pears/releases/0.3.0","2024-03-20T17:05:15.354Z","2024-03-20T17:05:12.368Z","2024-07-18T11:06:42.634Z"
"pears","0.4.0",8,"https://hex.pm/api/packages/pears/releases/0.4.0","2024-07-16T09:14:26.250Z","2024-07-16T09:14:23.342Z","2024-07-18T11:06:42.634Z"
"pegasus_crypto","0.0.1",12,"https://hex.pm/api/packages/pegasus_crypto/releases/0.0.1","2025-02-27T16:00:54.035Z","2025-02-27T15:32:27.663Z","2025-03-03T00:29:26.250Z"
"peggy","0.1.0",46,"https://hex.pm/api/packages/peggy/releases/0.1.0","2024-04-29T04:24:20.910Z","2024-04-29T04:24:18.649Z","2024-07-03T00:01:31.283Z"
"peggy","1.0.0",51,"https://hex.pm/api/packages/peggy/releases/1.0.0","2024-04-29T04:29:53.393Z","2024-04-29T04:19:21.402Z","2024-07-03T00:01:31.283Z"
"peggy","1.1.1",48,"https://hex.pm/api/packages/peggy/releases/1.1.1","2024-05-03T05:47:43.107Z","2024-05-03T05:47:40.600Z","2024-07-03T00:01:31.283Z"
"peggy","1.1.2",22,"https://hex.pm/api/packages/peggy/releases/1.1.2","2024-05-03T23:54:35.984Z","2024-05-03T23:54:33.050Z","2024-07-03T00:01:31.283Z"
"persevero","0.1.0",23,"https://hex.pm/api/packages/persevero/releases/0.1.0","2024-11-27T00:06:31.560Z","2024-11-27T00:06:27.414Z","2024-12-25T12:51:42.739Z"
"persevero","1.0.0",25,"https://hex.pm/api/packages/persevero/releases/1.0.0","2024-11-27T05:45:28.579Z","2024-11-27T05:45:26.043Z","2024-12-25T12:51:42.739Z"
"persevero","1.1.0",23,"https://hex.pm/api/packages/persevero/releases/1.1.0","2024-11-29T09:28:19.844Z","2024-11-29T09:28:17.257Z","2024-12-25T12:51:42.739Z"
"persevero","1.1.1",17,"https://hex.pm/api/packages/persevero/releases/1.1.1","2024-12-21T09:18:22.402Z","2024-12-21T09:18:19.677Z","2024-12-25T12:51:42.739Z"
"pevensie","0.1.0",22,"https://hex.pm/api/packages/pevensie/releases/0.1.0","2024-10-10T22:47:44.739Z","2024-10-10T22:42:05.041Z","2024-12-26T19:41:05.911Z"
"pevensie","1.0.0",32,"https://hex.pm/api/packages/pevensie/releases/1.0.0","2024-12-22T17:30:13.425Z","2024-12-22T17:30:10.351Z","2024-12-26T19:41:05.911Z"
"pevensie_postgres","1.0.0",19,"https://hex.pm/api/packages/pevensie_postgres/releases/1.0.0","2024-12-22T17:39:04.157Z","2024-12-22T17:39:01.429Z","2024-12-26T19:41:03.737Z"
"pevensie_redis","1.0.0",14,"https://hex.pm/api/packages/pevensie_redis/releases/1.0.0","2024-12-30T11:37:01.844Z","2024-12-30T11:36:59.065Z","2025-01-03T12:35:48.947Z"
"phonetic_gleam","0.1.0",23,"https://hex.pm/api/packages/phonetic_gleam/releases/0.1.0","2024-03-04T20:05:16.539Z","2024-03-04T19:53:17.445Z","2024-07-03T00:34:13.397Z"
"phonetic_gleam","0.1.1",26,"https://hex.pm/api/packages/phonetic_gleam/releases/0.1.1","2024-03-08T20:06:35.430Z","2024-03-08T20:06:33.150Z","2024-07-03T00:34:13.396Z"
"phony","0.1.0",96,"https://hex.pm/api/packages/phony/releases/0.1.0","2023-09-22T21:01:19.464Z","2023-09-22T21:01:13.983Z","2024-12-21T16:23:34.129Z"
"phony","0.2.0",105,"https://hex.pm/api/packages/phony/releases/0.2.0","2023-09-23T04:21:56.185Z","2023-09-23T02:28:13.203Z","2024-12-21T16:23:34.129Z"
"phony","0.3.0",99,"https://hex.pm/api/packages/phony/releases/0.3.0","2023-09-24T15:54:49.666Z","2023-09-24T15:54:43.557Z","2024-12-21T16:23:34.129Z"
"phony","0.4.0",98,"https://hex.pm/api/packages/phony/releases/0.4.0","2023-10-19T19:43:09.650Z","2023-10-19T19:41:55.055Z","2024-12-21T16:23:34.129Z"
"phony","0.5.0",88,"https://hex.pm/api/packages/phony/releases/0.5.0","2023-11-02T12:07:03.153Z","2023-11-02T12:02:42.853Z","2024-12-21T16:23:34.129Z"
"phony","0.6.0",80,"https://hex.pm/api/packages/phony/releases/0.6.0","2023-11-08T15:47:58.652Z","2023-11-08T15:47:53.193Z","2024-12-21T16:23:34.129Z"
"phony","1.0.0",72,"https://hex.pm/api/packages/phony/releases/1.0.0","2023-11-23T12:53:28.434Z","2023-11-23T12:53:25.632Z","2024-12-21T16:23:34.129Z"
"phony","1.0.1",94,"https://hex.pm/api/packages/phony/releases/1.0.1","2023-12-08T10:56:08.262Z","2023-12-08T10:56:04.811Z","2024-12-21T16:23:34.129Z"
"phony","1.1.0",96,"https://hex.pm/api/packages/phony/releases/1.1.0","2023-12-21T09:20:59.768Z","2023-12-21T09:20:56.822Z","2024-12-21T16:23:34.129Z"
"phony","1.1.1",90,"https://hex.pm/api/packages/phony/releases/1.1.1","2024-01-17T15:10:40.344Z","2024-01-17T15:10:36.830Z","2024-12-21T16:23:34.129Z"
"phony","1.1.10",36,"https://hex.pm/api/packages/phony/releases/1.1.10","2024-07-10T07:34:28.668Z","2024-07-10T07:34:26.085Z","2024-12-21T16:23:34.128Z"
"phony","1.1.11",29,"https://hex.pm/api/packages/phony/releases/1.1.11","2024-10-19T09:45:29.540Z","2024-10-19T09:45:27.091Z","2024-12-21T16:23:34.128Z"
"phony","1.1.2",99,"https://hex.pm/api/packages/phony/releases/1.1.2","2024-01-31T18:16:45.752Z","2024-01-31T18:16:42.814Z","2024-12-21T16:23:34.129Z"
"phony","1.1.3",94,"https://hex.pm/api/packages/phony/releases/1.1.3","2024-02-11T16:11:37.298Z","2024-02-11T16:11:35.080Z","2024-12-21T16:23:34.129Z"
"phony","1.1.4",64,"https://hex.pm/api/packages/phony/releases/1.1.4","2024-02-25T06:41:34.964Z","2024-02-25T06:41:32.663Z","2024-12-21T16:23:34.129Z"
"phony","1.1.5",64,"https://hex.pm/api/packages/phony/releases/1.1.5","2024-03-17T14:35:10.051Z","2024-03-17T14:35:07.858Z","2024-12-21T16:23:34.129Z"
"phony","1.1.6",110,"https://hex.pm/api/packages/phony/releases/1.1.6","2024-03-21T09:10:50.874Z","2024-03-21T09:10:48.583Z","2024-12-21T16:23:34.129Z"
"phony","1.1.7",58,"https://hex.pm/api/packages/phony/releases/1.1.7","2024-04-07T01:44:53.673Z","2024-04-07T01:44:51.553Z","2024-12-21T16:23:34.129Z"
"phony","1.1.8",58,"https://hex.pm/api/packages/phony/releases/1.1.8","2024-04-21T05:49:41.513Z","2024-04-21T05:49:39.220Z","2024-12-21T16:23:34.128Z"
"phony","1.1.9",42,"https://hex.pm/api/packages/phony/releases/1.1.9","2024-05-17T06:05:17.021Z","2024-05-17T06:05:14.326Z","2024-12-21T16:23:34.128Z"
"phony","1.2.0",10,"https://hex.pm/api/packages/phony/releases/1.2.0","2024-12-19T15:19:14.166Z","2024-12-19T15:19:11.717Z","2024-12-21T16:23:34.128Z"
"phosphor_lustre","0.1.0",10,"https://hex.pm/api/packages/phosphor_lustre/releases/0.1.0","2024-08-09T01:38:14.326Z","2024-08-09T01:38:11.576Z","2024-08-12T03:40:39.330Z"
"phosphor_lustre","1.0.0",12,"https://hex.pm/api/packages/phosphor_lustre/releases/1.0.0","2024-08-09T01:19:21.461Z","2024-08-09T01:19:18.640Z","2024-08-12T03:40:39.330Z"
"pickle","0.1.0",22,"https://hex.pm/api/packages/pickle/releases/0.1.0","2024-07-14T07:39:09.444Z","2024-07-14T07:39:07.160Z","2024-10-20T06:25:37.935Z"
"pickle","0.2.0",26,"https://hex.pm/api/packages/pickle/releases/0.2.0","2024-07-18T19:11:59.933Z","2024-07-18T19:11:57.628Z","2024-10-20T06:25:37.935Z"
"pickle","0.3.0",24,"https://hex.pm/api/packages/pickle/releases/0.3.0","2024-07-20T10:52:37.458Z","2024-07-20T10:52:35.085Z","2024-10-20T06:25:37.935Z"
"pickle","0.4.0",24,"https://hex.pm/api/packages/pickle/releases/0.4.0","2024-07-26T10:14:44.708Z","2024-07-26T10:14:42.144Z","2024-10-20T06:25:37.935Z"
"pickle","0.5.0",26,"https://hex.pm/api/packages/pickle/releases/0.5.0","2024-07-28T15:36:16.070Z","2024-07-28T15:36:13.672Z","2024-10-20T06:25:37.935Z"
"pickle","0.6.0",28,"https://hex.pm/api/packages/pickle/releases/0.6.0","2024-08-01T18:48:14.377Z","2024-08-01T18:48:09.014Z","2024-10-20T06:25:37.935Z"
"pickle","0.6.1",14,"https://hex.pm/api/packages/pickle/releases/0.6.1","2024-10-17T19:24:49.188Z","2024-10-17T19:24:46.771Z","2024-10-20T06:25:37.935Z"
"pika_id","1.0.0",38,"https://hex.pm/api/packages/pika_id/releases/1.0.0","2024-07-06T16:24:23.519Z","2024-07-06T16:24:20.772Z","2024-09-13T13:31:02.875Z"
"pika_id","1.1.0",12,"https://hex.pm/api/packages/pika_id/releases/1.1.0","2024-09-11T10:07:16.150Z","2024-09-11T10:07:13.538Z","2024-09-13T13:31:02.875Z"
"pine","0.0.1",14,"https://hex.pm/api/packages/pine/releases/0.0.1","2024-07-30T03:40:37.995Z","2024-07-30T03:40:35.420Z","2024-08-04T22:00:42.296Z"
"pine","0.0.2",14,"https://hex.pm/api/packages/pine/releases/0.0.2","2024-07-30T04:44:06.693Z","2024-07-30T04:44:04.146Z","2024-08-04T22:00:42.296Z"
"pine","0.0.3",16,"https://hex.pm/api/packages/pine/releases/0.0.3","2024-07-30T04:57:30.034Z","2024-07-30T04:57:27.610Z","2024-08-04T22:00:42.296Z"
"pine","0.0.4",12,"https://hex.pm/api/packages/pine/releases/0.0.4","2024-08-02T02:39:03.157Z","2024-08-02T02:39:00.665Z","2024-08-04T22:00:42.296Z"
"pink","1.0.0",45,"https://hex.pm/api/packages/pink/releases/1.0.0","2024-06-27T19:47:03.938Z","2024-06-27T19:47:01.193Z","2024-08-28T18:58:02.916Z"
"pink","2.0.0",14,"https://hex.pm/api/packages/pink/releases/2.0.0","2024-08-26T09:31:25.537Z","2024-08-26T09:31:22.903Z","2024-08-28T18:58:02.915Z"
"pinkdf2","1.0.0",18,"https://hex.pm/api/packages/pinkdf2/releases/1.0.0","2025-02-15T07:43:25.268Z","2025-02-15T07:21:43.790Z","2025-02-24T14:02:35.524Z"
"pinkdf2","1.1.0",18,"https://hex.pm/api/packages/pinkdf2/releases/1.1.0","2025-02-16T03:50:51.318Z","2025-02-16T03:39:03.769Z","2025-02-24T14:02:35.524Z"
"pinkdf2","2.0.0",14,"https://hex.pm/api/packages/pinkdf2/releases/2.0.0","2025-02-21T14:09:49.120Z","2025-02-21T14:06:48.311Z","2025-02-24T14:02:35.524Z"
"platform","1.0.0",68,"https://hex.pm/api/packages/platform/releases/1.0.0","2024-08-22T12:53:17.981Z","2024-08-22T12:53:14.694Z","2024-08-24T22:56:24.814Z"
"playground","1.0.0",16,"https://hex.pm/api/packages/playground/releases/1.0.0","2024-11-05T03:11:07.591Z","2024-11-05T03:11:04.851Z","2024-11-10T04:52:44.322Z"
"playground","1.1.0",14,"https://hex.pm/api/packages/playground/releases/1.1.0","2024-11-05T22:29:16.948Z","2024-11-05T22:29:14.223Z","2024-11-10T04:52:44.322Z"
"playground","1.2.0",10,"https://hex.pm/api/packages/playground/releases/1.2.0","2024-11-07T11:16:52.288Z","2024-11-07T11:16:49.361Z","2024-11-10T04:52:44.322Z"
"plex_pin_auth","1.0.0",17,"https://hex.pm/api/packages/plex_pin_auth/releases/1.0.0","2024-05-04T03:45:26.481Z","2024-05-04T03:45:23.414Z","2024-07-03T00:01:24.475Z"
"plex_pin_auth","1.0.1",27,"https://hex.pm/api/packages/plex_pin_auth/releases/1.0.1","2024-05-04T05:03:55.870Z","2024-05-04T05:03:52.946Z","2024-07-03T00:01:24.475Z"
"plinth","0.1.0",84,"https://hex.pm/api/packages/plinth/releases/0.1.0","2023-08-13T15:52:29.389Z","2023-08-13T15:52:26.888Z","2025-03-03T10:46:59.516Z"
"plinth","0.1.1",166,"https://hex.pm/api/packages/plinth/releases/0.1.1","2023-08-13T17:48:35.135Z","2023-08-13T17:48:32.667Z","2025-03-03T10:46:59.516Z"
"plinth","0.1.11",119,"https://hex.pm/api/packages/plinth/releases/0.1.11","2024-03-02T22:29:35.527Z","2024-03-02T22:29:33.163Z","2025-03-03T10:46:59.516Z"
"plinth","0.1.12",117,"https://hex.pm/api/packages/plinth/releases/0.1.12","2024-03-06T16:02:04.297Z","2024-03-06T16:02:01.829Z","2025-03-03T10:46:59.516Z"
"plinth","0.1.13",205,"https://hex.pm/api/packages/plinth/releases/0.1.13","2024-03-09T12:22:11.855Z","2024-03-09T12:22:09.459Z","2025-03-03T10:46:59.516Z"
"plinth","0.1.2",85,"https://hex.pm/api/packages/plinth/releases/0.1.2","2023-09-11T06:55:18.669Z","2023-09-11T06:55:16.048Z","2025-03-03T10:46:59.516Z"
"plinth","0.1.3",101,"https://hex.pm/api/packages/plinth/releases/0.1.3","2023-09-21T15:40:07.773Z","2023-09-21T15:40:05.293Z","2025-03-03T10:46:59.516Z"
"plinth","0.1.4",133,"https://hex.pm/api/packages/plinth/releases/0.1.4","2023-10-15T14:15:46.026Z","2023-10-15T14:15:43.771Z","2025-03-03T10:46:59.516Z"
"plinth","0.1.5",157,"https://hex.pm/api/packages/plinth/releases/0.1.5","2023-12-14T19:26:41.895Z","2023-12-14T19:26:39.309Z","2025-03-03T10:46:59.516Z"
"plinth","0.1.6",133,"https://hex.pm/api/packages/plinth/releases/0.1.6","2023-12-16T10:32:45.654Z","2023-12-16T10:32:43.023Z","2025-03-03T10:46:59.516Z"
"plinth","0.1.7",120,"https://hex.pm/api/packages/plinth/releases/0.1.7","2024-01-10T18:28:21.195Z","2024-01-10T18:28:18.824Z","2025-03-03T10:46:59.516Z"
"plinth","0.1.8",122,"https://hex.pm/api/packages/plinth/releases/0.1.8","2024-01-14T18:43:47.915Z","2024-01-14T18:43:45.335Z","2025-03-03T10:46:59.516Z"
"plinth","0.1.9",171,"https://hex.pm/api/packages/plinth/releases/0.1.9","2024-01-19T19:41:07.930Z","2024-01-19T19:41:04.111Z","2025-03-03T10:46:59.516Z"
"plinth","0.2.0",410,"https://hex.pm/api/packages/plinth/releases/0.2.0","2024-04-14T17:18:09.371Z","2024-04-14T17:18:06.478Z","2025-03-03T10:46:59.516Z"
"plinth","0.3.0",54,"https://hex.pm/api/packages/plinth/releases/0.3.0","2024-06-01T12:14:45.148Z","2024-06-01T12:14:42.422Z","2025-03-03T10:46:59.516Z"
"plinth","0.4.0",40,"https://hex.pm/api/packages/plinth/releases/0.4.0","2024-06-05T12:51:27.953Z","2024-06-05T12:51:25.119Z","2025-03-03T10:46:59.516Z"
"plinth","0.4.1",80,"https://hex.pm/api/packages/plinth/releases/0.4.1","2024-06-06T12:05:15.296Z","2024-06-06T12:05:12.481Z","2025-03-03T10:46:59.516Z"
"plinth","0.4.10",609,"https://hex.pm/api/packages/plinth/releases/0.4.10","2024-07-28T11:36:59.515Z","2024-07-28T11:36:56.781Z","2025-03-03T10:46:59.516Z"
"plinth","0.4.11",100,"https://hex.pm/api/packages/plinth/releases/0.4.11","2024-08-07T15:05:17.649Z","2024-08-07T15:05:14.899Z","2025-03-03T10:46:59.516Z"
"plinth","0.4.12",6378,"https://hex.pm/api/packages/plinth/releases/0.4.12","2024-08-10T16:52:41.592Z","2024-08-10T16:52:38.579Z","2025-03-03T10:46:59.516Z"
"plinth","0.4.13",32,"https://hex.pm/api/packages/plinth/releases/0.4.13","2024-09-25T07:07:47.206Z","2024-09-25T07:07:44.257Z","2025-03-03T10:46:59.516Z"
"plinth","0.4.14",750,"https://hex.pm/api/packages/plinth/releases/0.4.14","2024-09-25T11:52:08.587Z","2024-09-25T11:52:05.792Z","2025-03-03T10:46:59.516Z"
"plinth","0.4.15",2944,"https://hex.pm/api/packages/plinth/releases/0.4.15","2024-10-07T11:40:41.080Z","2024-10-07T11:40:38.105Z","2025-03-03T10:46:59.516Z"
"plinth","0.4.2",40,"https://hex.pm/api/packages/plinth/releases/0.4.2","2024-06-10T14:16:39.877Z","2024-06-10T14:16:36.967Z","2025-03-03T10:46:59.516Z"
"plinth","0.4.3",42,"https://hex.pm/api/packages/plinth/releases/0.4.3","2024-06-10T16:59:57.933Z","2024-06-10T16:59:54.916Z","2025-03-03T10:46:59.516Z"
"plinth","0.4.4",262,"https://hex.pm/api/packages/plinth/releases/0.4.4","2024-06-11T04:23:25.631Z","2024-06-11T04:23:22.776Z","2025-03-03T10:46:59.516Z"
"plinth","0.4.5",659,"https://hex.pm/api/packages/plinth/releases/0.4.5","2024-06-15T11:12:08.678Z","2024-06-15T11:12:05.870Z","2025-03-03T10:46:59.516Z"
"plinth","0.4.6",338,"https://hex.pm/api/packages/plinth/releases/0.4.6","2024-06-23T16:24:17.897Z","2024-06-23T16:24:14.677Z","2025-03-03T10:46:59.516Z"
"plinth","0.4.7",492,"https://hex.pm/api/packages/plinth/releases/0.4.7","2024-06-27T21:33:50.601Z","2024-06-27T21:33:47.916Z","2025-03-03T10:46:59.516Z"
"plinth","0.4.8",444,"https://hex.pm/api/packages/plinth/releases/0.4.8","2024-07-04T14:51:22.981Z","2024-07-04T14:51:20.050Z","2025-03-03T10:46:59.516Z"
"plinth","0.4.9",750,"https://hex.pm/api/packages/plinth/releases/0.4.9","2024-07-18T13:07:37.371Z","2024-07-18T13:07:33.013Z","2025-03-03T10:46:59.516Z"
"plinth","0.5.0",5484,"https://hex.pm/api/packages/plinth/releases/0.5.0","2024-10-16T17:04:24.003Z","2024-10-16T17:04:20.913Z","2025-03-03T10:46:59.516Z"
"plinth","0.5.1",685,"https://hex.pm/api/packages/plinth/releases/0.5.1","2024-11-15T13:08:22.256Z","2024-11-15T13:08:19.370Z","2025-03-03T10:46:59.516Z"
"plinth","0.5.2",51,"https://hex.pm/api/packages/plinth/releases/0.5.2","2024-11-25T08:48:25.732Z","2024-11-25T08:48:22.658Z","2025-03-03T10:46:59.516Z"
"plinth","0.5.3",94,"https://hex.pm/api/packages/plinth/releases/0.5.3","2024-11-27T06:02:14.698Z","2024-11-27T06:02:11.706Z","2025-03-03T10:46:59.516Z"
"plinth","0.5.4",496,"https://hex.pm/api/packages/plinth/releases/0.5.4","2024-11-28T10:59:48.816Z","2024-11-28T10:59:45.918Z","2025-03-03T10:46:59.516Z"
"plinth","0.5.5",1910,"https://hex.pm/api/packages/plinth/releases/0.5.5","2024-12-04T09:07:15.030Z","2024-12-04T09:07:11.998Z","2025-03-03T10:46:59.516Z"
"plinth","0.5.6",7503,"https://hex.pm/api/packages/plinth/releases/0.5.6","2024-12-31T13:17:50.169Z","2024-12-31T13:17:47.060Z","2025-03-03T10:46:59.516Z"
"plinth","0.5.7",1942,"https://hex.pm/api/packages/plinth/releases/0.5.7","2025-02-11T09:31:57.676Z","2025-02-11T09:31:50.212Z","2025-03-03T10:46:59.516Z"
"plinth","0.5.8",103,"https://hex.pm/api/packages/plinth/releases/0.5.8","2025-02-18T20:20:14.465Z","2025-02-18T20:20:07.456Z","2025-03-03T10:46:59.516Z"
"plinth","0.5.9",35,"https://hex.pm/api/packages/plinth/releases/0.5.9","2025-02-28T09:25:42.529Z","2025-02-28T09:25:35.926Z","2025-03-03T10:46:59.515Z"
"plunk","0.1.0",43,"https://hex.pm/api/packages/plunk/releases/0.1.0","2023-10-21T02:43:06.742Z","2023-10-15T00:27:09.261Z","2024-12-13T13:12:33.382Z"
"plunk","0.1.1",45,"https://hex.pm/api/packages/plunk/releases/0.1.1","2023-10-21T02:42:58.482Z","2023-10-21T02:38:36.819Z","2024-12-13T13:12:33.382Z"
"plunk","1.0.0",52,"https://hex.pm/api/packages/plunk/releases/1.0.0","2023-10-21T02:43:57.481Z","2023-10-21T02:43:55.005Z","2024-12-13T13:12:33.382Z"
"plunk","1.0.1",51,"https://hex.pm/api/packages/plunk/releases/1.0.1","2023-10-21T09:33:40.456Z","2023-10-21T09:33:37.816Z","2024-12-13T13:12:33.382Z"
"plunk","1.0.2",51,"https://hex.pm/api/packages/plunk/releases/1.0.2","2023-10-21T14:32:09.641Z","2023-10-21T14:32:07.244Z","2024-12-13T13:12:33.382Z"
"plunk","1.0.3",104,"https://hex.pm/api/packages/plunk/releases/1.0.3","2023-10-21T22:13:23.854Z","2023-10-21T22:13:21.275Z","2024-12-13T13:12:33.382Z"
"plunk","1.1.0",100,"https://hex.pm/api/packages/plunk/releases/1.1.0","2023-11-01T17:43:47.005Z","2023-11-01T17:43:44.164Z","2024-12-13T13:12:33.382Z"
"plunk","1.2.0",85,"https://hex.pm/api/packages/plunk/releases/1.2.0","2023-12-27T20:20:05.272Z","2023-12-27T20:20:02.942Z","2024-12-13T13:12:33.382Z"
"plunk","1.2.1",41,"https://hex.pm/api/packages/plunk/releases/1.2.1","2024-02-19T17:31:31.534Z","2024-02-19T17:31:29.296Z","2024-12-13T13:12:33.382Z"
"plunk","1.2.2",49,"https://hex.pm/api/packages/plunk/releases/1.2.2","2024-06-04T19:18:04.551Z","2024-06-04T19:18:02.090Z","2024-12-13T13:12:33.382Z"
"plunk","1.3.0",16,"https://hex.pm/api/packages/plunk/releases/1.3.0","2024-11-07T21:08:13.630Z","2024-11-07T21:08:11.070Z","2024-12-13T13:12:33.382Z"
"plunk","1.4.0",10,"https://hex.pm/api/packages/plunk/releases/1.4.0","2024-12-11T23:01:27.674Z","2024-12-11T23:01:23.863Z","2024-12-13T13:12:33.382Z"
"pngleam","1.0.0",12,"https://hex.pm/api/packages/pngleam/releases/1.0.0","2024-06-04T08:44:42.156Z","2024-06-04T08:44:38.512Z","2024-07-02T23:42:49.308Z"
"pngleam","1.0.1",12,"https://hex.pm/api/packages/pngleam/releases/1.0.1","2024-06-04T08:50:04.572Z","2024-06-04T08:50:01.532Z","2024-07-02T23:42:49.308Z"
"pngleam","1.0.2",28,"https://hex.pm/api/packages/pngleam/releases/1.0.2","2024-06-04T08:57:19.671Z","2024-06-04T08:57:16.759Z","2024-07-02T23:42:49.307Z"
"pngleam","1.1.0",18,"https://hex.pm/api/packages/pngleam/releases/1.1.0","2024-06-09T14:14:17.864Z","2024-06-09T14:14:15.044Z","2024-07-02T23:42:49.307Z"
"pocket_watch","1.0.0",10,"https://hex.pm/api/packages/pocket_watch/releases/1.0.0","2024-08-22T01:26:02.006Z","2024-08-22T01:25:57.873Z","2024-08-24T02:29:49.068Z"
"pog","1.0.0",3524,"https://hex.pm/api/packages/pog/releases/1.0.0","2024-11-11T14:28:10.863Z","2024-11-11T14:28:08.017Z","2025-01-20T00:23:57.339Z"
"pog","1.0.1",628,"https://hex.pm/api/packages/pog/releases/1.0.1","2024-11-26T14:28:44.912Z","2024-11-26T14:28:42.135Z","2025-01-20T00:23:57.339Z"
"pog","1.1.0",2930,"https://hex.pm/api/packages/pog/releases/1.1.0","2024-12-11T14:06:38.704Z","2024-12-11T14:06:35.981Z","2025-01-20T00:23:57.339Z"
"pog","2.0.0",199,"https://hex.pm/api/packages/pog/releases/2.0.0","2024-12-21T23:28:16.648Z","2024-12-21T23:28:12.982Z","2025-01-20T00:23:57.339Z"
"pog","3.0.0",26,"https://hex.pm/api/packages/pog/releases/3.0.0","2024-12-22T12:48:46.329Z","2024-12-22T12:48:42.407Z","2025-01-20T00:23:57.339Z"
"pog","3.1.0",338,"https://hex.pm/api/packages/pog/releases/3.1.0","2025-01-02T16:46:02.500Z","2024-12-22T15:45:35.487Z","2025-01-20T00:23:57.339Z"
"pog","3.1.1",273,"https://hex.pm/api/packages/pog/releases/3.1.1","2025-01-02T16:48:59.546Z","2025-01-02T16:48:56.578Z","2025-01-20T00:23:57.339Z"
"pog","3.2.0",26,"https://hex.pm/api/packages/pog/releases/3.2.0","2025-01-16T19:00:06.410Z","2025-01-16T19:00:03.811Z","2025-01-20T00:23:57.339Z"
"pojo","1.0.0",14,"https://hex.pm/api/packages/pojo/releases/1.0.0","2024-06-10T14:27:38.526Z","2024-06-10T14:27:35.615Z","2024-07-02T23:42:26.537Z"
"pojo","1.0.1",19,"https://hex.pm/api/packages/pojo/releases/1.0.1","2024-06-10T16:55:37.103Z","2024-06-10T16:55:33.854Z","2024-07-02T23:42:26.537Z"
"polly","1.0.0",18,"https://hex.pm/api/packages/polly/releases/1.0.0","2024-08-22T22:03:09.414Z","2024-08-22T22:03:06.526Z","2024-10-09T14:14:51.348Z"
"polly","1.0.1",20,"https://hex.pm/api/packages/polly/releases/1.0.1","2024-08-22T22:05:40.811Z","2024-08-22T22:05:38.308Z","2024-10-09T14:14:51.348Z"
"polly","1.0.2",20,"https://hex.pm/api/packages/polly/releases/1.0.2","2024-08-22T22:11:41.254Z","2024-08-22T22:11:38.694Z","2024-10-09T14:14:51.348Z"
"polly","1.0.3",20,"https://hex.pm/api/packages/polly/releases/1.0.3","2024-08-23T08:49:00.154Z","2024-08-23T08:48:56.802Z","2024-10-09T14:14:51.348Z"
"polly","1.0.4",24,"https://hex.pm/api/packages/polly/releases/1.0.4","2024-08-23T08:56:15.370Z","2024-08-23T08:56:11.862Z","2024-10-09T14:14:51.348Z"
"polly","2.0.0",20,"https://hex.pm/api/packages/polly/releases/2.0.0","2024-08-29T14:42:44.851Z","2024-08-29T14:42:42.064Z","2024-10-09T14:14:51.347Z"
"polly","2.0.1",20,"https://hex.pm/api/packages/polly/releases/2.0.1","2024-08-29T23:07:01.762Z","2024-08-29T23:06:58.794Z","2024-10-09T14:14:51.347Z"
"polly","2.1.0",12,"https://hex.pm/api/packages/polly/releases/2.1.0","2024-10-06T09:21:19.107Z","2024-10-06T09:21:16.013Z","2024-10-09T14:14:51.347Z"
"pona","1.0.0",28,"https://hex.pm/api/packages/pona/releases/1.0.0","2024-03-22T10:47:21.691Z","2024-03-22T10:47:19.123Z","2024-07-03T00:20:23.079Z"
"pona","1.0.1",29,"https://hex.pm/api/packages/pona/releases/1.0.1","2024-03-22T11:01:57.682Z","2024-03-22T11:01:55.091Z","2024-07-03T00:20:23.079Z"
"pona","1.1.0",26,"https://hex.pm/api/packages/pona/releases/1.1.0","2024-03-24T17:39:11.490Z","2024-03-24T17:39:08.846Z","2024-07-03T00:20:23.079Z"
"popcicle","1.0.0",20,"https://hex.pm/api/packages/popcicle/releases/1.0.0","2025-01-04T04:12:54.604Z","2025-01-04T04:12:51.666Z","2025-01-14T21:02:25.664Z"
"popcicle","1.0.1",24,"https://hex.pm/api/packages/popcicle/releases/1.0.1","2025-01-04T04:46:45.685Z","2025-01-04T04:46:42.544Z","2025-01-14T21:02:25.664Z"
"popcicle","1.0.2",22,"https://hex.pm/api/packages/popcicle/releases/1.0.2","2025-01-04T14:58:59.405Z","2025-01-04T14:58:56.347Z","2025-01-14T21:02:25.664Z"
"popcicle","1.0.3",24,"https://hex.pm/api/packages/popcicle/releases/1.0.3","2025-01-04T15:12:40.420Z","2025-01-04T15:12:37.742Z","2025-01-14T21:02:25.664Z"
"popcicle","1.0.4",24,"https://hex.pm/api/packages/popcicle/releases/1.0.4","2025-01-04T16:02:53.001Z","2025-01-04T16:02:50.042Z","2025-01-14T21:02:25.664Z"
"popcicle","1.0.5",24,"https://hex.pm/api/packages/popcicle/releases/1.0.5","2025-01-05T05:19:26.711Z","2025-01-05T05:19:23.701Z","2025-01-14T21:02:25.664Z"
"popcicle","1.0.6",24,"https://hex.pm/api/packages/popcicle/releases/1.0.6","2025-01-05T05:38:12.044Z","2025-01-05T05:38:09.145Z","2025-01-14T21:02:25.664Z"
"popcicle","1.0.7",26,"https://hex.pm/api/packages/popcicle/releases/1.0.7","2025-01-05T17:14:08.883Z","2025-01-05T17:14:06.000Z","2025-01-14T21:02:25.664Z"
"popcicle","1.1.0",16,"https://hex.pm/api/packages/popcicle/releases/1.1.0","2025-01-11T18:49:34.638Z","2025-01-11T18:49:32.048Z","2025-01-14T21:02:25.664Z"
"porter_stemmer","1.0.0",12,"https://hex.pm/api/packages/porter_stemmer/releases/1.0.0","2024-10-20T15:37:18.036Z","2024-10-20T15:37:15.506Z","2024-10-23T06:10:40.726Z"
"postglide","0.1.0",12,"https://hex.pm/api/packages/postglide/releases/0.1.0","2024-09-11T20:19:21.079Z","2024-09-11T19:24:31.727Z","2024-09-13T23:45:39.796Z"
"postgresql_protocol","1.0.0",35,"https://hex.pm/api/packages/postgresql_protocol/releases/1.0.0","2024-03-22T16:34:37.626Z","2024-03-22T16:34:35.245Z","2024-07-03T00:21:13.026Z"
"pprint","1.0.0",167,"https://hex.pm/api/packages/pprint/releases/1.0.0","2024-03-05T17:52:52.785Z","2024-03-05T17:52:50.528Z","2025-04-07T05:21:28.970Z"
"pprint","1.0.1",191,"https://hex.pm/api/packages/pprint/releases/1.0.1","2024-04-06T12:23:30.958Z","2024-04-06T12:23:28.462Z","2025-04-07T05:21:28.970Z"
"pprint","1.0.2",113,"https://hex.pm/api/packages/pprint/releases/1.0.2","2024-04-22T14:34:18.174Z","2024-04-22T14:34:15.158Z","2025-04-07T05:21:28.970Z"
"pprint","1.0.3",19029,"https://hex.pm/api/packages/pprint/releases/1.0.3","2024-04-26T12:31:39.495Z","2024-04-26T12:31:37.120Z","2025-04-07T05:21:28.970Z"
"pprint","1.0.4",10063,"https://hex.pm/api/packages/pprint/releases/1.0.4","2024-10-25T19:17:13.796Z","2024-10-25T19:17:10.030Z","2025-04-07T05:21:28.970Z"
"pprint","1.0.5",57,"https://hex.pm/api/packages/pprint/releases/1.0.5","2025-04-03T19:21:11.595Z","2025-04-03T19:21:08.419Z","2025-04-07T05:21:28.970Z"
"prequel","0.1.0",76,"https://hex.pm/api/packages/prequel/releases/0.1.0","2023-07-23T09:04:28.240Z","2023-07-23T08:57:37.387Z","2024-07-03T01:26:27.428Z"
"pretty_diff","1.0.0",36,"https://hex.pm/api/packages/pretty_diff/releases/1.0.0","2024-06-05T07:10:04.321Z","2024-06-04T15:02:22.707Z","2024-07-02T23:45:11.092Z"
"priorityq","0.1.0",116,"https://hex.pm/api/packages/priorityq/releases/0.1.0","2024-04-23T05:41:50.761Z","2024-04-23T05:41:48.276Z","2024-07-03T00:01:38.284Z"
"prng","0.1.0",98,"https://hex.pm/api/packages/prng/releases/0.1.0","2023-09-24T19:46:08.081Z","2023-09-24T19:46:05.289Z","2025-01-05T15:59:28.123Z"
"prng","1.0.0",130,"https://hex.pm/api/packages/prng/releases/1.0.0","2023-09-29T18:28:14.231Z","2023-09-29T18:28:11.540Z","2025-01-05T15:59:28.123Z"
"prng","2.0.0",118,"https://hex.pm/api/packages/prng/releases/2.0.0","2023-10-25T18:57:28.319Z","2023-10-25T18:57:25.768Z","2025-01-05T15:59:28.123Z"
"prng","3.0.0",124,"https://hex.pm/api/packages/prng/releases/3.0.0","2023-11-08T21:38:45.214Z","2023-11-08T21:38:43.044Z","2025-01-05T15:59:28.123Z"
"prng","3.0.1",319,"https://hex.pm/api/packages/prng/releases/3.0.1","2024-01-19T14:28:55.888Z","2024-01-19T14:28:53.352Z","2025-01-05T15:59:28.123Z"
"prng","3.0.2",367,"https://hex.pm/api/packages/prng/releases/3.0.2","2024-03-19T08:08:08.480Z","2024-03-19T08:08:06.032Z","2025-01-05T15:59:28.123Z"
"prng","3.0.3",5169,"https://hex.pm/api/packages/prng/releases/3.0.3","2024-04-22T09:02:35.030Z","2024-04-22T09:02:31.699Z","2025-01-05T15:59:28.123Z"
"prng","4.0.0",227,"https://hex.pm/api/packages/prng/releases/4.0.0","2024-12-02T10:01:16.659Z","2024-12-02T10:01:13.404Z","2025-01-05T15:59:28.123Z"
"prng","4.0.1",22,"https://hex.pm/api/packages/prng/releases/4.0.1","2025-01-01T17:42:30.713Z","2025-01-01T17:42:27.796Z","2025-01-05T15:59:28.123Z"
"problem","0.0.1",14,"https://hex.pm/api/packages/problem/releases/0.0.1","2025-04-24T00:35:18.378Z","2025-04-24T00:35:15.118Z","2025-04-27T20:15:43.505Z"
"problem","1.0.0",18,"https://hex.pm/api/packages/problem/releases/1.0.0","2025-04-24T01:18:41.564Z","2025-04-24T01:18:38.206Z","2025-04-27T20:15:43.505Z"
"problem","1.1.0",24,"https://hex.pm/api/packages/problem/releases/1.1.0","2025-04-24T02:05:41.514Z","2025-04-24T02:05:38.138Z","2025-04-27T20:15:43.505Z"
"probly","0.0.1",14,"https://hex.pm/api/packages/probly/releases/0.0.1","2025-01-02T08:11:32.131Z","2025-01-02T08:11:29.613Z","2025-01-05T15:58:47.001Z"
"probly","0.0.2",16,"https://hex.pm/api/packages/probly/releases/0.0.2","2025-01-02T18:28:42.872Z","2025-01-02T18:28:40.483Z","2025-01-05T15:58:47.001Z"
"process_waiter","1.0.0",56,"https://hex.pm/api/packages/process_waiter/releases/1.0.0","2024-01-02T22:01:32.385Z","2024-01-02T22:01:30.120Z","2024-07-03T00:54:52.684Z"
"processgroups","0.1.1",40,"https://hex.pm/api/packages/processgroups/releases/0.1.1","2024-05-16T09:10:36.792Z","2024-05-16T09:10:33.879Z","2025-02-11T07:16:56.933Z"
"processgroups","0.1.2",43,"https://hex.pm/api/packages/processgroups/releases/0.1.2","2024-05-20T09:39:47.077Z","2024-05-20T09:39:44.601Z","2025-02-11T07:16:56.932Z"
"processgroups","0.1.3",93,"https://hex.pm/api/packages/processgroups/releases/0.1.3","2024-05-20T16:13:20.592Z","2024-05-20T16:13:17.649Z","2025-02-11T07:16:56.932Z"
"processgroups","0.2.0",16,"https://hex.pm/api/packages/processgroups/releases/0.2.0","2025-02-08T17:30:20.826Z","2025-02-08T17:30:17.985Z","2025-02-11T07:16:56.932Z"
"promgleam","0.1.0",14,"https://hex.pm/api/packages/promgleam/releases/0.1.0","2024-07-06T12:49:19.202Z","2024-07-06T12:49:16.881Z","2024-07-10T09:13:26.755Z"
"promgleam","0.1.1",16,"https://hex.pm/api/packages/promgleam/releases/0.1.1","2024-07-06T12:54:41.276Z","2024-07-06T12:54:39.039Z","2024-07-10T09:13:26.755Z"
"promgleam","0.2.0",14,"https://hex.pm/api/packages/promgleam/releases/0.2.0","2024-07-07T20:05:25.383Z","2024-07-07T20:05:22.997Z","2024-07-10T09:13:26.755Z"
"promptly","1.0.0",16,"https://hex.pm/api/packages/promptly/releases/1.0.0","2025-04-26T19:00:48.544Z","2025-04-26T02:37:41.770Z","2025-04-29T13:28:29.040Z"
"promptly","1.0.1",16,"https://hex.pm/api/packages/promptly/releases/1.0.1","2025-04-26T16:53:18.175Z","2025-04-26T16:53:15.699Z","2025-04-29T13:28:29.040Z"
"psg","0.1.0",24,"https://hex.pm/api/packages/psg/releases/0.1.0","2024-03-15T14:56:15.971Z","2024-03-15T14:56:13.574Z","2024-07-03T00:31:13.571Z"
"puddle","0.1.0",40,"https://hex.pm/api/packages/puddle/releases/0.1.0","2023-10-01T09:17:20.080Z","2023-10-01T09:17:16.346Z","2024-07-03T01:05:23.394Z"
"puddle","0.2.0",42,"https://hex.pm/api/packages/puddle/releases/0.2.0","2023-10-13T00:34:26.555Z","2023-10-13T00:34:23.665Z","2024-07-03T01:05:23.394Z"
"puddle","0.3.0",42,"https://hex.pm/api/packages/puddle/releases/0.3.0","2023-10-13T19:52:09.284Z","2023-10-13T19:42:56.303Z","2024-07-03T01:05:23.394Z"
"puddle","0.3.1",50,"https://hex.pm/api/packages/puddle/releases/0.3.1","2023-10-14T07:14:49.398Z","2023-10-14T07:14:45.895Z","2024-07-03T01:05:23.394Z"
"puddle","0.4.0",39,"https://hex.pm/api/packages/puddle/releases/0.4.0","2023-11-11T08:08:08.418Z","2023-11-11T07:38:45.443Z","2024-07-03T01:05:23.394Z"
"puddle","0.5.0",185,"https://hex.pm/api/packages/puddle/releases/0.5.0","2023-11-14T16:20:28.466Z","2023-11-14T16:20:24.695Z","2024-07-03T01:05:23.394Z"
"punycode","0.1.0",30,"https://hex.pm/api/packages/punycode/releases/0.1.0","2023-12-13T12:37:37.727Z","2023-12-13T12:37:35.381Z","2024-07-03T00:58:57.645Z"
"punycode","0.1.1",56,"https://hex.pm/api/packages/punycode/releases/0.1.1","2023-12-13T12:55:33.457Z","2023-12-13T12:40:13.219Z","2024-07-03T00:58:57.645Z"
"qcheck","0.0.1",133,"https://hex.pm/api/packages/qcheck/releases/0.0.1","2024-04-28T04:53:47.932Z","2024-04-28T04:53:45.452Z","2025-03-04T07:22:18.926Z"
"qcheck","0.0.2",44,"https://hex.pm/api/packages/qcheck/releases/0.0.2","2024-05-06T18:17:12.355Z","2024-05-06T18:17:10.160Z","2025-03-04T07:22:18.926Z"
"qcheck","0.0.3",94,"https://hex.pm/api/packages/qcheck/releases/0.0.3","2024-05-15T18:31:47.393Z","2024-05-15T18:31:44.784Z","2025-03-04T07:22:18.926Z"
"qcheck","0.0.4",100,"https://hex.pm/api/packages/qcheck/releases/0.0.4","2024-09-16T05:45:35.861Z","2024-09-16T05:45:33.109Z","2025-03-04T07:22:18.925Z"
"qcheck","0.0.5",68,"https://hex.pm/api/packages/qcheck/releases/0.0.5","2024-09-24T02:29:53.796Z","2024-09-24T02:29:51.064Z","2025-03-04T07:22:18.925Z"
"qcheck","0.0.6",352,"https://hex.pm/api/packages/qcheck/releases/0.0.6","2024-09-30T22:17:54.067Z","2024-09-30T22:17:51.584Z","2025-03-04T07:22:18.925Z"
"qcheck","0.0.7",204,"https://hex.pm/api/packages/qcheck/releases/0.0.7","2024-12-12T02:38:41.931Z","2024-12-12T02:38:39.173Z","2025-03-04T07:22:18.925Z"
"qcheck","0.0.8",254,"https://hex.pm/api/packages/qcheck/releases/0.0.8","2024-12-31T07:14:29.357Z","2024-12-31T07:14:26.679Z","2025-03-04T07:22:18.925Z"
"qcheck","1.0.0",34,"https://hex.pm/api/packages/qcheck/releases/1.0.0","2025-03-01T18:09:43.483Z","2025-03-01T18:09:41.349Z","2025-03-04T07:22:18.925Z"
"qcheck_gleeunit_utils","0.1.0",66,"https://hex.pm/api/packages/qcheck_gleeunit_utils/releases/0.1.0","2024-05-05T20:50:15.785Z","2024-05-05T20:50:13.540Z","2024-07-03T00:00:08.762Z"
"qs","0.5.0",35,"https://hex.pm/api/packages/qs/releases/0.5.0","2024-07-21T01:27:16.818Z","2024-07-21T01:27:13.982Z","2025-02-28T10:44:27.410Z"
"qs","0.6.0",255,"https://hex.pm/api/packages/qs/releases/0.6.0","2024-07-21T09:49:02.613Z","2024-07-21T09:48:59.524Z","2025-02-28T10:44:27.410Z"
"qs","1.0.0",15,"https://hex.pm/api/packages/qs/releases/1.0.0","2025-02-25T12:15:52.002Z","2025-02-25T12:15:49.394Z","2025-02-28T10:44:27.410Z"
"quaternion","1.0.0",22,"https://hex.pm/api/packages/quaternion/releases/1.0.0","2025-02-21T19:23:40.197Z","2025-02-21T19:23:36.188Z","2025-02-25T10:37:22.970Z"
"quaternion","1.0.1",20,"https://hex.pm/api/packages/quaternion/releases/1.0.1","2025-02-21T20:13:18.806Z","2025-02-21T20:13:15.714Z","2025-02-25T10:37:22.969Z"
"quaternion","1.0.2",10,"https://hex.pm/api/packages/quaternion/releases/1.0.2","2025-02-23T10:24:59.307Z","2025-02-23T10:24:56.334Z","2025-02-25T10:37:22.969Z"
"queryb","1.0.0",10,"https://hex.pm/api/packages/queryb/releases/1.0.0","2024-08-05T16:46:21.448Z","2024-08-05T16:43:34.009Z","2024-08-08T07:43:55.587Z"
"question","1.0.0",30,"https://hex.pm/api/packages/question/releases/1.0.0","2024-03-21T13:06:59.194Z","2024-03-21T13:06:56.617Z","2024-07-03T00:21:43.737Z"
"rad","0.0.1",59,"https://hex.pm/api/packages/rad/releases/0.0.1","2022-05-02T15:15:07.470Z","2022-05-02T15:15:04.624Z","2024-07-02T23:39:06.688Z"
"rad","0.1.0",64,"https://hex.pm/api/packages/rad/releases/0.1.0","2022-08-19T13:02:21.114Z","2022-08-19T13:02:17.382Z","2024-07-02T23:39:06.688Z"
"rad","0.1.1",63,"https://hex.pm/api/packages/rad/releases/0.1.1","2022-08-29T18:03:21.102Z","2022-08-29T18:03:17.187Z","2024-07-02T23:39:06.688Z"
"rad","0.1.2",65,"https://hex.pm/api/packages/rad/releases/0.1.2","2022-09-01T00:57:41.193Z","2022-09-01T00:57:37.468Z","2024-07-02T23:39:06.688Z"
"rad","0.1.3",65,"https://hex.pm/api/packages/rad/releases/0.1.3","2022-09-23T15:12:04.138Z","2022-09-23T15:12:00.119Z","2024-07-02T23:39:06.688Z"
"rad","0.1.4",91,"https://hex.pm/api/packages/rad/releases/0.1.4","2022-11-20T21:53:56.821Z","2022-11-20T21:53:56.081Z","2024-07-02T23:39:06.688Z"
"rad","0.2.0",53,"https://hex.pm/api/packages/rad/releases/0.2.0","2023-03-05T06:09:01.247Z","2023-03-05T06:08:58.680Z","2024-07-02T23:39:06.688Z"
"rad","0.2.1",57,"https://hex.pm/api/packages/rad/releases/0.2.1","2023-03-05T19:05:34.729Z","2023-03-05T19:05:26.313Z","2024-07-02T23:39:06.688Z"
"rad","0.2.2",106,"https://hex.pm/api/packages/rad/releases/0.2.2","2023-03-22T02:40:19.422Z","2023-03-22T02:40:16.792Z","2024-07-02T23:39:06.687Z"
"rad","0.3.0",66,"https://hex.pm/api/packages/rad/releases/0.3.0","2023-05-29T18:42:50.403Z","2023-05-29T18:42:47.863Z","2024-07-02T23:39:06.687Z"
"rad","0.4.0",43,"https://hex.pm/api/packages/rad/releases/0.4.0","2023-08-31T20:52:08.138Z","2023-08-31T20:52:05.383Z","2024-07-02T23:39:06.687Z"
"rad","0.4.1",68,"https://hex.pm/api/packages/rad/releases/0.4.1","2023-09-09T14:59:36.635Z","2023-09-09T14:59:34.090Z","2024-07-02T23:39:06.687Z"
"rad","1.0.0",43,"https://hex.pm/api/packages/rad/releases/1.0.0","2023-12-22T02:55:48.205Z","2023-12-22T02:55:45.612Z","2024-07-02T23:39:06.687Z"
"rad","1.1.0",26,"https://hex.pm/api/packages/rad/releases/1.1.0","2024-02-17T23:49:43.585Z","2024-02-17T23:49:41.114Z","2024-07-02T23:39:06.687Z"
"rad","1.2.0",100,"https://hex.pm/api/packages/rad/releases/1.2.0","2024-03-04T05:36:45.811Z","2024-03-04T05:36:43.461Z","2024-07-02T23:39:06.687Z"
"rad","1.2.1",20,"https://hex.pm/api/packages/rad/releases/1.2.1","2024-06-14T04:25:48.952Z","2024-06-14T04:25:46.426Z","2024-07-02T23:39:06.687Z"
"rada","0.1.0",32,"https://hex.pm/api/packages/rada/releases/0.1.0","2024-06-30T09:05:29.892Z","2024-06-30T09:05:27.400Z","2025-01-15T07:19:16.698Z"
"rada","0.2.0",56,"https://hex.pm/api/packages/rada/releases/0.2.0","2024-06-30T09:56:27.811Z","2024-06-30T09:56:25.253Z","2025-01-15T07:19:16.698Z"
"rada","0.3.0",32,"https://hex.pm/api/packages/rada/releases/0.3.0","2024-07-07T20:42:00.915Z","2024-07-07T20:41:58.367Z","2025-01-15T07:19:16.698Z"
"rada","0.4.0",704,"https://hex.pm/api/packages/rada/releases/0.4.0","2024-07-09T11:03:52.505Z","2024-07-09T11:03:50.135Z","2025-01-15T07:19:16.698Z"
"rada","0.5.0",14,"https://hex.pm/api/packages/rada/releases/0.5.0","2025-01-12T16:13:53.341Z","2025-01-12T16:13:50.557Z","2025-01-15T07:19:16.698Z"
"radiate","0.1.0",89,"https://hex.pm/api/packages/radiate/releases/0.1.0","2023-10-21T17:12:06.707Z","2023-10-21T17:12:04.214Z","2024-07-03T00:06:27.138Z"
"radiate","0.3.0",193,"https://hex.pm/api/packages/radiate/releases/0.3.0","2023-11-17T15:52:11.161Z","2023-11-17T15:52:08.922Z","2024-07-03T00:06:27.138Z"
"radiate","0.4.0",1329,"https://hex.pm/api/packages/radiate/releases/0.4.0","2024-04-21T11:36:33.573Z","2024-04-21T11:36:31.039Z","2024-07-03T00:06:27.138Z"
"radish","0.1.0",80,"https://hex.pm/api/packages/radish/releases/0.1.0","2023-11-04T20:41:13.032Z","2023-11-04T19:59:51.113Z","2025-01-28T03:49:43.559Z"
"radish","0.10.0",93,"https://hex.pm/api/packages/radish/releases/0.10.0","2023-11-19T21:26:44.452Z","2023-11-19T21:03:24.359Z","2025-01-28T03:49:43.559Z"
"radish","0.11.0",78,"https://hex.pm/api/packages/radish/releases/0.11.0","2023-11-27T06:25:35.862Z","2023-11-27T05:28:25.535Z","2025-01-28T03:49:43.559Z"
"radish","0.12.0",80,"https://hex.pm/api/packages/radish/releases/0.12.0","2023-12-02T14:45:43.784Z","2023-12-02T14:44:22.486Z","2025-01-28T03:49:43.558Z"
"radish","0.13.0",224,"https://hex.pm/api/packages/radish/releases/0.13.0","2023-12-27T18:38:58.818Z","2023-12-27T18:38:52.061Z","2025-01-28T03:49:43.558Z"
"radish","0.14.0",107,"https://hex.pm/api/packages/radish/releases/0.14.0","2024-04-16T19:09:21.517Z","2024-04-16T19:09:19.129Z","2025-01-28T03:49:43.558Z"
"radish","0.15.0",643,"https://hex.pm/api/packages/radish/releases/0.15.0","2024-05-16T06:08:11.288Z","2024-05-16T06:08:08.788Z","2025-01-28T03:49:43.558Z"
"radish","0.16.0",15,"https://hex.pm/api/packages/radish/releases/0.16.0","2025-01-25T19:50:26.160Z","2025-01-25T19:50:21.299Z","2025-01-28T03:49:43.558Z"
"radish","0.2.0",90,"https://hex.pm/api/packages/radish/releases/0.2.0","2023-11-05T19:24:16.177Z","2023-11-05T18:45:43.665Z","2025-01-28T03:49:43.559Z"
"radish","0.3.0",86,"https://hex.pm/api/packages/radish/releases/0.3.0","2023-11-06T05:01:58.557Z","2023-11-06T05:01:55.139Z","2025-01-28T03:49:43.559Z"
"radish","0.4.0",86,"https://hex.pm/api/packages/radish/releases/0.4.0","2023-11-06T13:52:12.010Z","2023-11-06T13:52:09.085Z","2025-01-28T03:49:43.559Z"
"radish","0.4.1",86,"https://hex.pm/api/packages/radish/releases/0.4.1","2023-11-06T18:48:43.390Z","2023-11-06T18:28:23.725Z","2025-01-28T03:49:43.559Z"
"radish","0.5.0",86,"https://hex.pm/api/packages/radish/releases/0.5.0","2023-11-07T06:37:16.743Z","2023-11-07T06:37:10.932Z","2025-01-28T03:49:43.559Z"
"radish","0.5.1",88,"https://hex.pm/api/packages/radish/releases/0.5.1","2023-11-07T08:18:23.640Z","2023-11-07T08:18:18.212Z","2025-01-28T03:49:43.559Z"
"radish","0.6.0",84,"https://hex.pm/api/packages/radish/releases/0.6.0","2023-11-08T05:22:44.945Z","2023-11-08T05:22:42.476Z","2025-01-28T03:49:43.559Z"
"radish","0.7.0",86,"https://hex.pm/api/packages/radish/releases/0.7.0","2023-11-08T14:56:37.690Z","2023-11-08T14:56:32.108Z","2025-01-28T03:49:43.559Z"
"radish","0.8.0",84,"https://hex.pm/api/packages/radish/releases/0.8.0","2023-11-11T18:22:52.666Z","2023-11-11T18:22:49.315Z","2025-01-28T03:49:43.559Z"
"radish","0.9.0",85,"https://hex.pm/api/packages/radish/releases/0.9.0","2023-11-13T12:23:53.393Z","2023-11-13T12:23:48.405Z","2025-01-28T03:49:43.559Z"
"radish_fork","0.15.0",47,"https://hex.pm/api/packages/radish_fork/releases/0.15.0","2024-05-06T14:00:55.274Z","2024-05-06T14:00:52.898Z","2024-07-02T23:58:51.627Z"
"ramble","0.0.1",66,"https://hex.pm/api/packages/ramble/releases/0.0.1","2024-04-11T23:52:24.207Z","2024-04-11T23:52:21.969Z","2024-07-03T00:10:41.043Z"
"randomlib","1.0.0",36,"https://hex.pm/api/packages/randomlib/releases/1.0.0","2024-09-04T20:03:22.675Z","2024-09-04T20:03:19.994Z","2025-02-26T07:14:15.245Z"
"randomlib","1.1.0",81,"https://hex.pm/api/packages/randomlib/releases/1.1.0","2024-10-04T09:03:53.735Z","2024-10-04T09:03:51.213Z","2025-02-26T07:14:15.245Z"
"randomlib","1.1.1",12,"https://hex.pm/api/packages/randomlib/releases/1.1.1","2025-02-24T02:22:13.254Z","2025-02-24T02:22:10.799Z","2025-02-26T07:14:15.245Z"
"ranged_int","1.0.0",45,"https://hex.pm/api/packages/ranged_int/releases/1.0.0","2024-02-18T18:17:00.898Z","2024-02-18T18:16:58.486Z","2024-07-03T00:10:47.338Z"
"ranged_int","2.0.0",58,"https://hex.pm/api/packages/ranged_int/releases/2.0.0","2024-04-11T15:36:35.901Z","2024-04-11T15:36:33.440Z","2024-07-03T00:10:47.338Z"
"ranger","0.1.0",70,"https://hex.pm/api/packages/ranger/releases/0.1.0","2023-03-27T15:38:06.027Z","2023-03-27T15:09:55.463Z","2024-12-19T23:17:48.405Z"
"ranger","0.1.1",63,"https://hex.pm/api/packages/ranger/releases/0.1.1","2023-03-27T15:41:20.149Z","2023-03-27T15:41:13.821Z","2024-12-19T23:17:48.405Z"
"ranger","0.2.0",482,"https://hex.pm/api/packages/ranger/releases/0.2.0","2023-03-29T07:15:32.952Z","2023-03-29T07:15:28.588Z","2024-12-19T23:17:48.405Z"
"ranger","0.3.0",243,"https://hex.pm/api/packages/ranger/releases/0.3.0","2023-07-18T07:01:03.083Z","2023-07-18T06:55:41.139Z","2024-12-19T23:17:48.405Z"
"ranger","0.4.0",74,"https://hex.pm/api/packages/ranger/releases/0.4.0","2023-10-23T11:04:32.220Z","2023-10-23T11:04:27.482Z","2024-12-19T23:17:48.404Z"
"ranger","0.5.0",179,"https://hex.pm/api/packages/ranger/releases/0.5.0","2023-11-02T12:15:32.640Z","2023-11-02T12:15:29.253Z","2024-12-19T23:17:48.404Z"
"ranger","1.0.0",65,"https://hex.pm/api/packages/ranger/releases/1.0.0","2023-11-21T05:54:40.900Z","2023-11-21T05:39:40.450Z","2024-12-19T23:17:48.404Z"
"ranger","1.0.1",110,"https://hex.pm/api/packages/ranger/releases/1.0.1","2023-11-23T09:03:24.239Z","2023-11-23T09:03:21.525Z","2024-12-19T23:17:48.404Z"
"ranger","1.1.0",1419,"https://hex.pm/api/packages/ranger/releases/1.1.0","2023-12-22T07:12:13.457Z","2023-12-22T07:12:10.082Z","2024-12-19T23:17:48.404Z"
"ranger","1.2.0",68885,"https://hex.pm/api/packages/ranger/releases/1.2.0","2024-03-31T14:00:02.638Z","2024-03-31T14:00:00.257Z","2024-12-19T23:17:48.404Z"
"ranger","1.3.0",4797,"https://hex.pm/api/packages/ranger/releases/1.3.0","2024-11-24T06:44:13.198Z","2024-11-24T06:44:10.678Z","2024-12-19T23:17:48.404Z"
"ranger","1.4.0",88,"https://hex.pm/api/packages/ranger/releases/1.4.0","2024-12-18T06:31:06.126Z","2024-12-18T06:31:02.850Z","2024-12-19T23:17:48.404Z"
"rank","1.0.0",2873,"https://hex.pm/api/packages/rank/releases/1.0.0","2023-12-30T17:23:45.418Z","2023-12-30T17:23:42.787Z","2024-07-03T00:09:00.792Z"
"ratioed","1.0.0",12,"https://hex.pm/api/packages/ratioed/releases/1.0.0","2024-10-25T10:10:57.427Z","2024-10-25T10:10:54.112Z","2024-10-28T09:14:41.584Z"
"react_gleam","0.1.0",55,"https://hex.pm/api/packages/react_gleam/releases/0.1.0","2022-11-26T23:50:26.954Z","2022-11-26T23:50:26.531Z","2024-07-03T01:36:23.034Z"
"react_gleam","0.2.0",63,"https://hex.pm/api/packages/react_gleam/releases/0.2.0","2022-11-27T18:10:21.320Z","2022-11-27T18:10:20.679Z","2024-07-03T01:36:23.034Z"
"react_gleam","0.3.0",63,"https://hex.pm/api/packages/react_gleam/releases/0.3.0","2022-11-27T18:31:59.810Z","2022-11-27T18:31:59.197Z","2024-07-03T01:36:23.034Z"
"react_gleam","0.4.0",60,"https://hex.pm/api/packages/react_gleam/releases/0.4.0","2022-11-30T17:38:56.967Z","2022-11-30T17:38:56.371Z","2024-07-03T01:36:23.034Z"
"react_gleam","0.5.0",96,"https://hex.pm/api/packages/react_gleam/releases/0.5.0","2023-02-09T17:07:49.149Z","2023-02-09T17:07:46.975Z","2024-07-03T01:36:23.034Z"
"react_gleam","0.5.1",58,"https://hex.pm/api/packages/react_gleam/releases/0.5.1","2023-05-21T15:54:29.767Z","2023-05-21T15:54:27.057Z","2024-07-03T01:36:23.034Z"
"reactive_signal","0.0.1",41,"https://hex.pm/api/packages/reactive_signal/releases/0.0.1","2024-03-20T11:05:03.856Z","2024-03-20T11:05:01.281Z","2024-07-03T00:22:31.735Z"
"ream","0.1.0",63,"https://hex.pm/api/packages/ream/releases/0.1.0","2023-05-29T23:47:06.790Z","2023-05-29T23:47:03.917Z","2024-07-03T01:34:52.578Z"
"recursive","1.0.0",10,"https://hex.pm/api/packages/recursive/releases/1.0.0","2024-07-11T12:46:19.709Z","2024-07-11T12:46:17.226Z","2024-07-14T15:15:40.064Z"
"recursive","2.0.0",12,"https://hex.pm/api/packages/recursive/releases/2.0.0","2024-07-11T13:11:50.762Z","2024-07-11T13:11:48.381Z","2024-07-14T15:15:40.064Z"
"redraw","1.0.0",98,"https://hex.pm/api/packages/redraw/releases/1.0.0","2024-07-21T17:21:38.266Z","2024-07-21T17:21:35.384Z","2025-04-19T06:04:50.047Z"
"redraw","1.1.0",192,"https://hex.pm/api/packages/redraw/releases/1.1.0","2024-08-21T14:40:07.427Z","2024-08-21T14:13:49.997Z","2025-04-19T06:04:50.047Z"
"redraw","1.1.1",38,"https://hex.pm/api/packages/redraw/releases/1.1.1","2024-12-23T16:37:46.339Z","2024-12-23T16:37:43.558Z","2025-04-19T06:04:50.047Z"
"redraw","2.0.0",244,"https://hex.pm/api/packages/redraw/releases/2.0.0","2024-12-24T00:31:11.966Z","2024-12-24T00:11:19.429Z","2025-04-19T06:04:50.047Z"
"redraw","2.0.1",38,"https://hex.pm/api/packages/redraw/releases/2.0.1","2025-03-14T15:47:53.041Z","2025-03-14T15:47:50.237Z","2025-04-19T06:04:50.047Z"
"redraw","2.0.2",14,"https://hex.pm/api/packages/redraw/releases/2.0.2","2025-04-16T20:36:56.952Z","2025-04-16T20:36:54.214Z","2025-04-19T06:04:50.047Z"
"redraw_dom","1.0.0",38,"https://hex.pm/api/packages/redraw_dom/releases/1.0.0","2024-07-21T17:23:07.342Z","2024-07-21T17:23:04.600Z","2024-12-27T16:13:48.460Z"
"redraw_dom","1.1.0",78,"https://hex.pm/api/packages/redraw_dom/releases/1.1.0","2024-08-21T14:12:43.670Z","2024-08-21T14:12:41.212Z","2024-12-27T16:13:48.460Z"
"redraw_dom","2.0.0",14,"https://hex.pm/api/packages/redraw_dom/releases/2.0.0","2024-12-24T00:31:43.323Z","2024-12-24T00:15:27.108Z","2024-12-27T16:13:48.460Z"
"ref","0.1.0",14,"https://hex.pm/api/packages/ref/releases/0.1.0","2024-06-25T15:14:43.386Z","2024-06-25T15:07:21.232Z","2024-07-02T23:27:58.633Z"
"ref","0.1.1",14,"https://hex.pm/api/packages/ref/releases/0.1.1","2024-06-25T15:44:26.633Z","2024-06-25T15:44:24.144Z","2024-07-02T23:27:58.633Z"
"ref","0.2.0",12,"https://hex.pm/api/packages/ref/releases/0.2.0","2024-06-26T10:22:33.878Z","2024-06-26T10:22:31.303Z","2024-07-02T23:27:58.633Z"
"ref","0.3.0",14,"https://hex.pm/api/packages/ref/releases/0.3.0","2024-06-26T14:38:03.241Z","2024-06-26T13:08:38.633Z","2024-07-02T23:27:58.633Z"
"ref","0.3.1",12,"https://hex.pm/api/packages/ref/releases/0.3.1","2024-06-26T16:37:01.645Z","2024-06-26T16:34:21.817Z","2024-07-02T23:27:58.633Z"
"ref","0.3.2",14,"https://hex.pm/api/packages/ref/releases/0.3.2","2024-06-26T17:43:02.313Z","2024-06-26T17:37:39.833Z","2024-07-02T23:27:58.632Z"
"ref","0.3.3",12,"https://hex.pm/api/packages/ref/releases/0.3.3","2024-06-26T20:39:48.872Z","2024-06-26T20:39:46.191Z","2024-07-02T23:27:58.632Z"
"reference_this","0.1.0",14,"https://hex.pm/api/packages/reference_this/releases/0.1.0","2025-01-03T15:23:59.707Z","2025-01-03T15:23:56.846Z","2025-01-06T12:32:07.447Z"
"reference_this","0.2.0",28,"https://hex.pm/api/packages/reference_this/releases/0.2.0","2025-01-03T15:28:27.537Z","2025-01-03T15:28:24.738Z","2025-01-06T12:32:07.447Z"
"releam","0.2.1",14,"https://hex.pm/api/packages/releam/releases/0.2.1","2024-08-25T07:06:14.115Z","2024-08-25T07:06:11.276Z","2024-08-27T22:30:46.173Z"
"releam","0.3.1",12,"https://hex.pm/api/packages/releam/releases/0.3.1","2024-08-25T14:41:34.586Z","2024-08-25T14:41:30.820Z","2024-08-27T22:30:46.173Z"
"rememo","1.0.0",43,"https://hex.pm/api/packages/rememo/releases/1.0.0","2024-04-16T17:04:10.745Z","2024-04-16T17:04:08.182Z","2024-12-13T02:55:54.338Z"
"rememo","2.0.0",117,"https://hex.pm/api/packages/rememo/releases/2.0.0","2024-04-19T02:58:04.157Z","2024-04-19T02:51:27.157Z","2024-12-13T02:55:54.338Z"
"rememo","3.0.0",26,"https://hex.pm/api/packages/rememo/releases/3.0.0","2024-12-01T20:25:10.644Z","2024-12-01T20:25:08.063Z","2024-12-13T02:55:54.338Z"
"rememo","3.1.0",84,"https://hex.pm/api/packages/rememo/releases/3.1.0","2024-12-03T04:21:32.434Z","2024-12-03T04:21:28.337Z","2024-12-13T02:55:54.338Z"
"rememo","3.2.0",20,"https://hex.pm/api/packages/rememo/releases/3.2.0","2024-12-11T14:25:03.932Z","2024-12-11T14:25:01.359Z","2024-12-13T02:55:54.338Z"
"remote_data","1.0.0",77,"https://hex.pm/api/packages/remote_data/releases/1.0.0","2024-04-04T15:59:00.888Z","2024-04-04T15:58:58.453Z","2024-07-03T00:14:02.272Z"
"render_md","0.1.0",34,"https://hex.pm/api/packages/render_md/releases/0.1.0","2024-03-27T14:37:44.897Z","2024-03-27T14:17:31.555Z","2024-07-03T00:18:25.680Z"
"repeatedly","1.0.0",46,"https://hex.pm/api/packages/repeatedly/releases/1.0.0","2024-01-05T14:24:18.064Z","2024-01-05T14:24:15.551Z","2024-10-24T02:41:32.381Z"
"repeatedly","2.0.0",50,"https://hex.pm/api/packages/repeatedly/releases/2.0.0","2024-01-07T22:55:42.488Z","2024-01-07T22:45:16.802Z","2024-10-24T02:41:32.381Z"
"repeatedly","2.0.1",48,"https://hex.pm/api/packages/repeatedly/releases/2.0.1","2024-01-07T23:16:49.716Z","2024-01-07T23:16:47.436Z","2024-10-24T02:41:32.381Z"
"repeatedly","2.1.0",108,"https://hex.pm/api/packages/repeatedly/releases/2.1.0","2024-01-08T11:19:30.239Z","2024-01-08T11:19:27.714Z","2024-10-24T02:41:32.381Z"
"repeatedly","2.1.1",9947,"https://hex.pm/api/packages/repeatedly/releases/2.1.1","2024-02-22T10:17:34.846Z","2024-02-22T10:17:32.463Z","2024-10-24T02:41:32.381Z"
"repeatedly","2.1.2",346,"https://hex.pm/api/packages/repeatedly/releases/2.1.2","2024-10-21T14:03:49.454Z","2024-10-21T14:03:46.965Z","2024-10-24T02:41:32.381Z"
"report","0.1.0",12,"https://hex.pm/api/packages/report/releases/0.1.0","2024-11-20T16:27:08.016Z","2024-11-20T16:27:05.246Z","2024-11-23T21:02:10.276Z"
"rexen","1.0.0",18,"https://hex.pm/api/packages/rexen/releases/1.0.0","2025-04-21T10:54:50.650Z","2025-04-21T10:54:46.842Z","2025-04-28T06:34:02.786Z"
"rizzo","0.1.0",168,"https://hex.pm/api/packages/rizzo/releases/0.1.0","2024-05-01T18:22:37.235Z","2023-10-27T00:46:41.723Z","2024-07-03T00:02:05.144Z"
"rosetta","0.0.1",16,"https://hex.pm/api/packages/rosetta/releases/0.0.1","2024-08-28T20:36:12.006Z","2024-08-28T20:36:09.331Z","2024-09-06T17:46:00.094Z"
"rosetta","0.0.2",14,"https://hex.pm/api/packages/rosetta/releases/0.0.2","2024-08-28T21:28:21.072Z","2024-08-28T21:28:18.388Z","2024-09-06T17:46:00.094Z"
"rosetta","0.1.0",10,"https://hex.pm/api/packages/rosetta/releases/0.1.0","2024-09-04T12:22:43.400Z","2024-09-04T12:22:39.708Z","2024-09-06T17:46:00.094Z"
"rsa_keys","0.1.0",30,"https://hex.pm/api/packages/rsa_keys/releases/0.1.0","2024-08-29T18:53:46.347Z","2024-08-29T18:38:32.531Z","2025-02-04T10:43:38.607Z"
"rsa_keys","0.1.1",32,"https://hex.pm/api/packages/rsa_keys/releases/0.1.1","2024-08-29T19:22:08.238Z","2024-08-29T19:22:05.618Z","2025-02-04T10:43:38.607Z"
"rsa_keys","1.0.0",34,"https://hex.pm/api/packages/rsa_keys/releases/1.0.0","2024-08-30T21:31:53.505Z","2024-08-30T21:31:50.784Z","2025-02-04T10:43:38.607Z"
"rsa_keys","1.1.0",56,"https://hex.pm/api/packages/rsa_keys/releases/1.1.0","2024-09-03T17:20:56.563Z","2024-09-03T17:20:53.664Z","2025-02-04T10:43:38.607Z"
"rsa_keys","1.2.0",52,"https://hex.pm/api/packages/rsa_keys/releases/1.2.0","2024-10-09T13:19:43.797Z","2024-10-09T13:19:41.084Z","2025-02-04T10:43:38.607Z"
"rsa_keys","2.1.0",12,"https://hex.pm/api/packages/rsa_keys/releases/2.1.0","2025-02-01T22:46:44.816Z","2025-02-01T22:46:41.887Z","2025-02-04T10:43:38.607Z"
"rsvp","1.0.0",36,"https://hex.pm/api/packages/rsvp/releases/1.0.0","2025-01-04T23:52:28.932Z","2025-01-04T23:52:26.236Z","2025-04-21T09:36:53.522Z"
"rsvp","1.0.1",328,"https://hex.pm/api/packages/rsvp/releases/1.0.1","2025-01-05T16:05:41.192Z","2025-01-05T16:05:38.486Z","2025-04-21T09:36:53.522Z"
"rsvp","1.0.2",228,"https://hex.pm/api/packages/rsvp/releases/1.0.2","2025-04-04T21:31:12.291Z","2025-04-04T21:31:09.362Z","2025-04-21T09:36:53.522Z"
"rsvp","1.0.3",42,"https://hex.pm/api/packages/rsvp/releases/1.0.3","2025-04-17T21:30:05.892Z","2025-04-17T21:30:03.074Z","2025-04-21T09:36:53.522Z"
"runetracer","0.1.0",55,"https://hex.pm/api/packages/runetracer/releases/0.1.0","2023-03-29T21:38:17.022Z","2023-03-29T21:38:14.169Z","2024-07-03T01:42:52.484Z"
"scaffold_gleam","0.1.0",10,"https://hex.pm/api/packages/scaffold_gleam/releases/0.1.0","2024-06-28T03:07:36.977Z","2024-06-28T03:07:34.090Z","2024-07-02T23:25:31.109Z"
"scaffold_gleam","0.2.0",8,"https://hex.pm/api/packages/scaffold_gleam/releases/0.2.0","2024-06-28T04:21:05.523Z","2024-06-28T04:21:02.549Z","2024-07-02T23:25:31.109Z"
"scrapbook","0.1.0",22,"https://hex.pm/api/packages/scrapbook/releases/0.1.0","2024-11-07T17:46:49.482Z","2024-11-07T17:03:56.681Z","2024-12-27T05:57:04.339Z"
"scrapbook","1.0.0",22,"https://hex.pm/api/packages/scrapbook/releases/1.0.0","2024-11-17T17:08:14.182Z","2024-11-17T17:08:11.398Z","2024-12-27T05:57:04.339Z"
"scrapbook","1.1.0",22,"https://hex.pm/api/packages/scrapbook/releases/1.1.0","2024-11-28T18:59:03.677Z","2024-11-28T18:59:01.040Z","2024-12-27T05:57:04.339Z"
"scrapbook","2.0.0",20,"https://hex.pm/api/packages/scrapbook/releases/2.0.0","2024-12-01T10:23:36.982Z","2024-12-01T10:23:34.245Z","2024-12-27T05:57:04.339Z"
"scrapbook","2.1.0",14,"https://hex.pm/api/packages/scrapbook/releases/2.1.0","2024-12-23T17:03:24.363Z","2024-12-23T17:03:21.585Z","2024-12-27T05:57:04.339Z"
"scriptorium","1.0.0",78,"https://hex.pm/api/packages/scriptorium/releases/1.0.0","2024-04-20T20:14:59.505Z","2024-04-20T20:14:56.454Z","2024-12-15T06:18:00.454Z"
"scriptorium","1.0.1",80,"https://hex.pm/api/packages/scriptorium/releases/1.0.1","2024-04-21T05:42:05.167Z","2024-04-21T05:42:02.166Z","2024-12-15T06:18:00.454Z"
"scriptorium","1.0.2",87,"https://hex.pm/api/packages/scriptorium/releases/1.0.2","2024-04-21T06:13:08.585Z","2024-04-21T06:13:05.678Z","2024-12-15T06:18:00.454Z"
"scriptorium","2.0.0",47,"https://hex.pm/api/packages/scriptorium/releases/2.0.0","2024-06-01T06:51:13.271Z","2024-06-01T06:51:09.971Z","2024-12-15T06:18:00.454Z"
"scriptorium","2.0.1",33,"https://hex.pm/api/packages/scriptorium/releases/2.0.1","2024-09-12T16:30:10.714Z","2024-09-12T16:30:05.643Z","2024-12-15T06:18:00.454Z"
"scriptorium","2.1.0",12,"https://hex.pm/api/packages/scriptorium/releases/2.1.0","2024-12-13T05:42:39.449Z","2024-12-13T05:42:36.213Z","2024-12-15T06:18:00.454Z"
"secp256k1_gleam","1.0.0",14,"https://hex.pm/api/packages/secp256k1_gleam/releases/1.0.0","2024-08-17T20:37:39.857Z","2024-08-17T20:37:37.269Z","2024-08-21T23:24:37.865Z"
"secp256k1_gleam","1.0.1",8,"https://hex.pm/api/packages/secp256k1_gleam/releases/1.0.1","2024-08-19T22:39:59.488Z","2024-08-19T22:39:56.850Z","2024-08-21T23:24:37.865Z"
"secp256k1_gleam","1.0.2",8,"https://hex.pm/api/packages/secp256k1_gleam/releases/1.0.2","2024-08-19T22:43:30.517Z","2024-08-19T22:43:27.824Z","2024-08-21T23:24:37.865Z"
"secp256k1_gleam","1.0.3",8,"https://hex.pm/api/packages/secp256k1_gleam/releases/1.0.3","2024-08-19T23:11:25.224Z","2024-08-19T23:11:21.785Z","2024-08-21T23:24:37.865Z"
"sequin","0.1.0",62,"https://hex.pm/api/packages/sequin/releases/0.1.0","2022-08-31T17:32:04.235Z","2022-08-31T17:31:59.777Z","2024-07-03T02:11:21.758Z"
"shakespeare","0.1.0",116,"https://hex.pm/api/packages/shakespeare/releases/0.1.0","2024-04-12T02:43:27.073Z","2024-04-12T02:43:24.713Z","2024-12-09T16:47:22.172Z"
"shakespeare","0.1.1",239,"https://hex.pm/api/packages/shakespeare/releases/0.1.1","2024-04-14T14:56:17.043Z","2024-04-14T14:56:14.697Z","2024-12-09T16:47:22.172Z"
"shakespeare","0.1.2",269,"https://hex.pm/api/packages/shakespeare/releases/0.1.2","2024-04-27T20:06:04.150Z","2024-04-27T20:06:01.966Z","2024-12-09T16:47:22.172Z"
"shakespeare","0.1.3",16,"https://hex.pm/api/packages/shakespeare/releases/0.1.3","2024-12-07T00:29:20.860Z","2024-12-07T00:29:18.203Z","2024-12-09T16:47:22.172Z"
"shamir","1.0.0",16,"https://hex.pm/api/packages/shamir/releases/1.0.0","2024-06-24T08:22:00.675Z","2024-06-24T08:21:57.668Z","2024-07-02T23:31:03.151Z"
"sheen","0.0.1",24,"https://hex.pm/api/packages/sheen/releases/0.0.1","2024-03-07T21:45:41.359Z","2024-03-07T21:45:39.076Z","2024-07-03T00:31:46.063Z"
"sheen","0.0.2",30,"https://hex.pm/api/packages/sheen/releases/0.0.2","2024-03-07T21:49:56.771Z","2024-03-07T21:49:54.535Z","2024-07-03T00:31:46.063Z"
"sheen","0.1.0",28,"https://hex.pm/api/packages/sheen/releases/0.1.0","2024-03-09T19:11:14.466Z","2024-03-09T19:11:12.146Z","2024-07-03T00:31:46.063Z"
"sheen","0.2.0",34,"https://hex.pm/api/packages/sheen/releases/0.2.0","2024-03-11T03:00:35.326Z","2024-03-11T03:00:32.455Z","2024-07-03T00:31:46.063Z"
"sheen","0.3.0",44,"https://hex.pm/api/packages/sheen/releases/0.3.0","2024-03-14T13:31:54.689Z","2024-03-14T13:31:52.113Z","2024-07-03T00:31:46.063Z"
"shellout","1.0.0",476,"https://hex.pm/api/packages/shellout/releases/1.0.0","2022-06-02T03:22:09.362Z","2022-06-02T03:22:05.764Z","2025-03-24T21:51:25.855Z"
"shellout","1.1.0",110,"https://hex.pm/api/packages/shellout/releases/1.1.0","2023-02-08T07:27:10.640Z","2023-02-08T07:27:08.372Z","2025-03-24T21:51:25.855Z"
"shellout","1.1.1",84,"https://hex.pm/api/packages/shellout/releases/1.1.1","2023-03-01T06:09:59.546Z","2023-03-01T06:09:53.594Z","2025-03-24T21:51:25.855Z"
"shellout","1.2.0",347,"https://hex.pm/api/packages/shellout/releases/1.2.0","2023-03-02T14:00:30.175Z","2023-03-02T14:00:27.939Z","2025-03-24T21:51:25.855Z"
"shellout","1.3.0",147,"https://hex.pm/api/packages/shellout/releases/1.3.0","2023-05-29T14:24:30.052Z","2023-05-29T14:24:27.366Z","2025-03-24T21:51:25.855Z"
"shellout","1.4.0",207,"https://hex.pm/api/packages/shellout/releases/1.4.0","2023-08-30T01:43:06.745Z","2023-08-30T01:43:04.015Z","2025-03-24T21:51:25.855Z"
"shellout","1.5.0",166,"https://hex.pm/api/packages/shellout/releases/1.5.0","2023-12-19T14:59:00.787Z","2023-12-19T14:58:58.526Z","2025-03-24T21:51:25.855Z"
"shellout","1.6.0",31149,"https://hex.pm/api/packages/shellout/releases/1.6.0","2024-02-12T20:32:51.226Z","2024-02-12T20:32:48.701Z","2025-03-24T21:51:25.855Z"
"shellout","1.7.0",28,"https://hex.pm/api/packages/shellout/releases/1.7.0","2025-03-22T19:12:52.606Z","2025-03-22T19:12:50.340Z","2025-03-24T21:51:25.855Z"
"shimmer","0.0.1",62,"https://hex.pm/api/packages/shimmer/releases/0.0.1","2022-01-11T16:33:29.022Z","2022-01-11T16:33:25.536Z","2024-07-03T01:50:19.988Z"
"shimmer","0.0.3",61,"https://hex.pm/api/packages/shimmer/releases/0.0.3","2022-07-07T19:14:07.870Z","2022-07-07T19:14:04.497Z","2024-07-03T01:50:19.988Z"
"shimmer","0.0.4",72,"https://hex.pm/api/packages/shimmer/releases/0.0.4","2022-12-17T14:09:14.754Z","2022-12-17T14:09:13.167Z","2024-07-03T01:50:19.987Z"
"shimmer","0.0.5",71,"https://hex.pm/api/packages/shimmer/releases/0.0.5","2022-12-29T21:38:40.256Z","2022-12-29T21:38:39.472Z","2024-07-03T01:50:19.987Z"
"shimmer","0.0.6",84,"https://hex.pm/api/packages/shimmer/releases/0.0.6","2023-02-04T22:15:03.674Z","2023-02-04T22:15:01.094Z","2024-07-03T01:50:19.987Z"
"shimmy","1.0.0",10,"https://hex.pm/api/packages/shimmy/releases/1.0.0","2025-02-09T22:11:38.109Z","2025-02-09T17:45:07.131Z","2025-02-11T17:33:59.600Z"
"shine_tree","0.0.1",26,"https://hex.pm/api/packages/shine_tree/releases/0.0.1","2024-09-09T21:18:18.273Z","2024-09-09T21:18:16.056Z","2025-01-01T19:29:44.632Z"
"shine_tree","0.0.2",26,"https://hex.pm/api/packages/shine_tree/releases/0.0.2","2024-09-13T16:18:54.586Z","2024-09-13T16:18:52.090Z","2025-01-01T19:29:44.632Z"
"shine_tree","0.0.3",28,"https://hex.pm/api/packages/shine_tree/releases/0.0.3","2024-09-13T16:22:10.096Z","2024-09-13T16:22:06.473Z","2025-01-01T19:29:44.632Z"
"shine_tree","0.0.4",28,"https://hex.pm/api/packages/shine_tree/releases/0.0.4","2024-09-13T17:36:29.731Z","2024-09-13T17:36:27.134Z","2025-01-01T19:29:44.632Z"
"shine_tree","0.0.5",28,"https://hex.pm/api/packages/shine_tree/releases/0.0.5","2024-09-13T18:00:27.938Z","2024-09-13T18:00:25.593Z","2025-01-01T19:29:44.632Z"
"shine_tree","0.0.6",290,"https://hex.pm/api/packages/shine_tree/releases/0.0.6","2024-09-13T18:18:16.747Z","2024-09-13T18:18:14.363Z","2025-01-01T19:29:44.632Z"
"shine_tree","0.1.0",24,"https://hex.pm/api/packages/shine_tree/releases/0.1.0","2024-12-29T00:54:58.709Z","2024-12-29T00:54:56.009Z","2025-01-01T19:29:44.632Z"
"shork","1.0.0",54,"https://hex.pm/api/packages/shork/releases/1.0.0","2025-01-06T16:44:44.099Z","2025-01-06T16:44:40.119Z","2025-02-07T10:44:08.746Z"
"shork","1.1.0",34,"https://hex.pm/api/packages/shork/releases/1.1.0","2025-02-05T16:49:11.083Z","2025-02-05T16:49:07.041Z","2025-02-07T10:44:08.746Z"
"shork","1.2.0",44,"https://hex.pm/api/packages/shork/releases/1.2.0","2025-02-05T20:46:01.344Z","2025-02-05T20:45:57.755Z","2025-02-07T10:44:08.746Z"
"showtime","0.0.1",60,"https://hex.pm/api/packages/showtime/releases/0.0.1","2023-02-03T14:59:59.962Z","2023-02-03T14:59:57.474Z","2024-07-03T00:24:46.460Z"
"showtime","0.0.2",62,"https://hex.pm/api/packages/showtime/releases/0.0.2","2023-02-03T15:45:38.506Z","2023-02-03T15:45:36.285Z","2024-07-03T00:24:46.460Z"
"showtime","0.0.3",189,"https://hex.pm/api/packages/showtime/releases/0.0.3","2023-02-05T21:11:08.275Z","2023-02-05T21:07:56.357Z","2024-07-03T00:24:46.460Z"
"showtime","0.0.4",123,"https://hex.pm/api/packages/showtime/releases/0.0.4","2023-02-06T20:34:31.116Z","2023-02-06T20:34:28.502Z","2024-07-03T00:24:46.460Z"
"showtime","0.0.5",64,"https://hex.pm/api/packages/showtime/releases/0.0.5","2023-02-08T20:52:01.767Z","2023-02-08T20:51:59.381Z","2024-07-03T00:24:46.460Z"
"showtime","0.0.6",59,"https://hex.pm/api/packages/showtime/releases/0.0.6","2023-02-10T05:44:40.005Z","2023-02-10T05:44:37.561Z","2024-07-03T00:24:46.460Z"
"showtime","0.0.7",59,"https://hex.pm/api/packages/showtime/releases/0.0.7","2023-02-15T21:20:12.550Z","2023-02-15T21:20:09.302Z","2024-07-03T00:24:46.460Z"
"showtime","0.1.0",45,"https://hex.pm/api/packages/showtime/releases/0.1.0","2023-03-10T08:32:51.509Z","2023-03-10T08:32:48.990Z","2024-07-03T00:24:46.460Z"
"showtime","0.1.1",49,"https://hex.pm/api/packages/showtime/releases/0.1.1","2023-03-10T09:13:39.311Z","2023-03-10T09:13:36.758Z","2024-07-03T00:24:46.460Z"
"showtime","0.1.2",44,"https://hex.pm/api/packages/showtime/releases/0.1.2","2023-03-10T10:21:05.814Z","2023-03-10T10:21:03.447Z","2024-07-03T00:24:46.460Z"
"showtime","0.1.3",46,"https://hex.pm/api/packages/showtime/releases/0.1.3","2023-03-15T16:39:41.868Z","2023-03-15T16:39:39.361Z","2024-07-03T00:24:46.460Z"
"showtime","0.1.4",64,"https://hex.pm/api/packages/showtime/releases/0.1.4","2023-03-15T20:30:50.563Z","2023-03-15T20:30:47.907Z","2024-07-03T00:24:46.460Z"
"showtime","0.1.5",60,"https://hex.pm/api/packages/showtime/releases/0.1.5","2023-04-24T18:09:31.127Z","2023-04-24T18:09:28.036Z","2024-07-03T00:24:46.460Z"
"showtime","0.1.6",69,"https://hex.pm/api/packages/showtime/releases/0.1.6","2023-06-03T07:30:14.177Z","2023-06-03T07:30:11.666Z","2024-07-03T00:24:46.460Z"
"showtime","0.2.0",89,"https://hex.pm/api/packages/showtime/releases/0.2.0","2023-07-16T10:19:19.262Z","2023-07-16T10:19:16.778Z","2024-07-03T00:24:46.459Z"
"showtime","0.3.0",75,"https://hex.pm/api/packages/showtime/releases/0.3.0","2024-03-17T08:16:30.888Z","2024-03-17T08:16:28.727Z","2024-07-03T00:24:46.459Z"
"signal","0.1.0",14,"https://hex.pm/api/packages/signal/releases/0.1.0","2024-08-09T16:51:00.850Z","2024-08-09T16:50:58.364Z","2024-08-29T05:11:13.547Z"
"signal","0.2.0",18,"https://hex.pm/api/packages/signal/releases/0.2.0","2024-08-10T21:35:39.073Z","2024-08-10T21:35:36.463Z","2024-08-29T05:11:13.547Z"
"signal","0.2.1",18,"https://hex.pm/api/packages/signal/releases/0.2.1","2024-08-12T20:31:56.809Z","2024-08-12T20:31:54.315Z","2024-08-29T05:11:13.547Z"
"signal","0.2.2",27,"https://hex.pm/api/packages/signal/releases/0.2.2","2024-08-13T13:59:13.456Z","2024-08-13T13:59:11.083Z","2024-08-29T05:11:13.547Z"
"signal","0.2.3",18,"https://hex.pm/api/packages/signal/releases/0.2.3","2024-08-26T20:20:36.274Z","2024-08-26T20:20:33.857Z","2024-08-29T05:11:13.547Z"
"signal_pgo","0.1.0",14,"https://hex.pm/api/packages/signal_pgo/releases/0.1.0","2024-08-12T19:09:10.901Z","2024-08-12T19:09:08.407Z","2024-08-29T05:11:05.147Z"
"signal_pgo","0.1.1",14,"https://hex.pm/api/packages/signal_pgo/releases/0.1.1","2024-08-13T14:15:56.161Z","2024-08-13T14:15:53.564Z","2024-08-29T05:11:05.147Z"
"signal_pgo","0.1.2",18,"https://hex.pm/api/packages/signal_pgo/releases/0.1.2","2024-08-22T14:24:34.066Z","2024-08-22T14:24:31.724Z","2024-08-29T05:11:05.147Z"
"signal_pgo","0.1.3",16,"https://hex.pm/api/packages/signal_pgo/releases/0.1.3","2024-08-26T20:55:57.539Z","2024-08-26T20:55:55.272Z","2024-08-29T05:11:05.147Z"
"silk","0.0.1",12,"https://hex.pm/api/packages/silk/releases/0.0.1","2025-02-24T07:10:39.774Z","2025-02-24T07:10:37.411Z","2025-02-26T07:14:06.165Z"
"simple_pubsub","0.1.0",91,"https://hex.pm/api/packages/simple_pubsub/releases/0.1.0","2024-05-20T19:09:42.620Z","2024-05-20T19:09:39.908Z","2025-04-01T05:05:00.069Z"
"simple_pubsub","0.1.1",16,"https://hex.pm/api/packages/simple_pubsub/releases/0.1.1","2025-03-29T08:57:29.301Z","2025-03-29T08:57:26.920Z","2025-04-01T05:05:00.069Z"
"simplejson","0.5.0",8,"https://hex.pm/api/packages/simplejson/releases/0.5.0","2024-09-23T21:52:35.212Z","2024-09-23T21:52:31.877Z","2024-09-26T08:44:24.762Z"
"simplejson","0.6.0",10,"https://hex.pm/api/packages/simplejson/releases/0.6.0","2024-09-24T20:00:12.053Z","2024-09-24T20:00:09.305Z","2024-09-26T08:44:24.762Z"
"simplifile","0.1.0",80,"https://hex.pm/api/packages/simplifile/releases/0.1.0","2023-05-31T06:07:41.678Z","2023-05-31T06:07:39.134Z","2025-03-27T22:02:17.321Z"
"simplifile","0.1.1",136,"https://hex.pm/api/packages/simplifile/releases/0.1.1","2023-05-31T13:58:21.763Z","2023-05-31T13:58:19.637Z","2025-03-27T22:02:17.321Z"
"simplifile","0.1.10",439,"https://hex.pm/api/packages/simplifile/releases/0.1.10","2023-08-09T14:52:56.764Z","2023-08-09T14:52:54.249Z","2025-03-27T22:02:17.320Z"
"simplifile","0.1.11",161,"https://hex.pm/api/packages/simplifile/releases/0.1.11","2023-09-11T16:49:19.963Z","2023-09-11T16:49:17.256Z","2025-03-27T22:02:17.320Z"
"simplifile","0.1.12",79,"https://hex.pm/api/packages/simplifile/releases/0.1.12","2023-09-17T16:43:52.683Z","2023-09-17T16:43:50.221Z","2025-03-27T22:02:17.320Z"
"simplifile","0.1.13",91,"https://hex.pm/api/packages/simplifile/releases/0.1.13","2023-09-17T17:30:52.650Z","2023-09-17T17:30:50.129Z","2025-03-27T22:02:17.320Z"
"simplifile","0.1.14",938,"https://hex.pm/api/packages/simplifile/releases/0.1.14","2023-09-18T14:26:33.484Z","2023-09-18T14:26:30.977Z","2025-03-27T22:02:17.320Z"
"simplifile","0.1.2",85,"https://hex.pm/api/packages/simplifile/releases/0.1.2","2023-06-21T16:07:01.228Z","2023-06-21T16:06:59.069Z","2025-03-27T22:02:17.321Z"
"simplifile","0.1.3",89,"https://hex.pm/api/packages/simplifile/releases/0.1.3","2023-06-21T17:20:34.509Z","2023-06-21T17:20:32.132Z","2025-03-27T22:02:17.321Z"
"simplifile","0.1.4",206,"https://hex.pm/api/packages/simplifile/releases/0.1.4","2023-06-22T00:07:19.498Z","2023-06-22T00:07:17.352Z","2025-03-27T22:02:17.321Z"
"simplifile","0.1.5",95,"https://hex.pm/api/packages/simplifile/releases/0.1.5","2023-07-12T21:38:49.727Z","2023-07-12T21:38:47.416Z","2025-03-27T22:02:17.321Z"
"simplifile","0.1.6",167,"https://hex.pm/api/packages/simplifile/releases/0.1.6","2023-07-19T20:58:50.295Z","2023-07-19T20:58:48.069Z","2025-03-27T22:02:17.321Z"
"simplifile","0.1.7",82,"https://hex.pm/api/packages/simplifile/releases/0.1.7","2023-07-31T17:08:37.673Z","2023-07-31T17:08:35.499Z","2025-03-27T22:02:17.321Z"
"simplifile","0.1.8",190,"https://hex.pm/api/packages/simplifile/releases/0.1.8","2023-07-31T18:45:55.440Z","2023-07-31T18:45:53.141Z","2025-03-27T22:02:17.321Z"
"simplifile","0.1.9",92,"https://hex.pm/api/packages/simplifile/releases/0.1.9","2023-08-08T18:41:17.826Z","2023-08-08T18:25:10.839Z","2025-03-27T22:02:17.321Z"
"simplifile","0.2.0",278,"https://hex.pm/api/packages/simplifile/releases/0.2.0","2023-11-06T17:34:50.986Z","2023-11-06T17:34:48.806Z","2025-03-27T22:02:17.320Z"
"simplifile","0.2.1",108,"https://hex.pm/api/packages/simplifile/releases/0.2.1","2023-11-11T06:53:06.429Z","2023-11-11T06:53:04.060Z","2025-03-27T22:02:17.320Z"
"simplifile","0.3.0",297,"https://hex.pm/api/packages/simplifile/releases/0.3.0","2023-11-13T03:10:34.767Z","2023-11-13T03:10:32.578Z","2025-03-27T22:02:17.320Z"
"simplifile","0.4.0",1402,"https://hex.pm/api/packages/simplifile/releases/0.4.0","2023-11-16T05:21:06.138Z","2023-11-16T05:21:03.999Z","2025-03-27T22:02:17.320Z"
"simplifile","1.0.0",773,"https://hex.pm/api/packages/simplifile/releases/1.0.0","2023-11-17T00:46:50.835Z","2023-11-17T00:46:48.403Z","2025-03-27T22:02:17.320Z"
"simplifile","1.1.0",133,"https://hex.pm/api/packages/simplifile/releases/1.1.0","2023-12-25T17:48:42.543Z","2023-12-25T17:48:40.199Z","2025-03-27T22:02:17.320Z"
"simplifile","1.1.1",138,"https://hex.pm/api/packages/simplifile/releases/1.1.1","2024-01-05T22:21:55.250Z","2024-01-05T22:21:52.496Z","2025-03-27T22:02:17.320Z"
"simplifile","1.1.2",143,"https://hex.pm/api/packages/simplifile/releases/1.1.2","2024-01-09T20:27:36.797Z","2024-01-09T20:27:34.406Z","2025-03-27T22:02:17.320Z"
"simplifile","1.2.0",1819,"https://hex.pm/api/packages/simplifile/releases/1.2.0","2024-01-12T03:50:19.022Z","2024-01-12T03:50:16.768Z","2025-03-27T22:02:17.320Z"
"simplifile","1.3.0",76,"https://hex.pm/api/packages/simplifile/releases/1.3.0","2024-01-26T19:49:19.947Z","2024-01-26T19:49:17.543Z","2025-03-27T22:02:17.320Z"
"simplifile","1.3.1",214,"https://hex.pm/api/packages/simplifile/releases/1.3.1","2024-01-27T06:53:47.250Z","2024-01-27T06:53:44.796Z","2025-03-27T22:02:17.320Z"
"simplifile","1.4.1",531,"https://hex.pm/api/packages/simplifile/releases/1.4.1","2024-02-01T17:41:01.614Z","2024-02-01T17:40:59.031Z","2025-03-27T22:02:17.320Z"
"simplifile","1.4.2",502,"https://hex.pm/api/packages/simplifile/releases/1.4.2","2024-02-19T01:19:17.368Z","2024-02-19T01:19:14.056Z","2025-03-27T22:02:17.320Z"
"simplifile","1.5.0",4832,"https://hex.pm/api/packages/simplifile/releases/1.5.0","2024-02-29T19:19:49.440Z","2024-02-29T19:19:47.065Z","2025-03-27T22:02:17.320Z"
"simplifile","1.5.1",947,"https://hex.pm/api/packages/simplifile/releases/1.5.1","2024-03-22T17:12:16.525Z","2024-03-22T17:12:13.949Z","2025-03-27T22:02:17.320Z"
"simplifile","1.6.0",370,"https://hex.pm/api/packages/simplifile/releases/1.6.0","2024-03-26T21:35:59.900Z","2024-03-26T21:35:57.619Z","2025-03-27T22:02:17.320Z"
"simplifile","1.6.1",945,"https://hex.pm/api/packages/simplifile/releases/1.6.1","2024-03-29T00:22:09.693Z","2024-03-29T00:22:07.505Z","2025-03-27T22:02:17.320Z"
"simplifile","1.7.0",20512,"https://hex.pm/api/packages/simplifile/releases/1.7.0","2024-04-05T17:53:37.489Z","2024-04-05T17:53:35.049Z","2025-03-27T22:02:17.320Z"
"simplifile","2.0.0",5820,"https://hex.pm/api/packages/simplifile/releases/2.0.0","2024-06-01T14:14:23.244Z","2024-06-01T14:14:20.035Z","2025-03-27T22:02:17.320Z"
"simplifile","2.0.1",24083,"https://hex.pm/api/packages/simplifile/releases/2.0.1","2024-06-27T15:38:52.971Z","2024-06-27T15:38:50.417Z","2025-03-27T22:02:17.320Z"
"simplifile","2.1.0",7913,"https://hex.pm/api/packages/simplifile/releases/2.1.0","2024-08-28T17:36:01.873Z","2024-08-28T17:35:58.667Z","2025-03-27T22:02:17.320Z"
"simplifile","2.2.0",72893,"https://hex.pm/api/packages/simplifile/releases/2.2.0","2024-09-24T01:10:12.581Z","2024-09-24T01:10:09.894Z","2025-03-27T22:02:17.320Z"
"simplifile","2.2.1",239,"https://hex.pm/api/packages/simplifile/releases/2.2.1","2025-03-25T19:30:04.496Z","2025-03-25T19:30:01.998Z","2025-03-27T22:02:17.320Z"
"singularity","0.1.0",90,"https://hex.pm/api/packages/singularity/releases/0.1.0","2024-04-08T19:54:52.231Z","2024-04-08T19:54:49.983Z","2025-03-11T14:25:19.265Z"
"singularity","0.1.1",209,"https://hex.pm/api/packages/singularity/releases/0.1.1","2024-09-07T20:20:16.047Z","2024-09-07T20:20:13.629Z","2025-03-11T14:25:19.265Z"
"singularity","1.0.0",68,"https://hex.pm/api/packages/singularity/releases/1.0.0","2025-01-13T02:21:03.655Z","2025-01-13T02:21:00.848Z","2025-03-11T14:25:19.265Z"
"singularity","1.1.0",20,"https://hex.pm/api/packages/singularity/releases/1.1.0","2025-03-08T22:44:23.314Z","2025-03-08T22:44:20.614Z","2025-03-11T14:25:19.265Z"
"sketch","1.0.0",182,"https://hex.pm/api/packages/sketch/releases/1.0.0","2024-04-05T17:38:32.880Z","2024-04-05T17:38:30.187Z","2025-01-20T10:40:42.679Z"
"sketch","1.0.1",182,"https://hex.pm/api/packages/sketch/releases/1.0.1","2024-04-06T15:18:17.987Z","2024-04-06T15:18:15.740Z","2025-01-20T10:40:42.679Z"
"sketch","1.1.0",190,"https://hex.pm/api/packages/sketch/releases/1.1.0","2024-04-08T17:56:28.429Z","2024-04-08T17:56:26.102Z","2025-01-20T10:40:42.679Z"
"sketch","1.2.0",217,"https://hex.pm/api/packages/sketch/releases/1.2.0","2024-04-12T15:18:33.092Z","2024-04-12T15:18:30.735Z","2025-01-20T10:40:42.679Z"
"sketch","2.0.0",193,"https://hex.pm/api/packages/sketch/releases/2.0.0","2024-04-15T16:06:50.396Z","2024-04-15T16:06:48.079Z","2025-01-20T10:40:42.679Z"
"sketch","2.1.0",195,"https://hex.pm/api/packages/sketch/releases/2.1.0","2024-04-19T16:00:29.073Z","2024-04-19T16:00:26.268Z","2025-01-20T10:40:42.679Z"
"sketch","2.2.0",244,"https://hex.pm/api/packages/sketch/releases/2.2.0","2024-05-01T20:54:45.260Z","2024-05-01T20:54:42.720Z","2025-01-20T10:40:42.679Z"
"sketch","2.2.1",29,"https://hex.pm/api/packages/sketch/releases/2.2.1","2024-05-14T09:12:22.569Z","2024-05-14T08:48:30.155Z","2025-01-20T10:40:42.679Z"
"sketch","2.2.2",1126,"https://hex.pm/api/packages/sketch/releases/2.2.2","2024-05-14T09:11:10.813Z","2024-05-14T09:11:08.163Z","2025-01-20T10:40:42.679Z"
"sketch","2.3.0",4269,"https://hex.pm/api/packages/sketch/releases/2.3.0","2024-07-10T10:07:55.940Z","2024-07-10T10:07:53.502Z","2025-01-20T10:40:42.679Z"
"sketch","3.0.0",212,"https://hex.pm/api/packages/sketch/releases/3.0.0","2024-08-05T12:44:37.790Z","2024-08-05T12:44:35.179Z","2025-01-20T10:40:42.679Z"
"sketch","3.0.1",28,"https://hex.pm/api/packages/sketch/releases/3.0.1","2024-08-09T23:26:52.815Z","2024-08-09T23:26:50.254Z","2025-01-20T10:40:42.678Z"
"sketch","3.0.2",425,"https://hex.pm/api/packages/sketch/releases/3.0.2","2024-08-10T14:10:19.348Z","2024-08-10T14:10:16.723Z","2025-01-20T10:40:42.678Z"
"sketch","3.1.0",5343,"https://hex.pm/api/packages/sketch/releases/3.1.0","2024-09-17T16:41:06.328Z","2024-09-17T16:41:03.567Z","2025-01-20T10:40:42.678Z"
"sketch","3.1.1",2492,"https://hex.pm/api/packages/sketch/releases/3.1.1","2024-11-07T18:15:21.805Z","2024-11-07T18:15:19.009Z","2025-01-20T10:40:42.678Z"
"sketch","3.1.2",4616,"https://hex.pm/api/packages/sketch/releases/3.1.2","2024-11-28T13:36:13.737Z","2024-11-28T13:36:10.998Z","2025-01-20T10:40:42.678Z"
"sketch","4.0.0",56,"https://hex.pm/api/packages/sketch/releases/4.0.0","2025-01-12T16:49:15.023Z","2025-01-12T16:49:11.856Z","2025-01-20T10:40:42.678Z"
"sketch_css","1.0.0",26,"https://hex.pm/api/packages/sketch_css/releases/1.0.0","2024-08-05T12:45:18.856Z","2024-08-05T12:45:16.225Z","2025-01-15T17:36:26.471Z"
"sketch_css","1.1.0",40,"https://hex.pm/api/packages/sketch_css/releases/1.1.0","2024-08-16T13:11:17.432Z","2024-08-16T13:07:43.841Z","2025-01-15T17:36:26.471Z"
"sketch_css","1.1.1",54,"https://hex.pm/api/packages/sketch_css/releases/1.1.1","2024-10-31T14:21:32.533Z","2024-10-31T14:21:29.775Z","2025-01-15T17:36:26.471Z"
"sketch_css","2.0.0",12,"https://hex.pm/api/packages/sketch_css/releases/2.0.0","2025-01-12T16:51:03.579Z","2025-01-12T16:51:00.700Z","2025-01-15T17:36:26.471Z"
"sketch_lustre","1.0.0",375,"https://hex.pm/api/packages/sketch_lustre/releases/1.0.0","2024-08-05T12:45:54.356Z","2024-08-05T12:45:51.804Z","2025-01-15T17:36:25.343Z"
"sketch_lustre","1.0.1",729,"https://hex.pm/api/packages/sketch_lustre/releases/1.0.1","2024-09-17T16:41:55.049Z","2024-09-17T16:41:52.466Z","2025-01-15T17:36:25.343Z"
"sketch_lustre","1.0.2",4442,"https://hex.pm/api/packages/sketch_lustre/releases/1.0.2","2024-10-13T18:01:23.800Z","2024-10-13T18:01:21.158Z","2025-01-15T17:36:25.342Z"
"sketch_lustre","1.0.3",5542,"https://hex.pm/api/packages/sketch_lustre/releases/1.0.3","2024-11-06T17:16:16.917Z","2024-11-06T17:16:14.093Z","2025-01-15T17:36:25.342Z"
"sketch_lustre","2.0.0",12,"https://hex.pm/api/packages/sketch_lustre/releases/2.0.0","2025-01-12T16:52:32.514Z","2025-01-12T16:52:29.591Z","2025-01-15T17:36:25.342Z"
"sketch_lustre_experimental","0.1.0",47,"https://hex.pm/api/packages/sketch_lustre_experimental/releases/0.1.0","2025-01-12T16:54:52.383Z","2025-01-12T16:54:49.261Z","2025-02-16T00:28:07.868Z"
"sketch_lustre_experimental","0.2.0",184,"https://hex.pm/api/packages/sketch_lustre_experimental/releases/0.2.0","2025-02-12T17:56:06.561Z","2025-02-12T17:56:03.243Z","2025-02-16T00:28:07.868Z"
"sketch_redraw","1.0.0",54,"https://hex.pm/api/packages/sketch_redraw/releases/1.0.0","2024-08-21T15:21:14.868Z","2024-08-21T15:21:12.346Z","2025-01-15T17:36:23.156Z"
"sketch_redraw","2.0.0",12,"https://hex.pm/api/packages/sketch_redraw/releases/2.0.0","2025-01-12T16:56:11.516Z","2025-01-12T16:56:08.722Z","2025-01-15T17:36:23.156Z"
"slackin","1.0.0",20,"https://hex.pm/api/packages/slackin/releases/1.0.0","2024-05-04T02:21:38.614Z","2024-05-04T02:21:36.263Z","2024-07-03T00:01:30.056Z"
"smol","1.0.0",16,"https://hex.pm/api/packages/smol/releases/1.0.0","2025-04-18T22:34:27.721Z","2025-04-18T19:52:13.267Z","2025-04-22T16:32:07.693Z"
"smol","1.0.1",18,"https://hex.pm/api/packages/smol/releases/1.0.1","2025-04-19T10:43:03.514Z","2025-04-19T10:42:59.674Z","2025-04-22T16:32:07.693Z"
"snag","0.2.0",1111,"https://hex.pm/api/packages/snag/releases/0.2.0","2021-11-27T17:54:50.440Z","2021-11-27T17:54:46.677Z","2025-02-11T07:16:08.183Z"
"snag","0.2.1",955,"https://hex.pm/api/packages/snag/releases/0.2.1","2023-06-27T15:22:56.926Z","2023-06-27T15:22:54.761Z","2025-02-11T07:16:08.183Z"
"snag","0.3.0",25887,"https://hex.pm/api/packages/snag/releases/0.3.0","2023-12-19T09:17:10.714Z","2023-12-19T09:17:08.171Z","2025-02-11T07:16:08.183Z"
"snag","1.0.0",5539,"https://hex.pm/api/packages/snag/releases/1.0.0","2024-11-19T13:43:38.169Z","2024-11-19T13:43:35.488Z","2025-02-11T07:16:08.183Z"
"snag","1.1.0",7774,"https://hex.pm/api/packages/snag/releases/1.1.0","2024-12-19T12:32:33.087Z","2024-12-19T12:32:30.291Z","2025-02-11T07:16:08.183Z"
"snowgleam","0.1.0",14,"https://hex.pm/api/packages/snowgleam/releases/0.1.0","2024-06-25T20:55:10.004Z","2024-06-25T20:55:07.436Z","2024-07-02T23:27:52.915Z"
"snowgleam","0.2.0",14,"https://hex.pm/api/packages/snowgleam/releases/0.2.0","2024-06-26T13:14:32.607Z","2024-06-26T13:14:30.012Z","2024-07-02T23:27:52.915Z"
"snowgleam","0.3.0",14,"https://hex.pm/api/packages/snowgleam/releases/0.3.0","2024-06-26T22:54:18.111Z","2024-06-26T22:54:15.483Z","2024-07-02T23:27:52.915Z"
"sol","0.0.0",22,"https://hex.pm/api/packages/sol/releases/0.0.0","2024-03-28T21:48:50.958Z","2024-03-28T21:48:48.841Z","2024-07-03T00:18:03.468Z"
"sonatina","0.1.1",10,"https://hex.pm/api/packages/sonatina/releases/0.1.1","2025-04-01T02:40:05.025Z","2025-04-01T02:40:02.362Z","2025-04-03T08:37:34.735Z"
"sorbet","1.0.0",22,"https://hex.pm/api/packages/sorbet/releases/1.0.0","2025-03-02T19:01:46.851Z","2025-03-02T19:01:44.207Z","2025-03-11T04:07:40.246Z"
"sorbet","1.0.1",22,"https://hex.pm/api/packages/sorbet/releases/1.0.1","2025-03-02T22:28:24.654Z","2025-03-02T22:28:22.128Z","2025-03-11T04:07:40.245Z"
"sorbet","1.1.0",18,"https://hex.pm/api/packages/sorbet/releases/1.1.0","2025-03-07T23:53:42.464Z","2025-03-07T23:53:40.274Z","2025-03-11T04:07:40.245Z"
"sorbet","2.0.2",60,"https://hex.pm/api/packages/sorbet/releases/2.0.2","2025-03-07T23:56:28.482Z","2025-03-07T23:56:26.250Z","2025-03-11T04:07:40.245Z"
"sparkle","0.0.1",26,"https://hex.pm/api/packages/sparkle/releases/0.0.1","2024-03-13T19:15:52.446Z","2024-03-13T19:15:50.023Z","2024-07-03T00:31:12.466Z"
"sparkle","0.0.2",26,"https://hex.pm/api/packages/sparkle/releases/0.0.2","2024-03-15T16:32:19.838Z","2024-03-15T16:32:17.068Z","2024-07-03T00:31:12.465Z"
"sparkleplug","1.0.0",74,"https://hex.pm/api/packages/sparkleplug/releases/1.0.0","2025-01-11T23:10:32.087Z","2025-01-11T23:10:29.411Z","2025-04-08T12:15:36.976Z"
"sparkleplug","1.1.0",18,"https://hex.pm/api/packages/sparkleplug/releases/1.1.0","2025-04-05T17:12:08.224Z","2025-04-05T17:12:05.581Z","2025-04-08T12:15:36.975Z"
"spectator","1.0.0",28,"https://hex.pm/api/packages/spectator/releases/1.0.0","2024-10-19T16:26:10.366Z","2024-10-19T16:26:07.480Z","2025-02-25T10:38:03.106Z"
"spectator","1.0.1",26,"https://hex.pm/api/packages/spectator/releases/1.0.1","2024-10-19T23:03:18.329Z","2024-10-19T23:03:15.347Z","2025-02-25T10:38:03.106Z"
"spectator","1.0.2",38,"https://hex.pm/api/packages/spectator/releases/1.0.2","2024-10-20T10:26:47.937Z","2024-10-20T10:26:45.230Z","2025-02-25T10:38:03.106Z"
"spectator","1.1.2",26,"https://hex.pm/api/packages/spectator/releases/1.1.2","2024-10-21T19:49:35.189Z","2024-10-21T19:49:32.220Z","2025-02-25T10:38:03.106Z"
"spectator","1.1.3",26,"https://hex.pm/api/packages/spectator/releases/1.1.3","2024-10-21T23:47:57.563Z","2024-10-21T23:47:54.651Z","2025-02-25T10:38:03.105Z"
"spectator","1.1.4",28,"https://hex.pm/api/packages/spectator/releases/1.1.4","2024-10-22T11:53:55.690Z","2024-10-22T11:53:52.872Z","2025-02-25T10:38:03.105Z"
"spectator","1.1.5",26,"https://hex.pm/api/packages/spectator/releases/1.1.5","2024-10-22T15:09:08.474Z","2024-10-22T15:09:05.539Z","2025-02-25T10:38:03.105Z"
"spectator","1.2.0",34,"https://hex.pm/api/packages/spectator/releases/1.2.0","2024-10-22T22:39:45.454Z","2024-10-22T22:39:41.256Z","2025-02-25T10:38:03.105Z"
"spectator","1.3.0",28,"https://hex.pm/api/packages/spectator/releases/1.3.0","2024-10-25T00:34:45.164Z","2024-10-25T00:34:41.447Z","2025-02-25T10:38:03.105Z"
"spectator","1.3.1",30,"https://hex.pm/api/packages/spectator/releases/1.3.1","2024-10-25T11:58:10.649Z","2024-10-25T11:58:07.853Z","2025-02-25T10:38:03.105Z"
"spectator","1.4.0",26,"https://hex.pm/api/packages/spectator/releases/1.4.0","2024-10-28T19:30:43.796Z","2024-10-28T19:30:40.725Z","2025-02-25T10:38:03.105Z"
"spectator","1.4.1",68,"https://hex.pm/api/packages/spectator/releases/1.4.1","2024-10-28T19:56:27.020Z","2024-10-28T19:56:23.478Z","2025-02-25T10:38:03.105Z"
"spectator","1.4.2",57,"https://hex.pm/api/packages/spectator/releases/1.4.2","2024-12-10T19:17:19.257Z","2024-12-10T19:17:16.142Z","2025-02-25T10:38:03.105Z"
"spectator","1.4.3",14,"https://hex.pm/api/packages/spectator/releases/1.4.3","2025-02-22T13:24:12.842Z","2025-02-22T13:24:09.697Z","2025-02-25T10:38:03.105Z"
"spell_out","1.0.0",25,"https://hex.pm/api/packages/spell_out/releases/1.0.0","2024-11-03T09:32:27.630Z","2024-11-03T09:32:23.788Z","2025-03-05T14:15:43.709Z"
"spell_out","1.1.0",52,"https://hex.pm/api/packages/spell_out/releases/1.1.0","2024-11-03T09:37:14.450Z","2024-11-03T09:37:11.947Z","2025-03-05T14:15:43.709Z"
"spell_out","1.2.0",12,"https://hex.pm/api/packages/spell_out/releases/1.2.0","2025-03-03T20:13:19.346Z","2025-03-03T20:13:16.541Z","2025-03-05T14:15:43.709Z"
"spinner","1.0.0",63,"https://hex.pm/api/packages/spinner/releases/1.0.0","2024-01-08T11:41:47.956Z","2024-01-08T11:41:45.781Z","2025-01-11T15:54:21.678Z"
"spinner","1.1.0",11113,"https://hex.pm/api/packages/spinner/releases/1.1.0","2024-02-19T13:55:49.963Z","2024-02-19T13:55:47.494Z","2025-01-11T15:54:21.677Z"
"spinner","1.2.0",3530,"https://hex.pm/api/packages/spinner/releases/1.2.0","2024-11-06T14:02:07.478Z","2024-11-06T14:02:04.678Z","2025-01-11T15:54:21.677Z"
"spinner","1.3.0",2261,"https://hex.pm/api/packages/spinner/releases/1.3.0","2024-12-03T12:06:02.261Z","2024-12-03T12:05:59.306Z","2025-01-11T15:54:21.677Z"
"spinner","1.3.1",184,"https://hex.pm/api/packages/spinner/releases/1.3.1","2025-01-08T12:21:08.429Z","2025-01-08T12:21:04.648Z","2025-01-11T15:54:21.677Z"
"splitter","1.0.0",40,"https://hex.pm/api/packages/splitter/releases/1.0.0","2025-03-31T13:52:56.582Z","2025-03-31T13:52:53.960Z","2025-04-03T08:38:17.908Z"
"spoke","1.0.0",67,"https://hex.pm/api/packages/spoke/releases/1.0.0","2025-01-18T13:28:28.410Z","2025-01-18T13:28:25.552Z","2025-04-18T19:46:06.304Z"
"spoke","1.0.1",38,"https://hex.pm/api/packages/spoke/releases/1.0.1","2025-02-15T14:58:15.620Z","2025-02-15T14:58:12.651Z","2025-04-18T19:46:06.304Z"
"spoke","1.0.2",12,"https://hex.pm/api/packages/spoke/releases/1.0.2","2025-04-16T16:12:01.982Z","2025-04-16T16:11:59.040Z","2025-04-18T19:46:06.304Z"
"spoke_tcp","1.0.0",10,"https://hex.pm/api/packages/spoke_tcp/releases/1.0.0","2025-01-18T13:28:57.996Z","2025-01-18T13:28:55.346Z","2025-01-20T20:57:27.162Z"
"spotify_client","1.0.0",50,"https://hex.pm/api/packages/spotify_client/releases/1.0.0","2025-02-17T01:15:56.945Z","2025-02-16T22:58:15.961Z","2025-02-26T07:14:09.615Z"
"spotify_client","1.0.1",18,"https://hex.pm/api/packages/spotify_client/releases/1.0.1","2025-02-24T04:48:49.940Z","2025-02-24T04:48:47.868Z","2025-02-26T07:14:09.615Z"
"spotless","0.1.0",22,"https://hex.pm/api/packages/spotless/releases/0.1.0","2025-04-21T10:28:09.262Z","2025-04-21T10:28:04.917Z","2025-05-02T23:56:48.714Z"
"spotless","0.1.1",40,"https://hex.pm/api/packages/spotless/releases/0.1.1","2025-04-22T10:48:11.216Z","2025-04-22T10:48:06.553Z","2025-05-02T23:56:48.714Z"
"spotless","0.1.2",24,"https://hex.pm/api/packages/spotless/releases/0.1.2","2025-04-22T14:32:46.688Z","2025-04-22T14:32:40.894Z","2025-05-02T23:56:48.714Z"
"spotless","0.2.0",32,"https://hex.pm/api/packages/spotless/releases/0.2.0","2025-04-22T15:44:24.165Z","2025-04-22T15:44:19.477Z","2025-05-02T23:56:48.714Z"
"spotless","1.0.0",32,"https://hex.pm/api/packages/spotless/releases/1.0.0","2025-04-24T20:46:45.653Z","2025-04-24T20:46:41.264Z","2025-05-02T23:56:48.714Z"
"spotless","1.1.0",0,"https://hex.pm/api/packages/spotless/releases/1.1.0","2025-05-02T13:52:06.938Z","2025-05-02T13:52:01.012Z","2025-05-02T23:56:48.714Z"
"sprinkle","1.0.0",27,"https://hex.pm/api/packages/sprinkle/releases/1.0.0","2024-03-19T08:29:19.854Z","2024-03-19T08:29:17.108Z","2024-07-03T00:23:45.859Z"
"sprinkle","1.0.1",42,"https://hex.pm/api/packages/sprinkle/releases/1.0.1","2024-03-19T08:42:17.528Z","2024-03-19T08:42:14.626Z","2024-07-03T00:23:45.859Z"
"sprocket","0.1.0",64,"https://hex.pm/api/packages/sprocket/releases/0.1.0","2023-07-16T04:12:56.677Z","2023-07-16T04:00:20.503Z","2025-03-12T00:43:25.536Z"
"sprocket","0.1.1",69,"https://hex.pm/api/packages/sprocket/releases/0.1.1","2023-07-20T01:36:52.218Z","2023-07-20T01:36:49.760Z","2025-03-12T00:43:25.536Z"
"sprocket","0.1.10",69,"https://hex.pm/api/packages/sprocket/releases/0.1.10","2023-12-09T01:38:06.797Z","2023-12-09T01:38:03.974Z","2025-03-12T00:43:25.536Z"
"sprocket","0.1.2",71,"https://hex.pm/api/packages/sprocket/releases/0.1.2","2023-07-24T02:25:17.631Z","2023-07-24T02:25:14.622Z","2025-03-12T00:43:25.536Z"
"sprocket","0.1.3",65,"https://hex.pm/api/packages/sprocket/releases/0.1.3","2023-09-08T02:48:33.304Z","2023-09-08T02:48:30.724Z","2025-03-12T00:43:25.536Z"
"sprocket","0.1.4",90,"https://hex.pm/api/packages/sprocket/releases/0.1.4","2023-10-07T04:18:19.968Z","2023-10-07T04:18:17.455Z","2025-03-12T00:43:25.536Z"
"sprocket","0.1.5",69,"https://hex.pm/api/packages/sprocket/releases/0.1.5","2023-11-01T02:44:32.449Z","2023-11-01T02:44:30.234Z","2025-03-12T00:43:25.536Z"
"sprocket","0.1.6",80,"https://hex.pm/api/packages/sprocket/releases/0.1.6","2023-11-01T22:06:18.345Z","2023-11-01T22:06:16.158Z","2025-03-12T00:43:25.536Z"
"sprocket","0.1.7",66,"https://hex.pm/api/packages/sprocket/releases/0.1.7","2023-11-06T03:23:11.343Z","2023-11-06T03:23:09.189Z","2025-03-12T00:43:25.536Z"
"sprocket","0.1.8",76,"https://hex.pm/api/packages/sprocket/releases/0.1.8","2023-11-09T02:39:50.543Z","2023-11-09T02:39:48.338Z","2025-03-12T00:43:25.536Z"
"sprocket","0.1.9",68,"https://hex.pm/api/packages/sprocket/releases/0.1.9","2023-11-21T03:27:55.186Z","2023-11-21T03:27:53.117Z","2025-03-12T00:43:25.536Z"
"sprocket","0.2.0",57,"https://hex.pm/api/packages/sprocket/releases/0.2.0","2024-02-27T02:31:53.446Z","2024-02-27T02:31:51.304Z","2025-03-12T00:43:25.536Z"
"sprocket","0.2.1",124,"https://hex.pm/api/packages/sprocket/releases/0.2.1","2024-03-01T04:45:33.892Z","2024-03-01T04:37:12.043Z","2025-03-12T00:43:25.536Z"
"sprocket","0.2.2",55,"https://hex.pm/api/packages/sprocket/releases/0.2.2","2024-03-10T23:44:59.040Z","2024-03-10T23:18:37.137Z","2025-03-12T00:43:25.536Z"
"sprocket","0.2.3",70,"https://hex.pm/api/packages/sprocket/releases/0.2.3","2024-03-13T03:17:31.901Z","2024-03-13T03:17:29.645Z","2025-03-12T00:43:25.536Z"
"sprocket","0.2.4",105,"https://hex.pm/api/packages/sprocket/releases/0.2.4","2024-06-20T02:40:09.960Z","2024-06-20T02:40:07.422Z","2025-03-12T00:43:25.536Z"
"sprocket","0.2.5",93,"https://hex.pm/api/packages/sprocket/releases/0.2.5","2024-08-15T01:23:19.579Z","2024-08-15T01:23:17.024Z","2025-03-12T00:43:25.536Z"
"sprocket","0.3.0",110,"https://hex.pm/api/packages/sprocket/releases/0.3.0","2024-11-03T21:56:29.510Z","2024-11-03T21:56:26.708Z","2025-03-12T00:43:25.536Z"
"sprocket","0.3.1",46,"https://hex.pm/api/packages/sprocket/releases/0.3.1","2024-11-12T00:01:09.482Z","2024-11-12T00:01:06.886Z","2025-03-12T00:43:25.536Z"
"sprocket","0.3.2",58,"https://hex.pm/api/packages/sprocket/releases/0.3.2","2024-12-05T00:20:04.529Z","2024-12-05T00:20:01.847Z","2025-03-12T00:43:25.536Z"
"sprocket","0.4.0",34,"https://hex.pm/api/packages/sprocket/releases/0.4.0","2025-01-12T05:30:55.261Z","2025-01-12T05:30:52.822Z","2025-03-12T00:43:25.536Z"
"sprocket","0.4.1",66,"https://hex.pm/api/packages/sprocket/releases/0.4.1","2025-01-14T04:21:00.131Z","2025-01-14T04:20:57.569Z","2025-03-12T00:43:25.536Z"
"sprocket","0.4.2",72,"https://hex.pm/api/packages/sprocket/releases/0.4.2","2025-01-17T03:21:25.451Z","2025-01-17T03:21:22.843Z","2025-03-12T00:43:25.536Z"
"sprocket","1.0.0",30,"https://hex.pm/api/packages/sprocket/releases/1.0.0","2025-03-10T00:08:29.851Z","2025-03-10T00:08:27.486Z","2025-03-12T00:43:25.535Z"
"sprocket_mist","1.0.0",26,"https://hex.pm/api/packages/sprocket_mist/releases/1.0.0","2025-03-10T00:20:53.224Z","2025-03-10T00:20:51.060Z","2025-03-12T11:01:41.105Z"
"sqlc_gen_gleam","0.0.1",12,"https://hex.pm/api/packages/sqlc_gen_gleam/releases/0.0.1","2024-12-14T23:09:15.851Z","2024-12-14T22:37:54.905Z","2024-12-17T19:56:04.679Z"
"sqlight","0.1.0",84,"https://hex.pm/api/packages/sqlight/releases/0.1.0","2022-12-31T12:16:58.820Z","2022-12-31T12:16:57.922Z","2025-02-05T07:19:05.810Z"
"sqlight","0.2.0",90,"https://hex.pm/api/packages/sqlight/releases/0.2.0","2022-12-31T13:33:37.621Z","2022-12-31T13:33:36.829Z","2025-02-05T07:19:05.810Z"
"sqlight","0.3.0",87,"https://hex.pm/api/packages/sqlight/releases/0.3.0","2023-01-02T13:56:03.682Z","2023-01-02T13:56:02.715Z","2025-02-05T07:19:05.810Z"
"sqlight","0.4.0",122,"https://hex.pm/api/packages/sqlight/releases/0.4.0","2023-01-02T17:29:19.739Z","2023-01-02T17:29:18.985Z","2025-02-05T07:19:05.810Z"
"sqlight","0.5.0",84,"https://hex.pm/api/packages/sqlight/releases/0.5.0","2023-01-08T15:19:28.877Z","2023-01-08T15:19:28.077Z","2025-02-05T07:19:05.810Z"
"sqlight","0.6.0",1509,"https://hex.pm/api/packages/sqlight/releases/0.6.0","2023-01-15T22:03:26.215Z","2023-01-15T22:03:25.551Z","2025-02-05T07:19:05.810Z"
"sqlight","0.6.1",211,"https://hex.pm/api/packages/sqlight/releases/0.6.1","2023-03-23T19:46:30.173Z","2023-03-23T19:46:27.778Z","2025-02-05T07:19:05.810Z"
"sqlight","0.7.0",181,"https://hex.pm/api/packages/sqlight/releases/0.7.0","2023-08-03T12:10:37.853Z","2023-08-03T12:10:35.506Z","2025-02-05T07:19:05.810Z"
"sqlight","0.8.0",222,"https://hex.pm/api/packages/sqlight/releases/0.8.0","2023-09-22T21:19:07.463Z","2023-09-22T21:19:03.602Z","2025-02-05T07:19:05.810Z"
"sqlight","0.9.0",6182,"https://hex.pm/api/packages/sqlight/releases/0.9.0","2023-11-06T14:36:45.013Z","2023-11-06T14:36:42.776Z","2025-02-05T07:19:05.810Z"
"sqlight","0.9.1",3449,"https://hex.pm/api/packages/sqlight/releases/0.9.1","2024-08-19T13:44:52.619Z","2024-08-19T13:44:49.810Z","2025-02-05T07:19:05.810Z"
"sqlight","1.0.0",673,"https://hex.pm/api/packages/sqlight/releases/1.0.0","2025-01-04T12:42:01.294Z","2025-01-04T12:41:58.706Z","2025-02-05T07:19:05.810Z"
"sqlight","1.0.1",70,"https://hex.pm/api/packages/sqlight/releases/1.0.1","2025-02-02T17:36:27.721Z","2025-02-02T17:36:24.950Z","2025-02-05T07:19:05.810Z"
"squeal","1.0.0",40,"https://hex.pm/api/packages/squeal/releases/1.0.0","2024-10-21T13:48:29.507Z","2024-10-21T13:02:08.521Z","2025-04-16T05:53:56.150Z"
"squeal","1.1.0",44,"https://hex.pm/api/packages/squeal/releases/1.1.0","2024-10-24T16:44:48.103Z","2024-10-24T16:44:45.308Z","2025-04-16T05:53:56.150Z"
"squeal","2.0.0",80,"https://hex.pm/api/packages/squeal/releases/2.0.0","2024-11-23T23:26:43.960Z","2024-11-23T23:26:40.909Z","2025-04-16T05:53:56.150Z"
"squeal","2.0.1",12,"https://hex.pm/api/packages/squeal/releases/2.0.1","2025-04-13T10:24:24.712Z","2025-04-13T10:24:22.408Z","2025-04-16T05:53:56.150Z"
"squeal","2.1.0",14,"https://hex.pm/api/packages/squeal/releases/2.1.0","2025-04-13T10:45:26.933Z","2025-04-13T10:45:24.497Z","2025-04-16T05:53:56.150Z"
"squirrel","0.1.0",44,"https://hex.pm/api/packages/squirrel/releases/0.1.0","2024-08-03T15:52:01.579Z","2024-08-03T15:51:58.839Z","2025-05-01T17:02:41.136Z"
"squirrel","1.0.0",47,"https://hex.pm/api/packages/squirrel/releases/1.0.0","2024-08-09T14:39:06.055Z","2024-08-09T14:39:03.703Z","2025-05-01T17:02:41.136Z"
"squirrel","1.0.1",60,"https://hex.pm/api/packages/squirrel/releases/1.0.1","2024-08-09T17:20:28.059Z","2024-08-09T17:20:25.719Z","2025-05-01T17:02:41.136Z"
"squirrel","1.1.0",46,"https://hex.pm/api/packages/squirrel/releases/1.1.0","2024-08-11T10:54:19.714Z","2024-08-11T10:54:17.339Z","2025-05-01T17:02:41.136Z"
"squirrel","1.2.0",51,"https://hex.pm/api/packages/squirrel/releases/1.2.0","2024-08-12T09:49:01.191Z","2024-08-12T09:48:58.857Z","2025-05-01T17:02:41.136Z"
"squirrel","1.3.0",88,"https://hex.pm/api/packages/squirrel/releases/1.3.0","2024-08-13T20:27:47.326Z","2024-08-13T19:32:05.479Z","2025-05-01T17:02:41.136Z"
"squirrel","1.3.1",54,"https://hex.pm/api/packages/squirrel/releases/1.3.1","2024-08-15T08:27:32.979Z","2024-08-15T08:27:30.579Z","2025-05-01T17:02:41.136Z"
"squirrel","1.3.2",53,"https://hex.pm/api/packages/squirrel/releases/1.3.2","2024-08-15T14:54:51.347Z","2024-08-15T14:54:48.679Z","2025-05-01T17:02:41.136Z"
"squirrel","1.4.0",65,"https://hex.pm/api/packages/squirrel/releases/1.4.0","2024-08-16T17:22:40.527Z","2024-08-16T17:22:37.750Z","2025-05-01T17:02:41.136Z"
"squirrel","1.5.0",143,"https://hex.pm/api/packages/squirrel/releases/1.5.0","2024-08-19T12:31:16.457Z","2024-08-19T12:31:14.002Z","2025-05-01T17:02:41.136Z"
"squirrel","1.6.0",81,"https://hex.pm/api/packages/squirrel/releases/1.6.0","2024-09-03T09:21:49.987Z","2024-09-03T09:21:47.426Z","2025-05-01T17:02:41.136Z"
"squirrel","1.6.1",153,"https://hex.pm/api/packages/squirrel/releases/1.6.1","2024-09-04T08:46:16.659Z","2024-09-04T08:46:13.951Z","2025-05-01T17:02:41.136Z"
"squirrel","1.7.0",355,"https://hex.pm/api/packages/squirrel/releases/1.7.0","2024-09-09T09:02:41.900Z","2024-09-09T09:02:39.233Z","2025-05-01T17:02:41.136Z"
"squirrel","1.7.1",544,"https://hex.pm/api/packages/squirrel/releases/1.7.1","2024-09-22T13:49:03.894Z","2024-09-22T13:49:01.637Z","2025-05-01T17:02:41.136Z"
"squirrel","1.8.0",99,"https://hex.pm/api/packages/squirrel/releases/1.8.0","2024-10-25T11:42:42.216Z","2024-10-25T11:42:39.251Z","2025-05-01T17:02:41.136Z"
"squirrel","1.8.1",55,"https://hex.pm/api/packages/squirrel/releases/1.8.1","2024-11-09T16:53:34.382Z","2024-11-09T16:53:31.802Z","2025-05-01T17:02:41.136Z"
"squirrel","2.0.0",264,"https://hex.pm/api/packages/squirrel/releases/2.0.0","2024-11-11T16:01:37.493Z","2024-11-11T16:01:34.838Z","2025-05-01T17:02:41.136Z"
"squirrel","2.0.1",99,"https://hex.pm/api/packages/squirrel/releases/2.0.1","2024-11-18T22:38:16.425Z","2024-11-18T22:38:13.728Z","2025-05-01T17:02:41.136Z"
"squirrel","2.0.2",157,"https://hex.pm/api/packages/squirrel/releases/2.0.2","2024-11-20T17:12:06.615Z","2024-11-20T17:12:03.925Z","2025-05-01T17:02:41.136Z"
"squirrel","2.0.3",66,"https://hex.pm/api/packages/squirrel/releases/2.0.3","2024-11-28T12:07:18.912Z","2024-11-28T12:07:15.997Z","2025-05-01T17:02:41.136Z"
"squirrel","2.0.4",234,"https://hex.pm/api/packages/squirrel/releases/2.0.4","2024-12-04T03:39:25.352Z","2024-12-04T03:39:22.660Z","2025-05-01T17:02:41.135Z"
"squirrel","2.0.5",422,"https://hex.pm/api/packages/squirrel/releases/2.0.5","2024-12-11T23:55:16.319Z","2024-12-11T23:55:13.754Z","2025-05-01T17:02:41.135Z"
"squirrel","2.1.0",243,"https://hex.pm/api/packages/squirrel/releases/2.1.0","2024-12-22T18:01:46.687Z","2024-12-22T18:01:42.247Z","2025-05-01T17:02:41.135Z"
"squirrel","3.0.0",637,"https://hex.pm/api/packages/squirrel/releases/3.0.0","2025-01-20T16:51:17.443Z","2025-01-20T16:51:14.470Z","2025-05-01T17:02:41.135Z"
"squirrel","3.0.1",802,"https://hex.pm/api/packages/squirrel/releases/3.0.1","2025-02-16T09:11:46.271Z","2025-02-16T09:11:43.288Z","2025-05-01T17:02:41.135Z"
"squirrel","3.0.2",340,"https://hex.pm/api/packages/squirrel/releases/3.0.2","2025-04-01T15:18:53.616Z","2025-04-01T15:18:50.620Z","2025-05-01T17:02:41.135Z"
"squirrel","3.0.3",52,"https://hex.pm/api/packages/squirrel/releases/3.0.3","2025-04-28T18:19:53.801Z","2025-04-28T18:19:50.393Z","2025-05-01T17:02:41.135Z"
"stacky","1.0.0",16,"https://hex.pm/api/packages/stacky/releases/1.0.0","2024-05-15T20:08:53.712Z","2024-05-15T20:08:51.028Z","2024-07-02T23:44:16.852Z"
"stacky","1.0.1",18,"https://hex.pm/api/packages/stacky/releases/1.0.1","2024-05-15T20:17:39.972Z","2024-05-15T20:17:37.526Z","2024-07-02T23:44:16.852Z"
"stacky","1.0.2",18,"https://hex.pm/api/packages/stacky/releases/1.0.2","2024-05-15T20:33:17.817Z","2024-05-15T20:33:15.099Z","2024-07-02T23:44:16.852Z"
"stacky","1.0.3",21,"https://hex.pm/api/packages/stacky/releases/1.0.3","2024-05-15T20:46:42.927Z","2024-05-15T20:46:40.380Z","2024-07-02T23:44:16.852Z"
"stacky","1.1.0",18,"https://hex.pm/api/packages/stacky/releases/1.1.0","2024-05-16T21:17:43.983Z","2024-05-16T20:55:03.024Z","2024-07-02T23:44:16.852Z"
"stacky","1.2.0",18,"https://hex.pm/api/packages/stacky/releases/1.2.0","2024-05-17T12:32:45.710Z","2024-05-17T12:27:24.162Z","2024-07-02T23:44:16.852Z"
"stacky","1.3.0",20,"https://hex.pm/api/packages/stacky/releases/1.3.0","2024-05-17T18:28:27.509Z","2024-05-17T18:28:24.808Z","2024-07-02T23:44:16.852Z"
"stacky","1.4.0",18,"https://hex.pm/api/packages/stacky/releases/1.4.0","2024-06-06T17:28:40.980Z","2024-06-06T17:28:37.290Z","2024-07-02T23:44:16.852Z"
"staff_ai","0.0.1",26,"https://hex.pm/api/packages/staff_ai/releases/0.0.1","2024-03-15T18:55:00.883Z","2024-03-15T18:54:58.485Z","2024-07-03T00:25:38.662Z"
"staff_ai","0.0.2",30,"https://hex.pm/api/packages/staff_ai/releases/0.0.2","2024-03-16T11:15:40.235Z","2024-03-16T11:15:37.922Z","2024-07-03T00:25:38.662Z"
"staff_ai","0.0.3",28,"https://hex.pm/api/packages/staff_ai/releases/0.0.3","2024-03-16T11:30:29.985Z","2024-03-16T11:30:27.322Z","2024-07-03T00:25:38.662Z"
"staff_ai","0.0.4",29,"https://hex.pm/api/packages/staff_ai/releases/0.0.4","2024-03-16T12:01:14.438Z","2024-03-16T12:01:12.009Z","2024-07-03T00:25:38.661Z"
"stardate","0.1.0",14,"https://hex.pm/api/packages/stardate/releases/0.1.0","2024-09-14T02:09:08.926Z","2024-09-14T02:09:05.193Z","2024-09-21T05:50:39.485Z"
"stardate","0.1.1",8,"https://hex.pm/api/packages/stardate/releases/0.1.1","2024-09-18T22:44:32.751Z","2024-09-18T22:44:30.189Z","2024-09-21T05:50:39.485Z"
"starfeeds","1.0.0",10,"https://hex.pm/api/packages/starfeeds/releases/1.0.0","2024-08-24T14:36:58.086Z","2024-08-24T14:20:31.501Z","2024-08-27T12:17:20.206Z"
"starflow","0.0.1",18,"https://hex.pm/api/packages/starflow/releases/0.0.1","2024-11-14T21:50:02.564Z","2024-11-14T18:13:41.055Z","2025-01-14T10:45:21.215Z"
"starflow","1.1.0",12,"https://hex.pm/api/packages/starflow/releases/1.1.0","2025-01-11T00:42:42.388Z","2025-01-11T00:42:39.540Z","2025-01-14T10:45:21.215Z"
"starmap","0.1.0",10,"https://hex.pm/api/packages/starmap/releases/0.1.0","2024-07-04T17:46:18.460Z","2024-07-04T17:46:15.038Z","2024-07-08T16:25:57.572Z"
"startest","0.1.0",114,"https://hex.pm/api/packages/startest/releases/0.1.0","2024-04-20T02:47:44.546Z","2024-04-20T02:47:42.072Z","2025-01-14T10:45:19.106Z"
"startest","0.2.0",201,"https://hex.pm/api/packages/startest/releases/0.2.0","2024-04-21T03:49:19.310Z","2024-04-21T03:49:17.124Z","2025-01-14T10:45:19.106Z"
"startest","0.2.1",140,"https://hex.pm/api/packages/startest/releases/0.2.1","2024-04-27T19:56:05.361Z","2024-04-27T19:56:02.827Z","2025-01-14T10:45:19.106Z"
"startest","0.2.2",53,"https://hex.pm/api/packages/startest/releases/0.2.2","2024-05-07T01:18:52.008Z","2024-05-07T01:18:49.562Z","2025-01-14T10:45:19.106Z"
"startest","0.2.3",42,"https://hex.pm/api/packages/startest/releases/0.2.3","2024-05-14T02:46:00.314Z","2024-05-14T02:45:57.895Z","2025-01-14T10:45:19.106Z"
"startest","0.2.4",942,"https://hex.pm/api/packages/startest/releases/0.2.4","2024-05-18T19:24:44.396Z","2024-05-18T19:24:42.068Z","2025-01-14T10:45:19.106Z"
"startest","0.3.0",60,"https://hex.pm/api/packages/startest/releases/0.3.0","2024-06-11T17:07:47.687Z","2024-06-11T17:07:45.240Z","2025-01-14T10:45:19.106Z"
"startest","0.4.0",577,"https://hex.pm/api/packages/startest/releases/0.4.0","2024-06-14T20:32:30.784Z","2024-06-14T20:32:28.377Z","2025-01-14T10:45:19.106Z"
"startest","0.5.0",1641,"https://hex.pm/api/packages/startest/releases/0.5.0","2024-07-31T23:58:10.136Z","2024-07-31T23:58:07.765Z","2025-01-14T10:45:19.106Z"
"startest","0.5.1",360,"https://hex.pm/api/packages/startest/releases/0.5.1","2024-11-22T01:50:45.930Z","2024-11-22T01:50:43.174Z","2025-01-14T10:45:19.106Z"
"startest","0.6.0",110,"https://hex.pm/api/packages/startest/releases/0.6.0","2025-01-11T02:19:02.530Z","2025-01-11T02:18:59.632Z","2025-01-14T10:45:19.106Z"
"stdin","1.0.0",34,"https://hex.pm/api/packages/stdin/releases/1.0.0","2024-06-03T12:25:51.396Z","2024-06-03T12:25:48.616Z","2025-01-05T15:58:49.390Z"
"stdin","1.1.0",38,"https://hex.pm/api/packages/stdin/releases/1.1.0","2024-06-04T16:10:30.900Z","2024-06-04T16:10:27.765Z","2025-01-05T15:58:49.390Z"
"stdin","1.1.1",64,"https://hex.pm/api/packages/stdin/releases/1.1.1","2024-06-04T16:14:30.982Z","2024-06-04T16:14:28.112Z","2025-01-05T15:58:49.390Z"
"stdin","1.1.2",49,"https://hex.pm/api/packages/stdin/releases/1.1.2","2024-06-08T10:05:38.478Z","2024-06-08T10:05:35.883Z","2025-01-05T15:58:49.390Z"
"stdin","1.1.3",38,"https://hex.pm/api/packages/stdin/releases/1.1.3","2024-06-11T14:26:56.096Z","2024-06-11T14:26:53.416Z","2025-01-05T15:58:49.390Z"
"stdin","1.1.4",493,"https://hex.pm/api/packages/stdin/releases/1.1.4","2024-06-11T15:07:57.277Z","2024-06-11T15:07:54.528Z","2025-01-05T15:58:49.390Z"
"stdin","2.0.0",14,"https://hex.pm/api/packages/stdin/releases/2.0.0","2025-01-02T17:59:08.576Z","2025-01-02T17:59:05.898Z","2025-01-05T15:58:49.390Z"
"stdin","2.0.1",18,"https://hex.pm/api/packages/stdin/releases/2.0.1","2025-01-02T18:00:30.108Z","2025-01-02T18:00:26.901Z","2025-01-05T15:58:49.390Z"
"stego","1.0.0",45,"https://hex.pm/api/packages/stego/releases/1.0.0","2024-01-10T02:38:05.316Z","2024-01-10T02:38:02.754Z","2024-07-03T00:53:21.473Z"
"stoiridh_version","0.1.0",178,"https://hex.pm/api/packages/stoiridh_version/releases/0.1.0","2024-04-25T05:22:32.163Z","2024-04-25T05:11:02.735Z","2024-07-09T23:01:29.667Z"
"stoiridh_version","0.1.1",112,"https://hex.pm/api/packages/stoiridh_version/releases/0.1.1","2024-06-04T03:21:50.620Z","2024-06-04T03:18:19.982Z","2024-07-09T23:01:29.667Z"
"stoiridh_version","0.2.0",16,"https://hex.pm/api/packages/stoiridh_version/releases/0.2.0","2024-07-07T05:35:59.038Z","2024-07-07T05:35:56.599Z","2024-07-09T23:01:29.667Z"
"storail","1.0.0",134,"https://hex.pm/api/packages/storail/releases/1.0.0","2024-10-21T16:53:57.762Z","2024-10-21T16:53:55.138Z","2024-12-26T19:40:57.837Z"
"storail","2.0.0",24,"https://hex.pm/api/packages/storail/releases/2.0.0","2024-12-11T15:49:45.362Z","2024-12-11T15:49:42.617Z","2024-12-26T19:40:57.837Z"
"storail","2.1.0",34,"https://hex.pm/api/packages/storail/releases/2.1.0","2024-12-11T17:13:20.031Z","2024-12-11T17:13:17.306Z","2024-12-26T19:40:57.837Z"
"storail","3.0.0",14,"https://hex.pm/api/packages/storail/releases/3.0.0","2024-12-22T19:42:53.734Z","2024-12-22T19:42:50.862Z","2024-12-26T19:40:57.837Z"
"storch","1.0.0",40,"https://hex.pm/api/packages/storch/releases/1.0.0","2024-05-29T14:53:01.232Z","2024-05-29T14:52:58.646Z","2024-07-02T23:24:56.908Z"
"storch","1.1.0",38,"https://hex.pm/api/packages/storch/releases/1.1.0","2024-06-05T09:26:41.555Z","2024-06-05T09:26:38.100Z","2024-07-02T23:24:56.908Z"
"storch","1.1.1",19,"https://hex.pm/api/packages/storch/releases/1.1.1","2024-06-07T20:07:13.533Z","2024-06-07T20:07:10.589Z","2024-07-02T23:24:56.908Z"
"storch","2.0.0",14,"https://hex.pm/api/packages/storch/releases/2.0.0","2024-06-11T08:24:41.174Z","2024-06-11T08:24:38.527Z","2024-07-02T23:24:56.908Z"
"storch","2.1.0",600,"https://hex.pm/api/packages/storch/releases/2.1.0","2024-06-11T14:56:33.679Z","2024-06-11T14:56:30.158Z","2024-07-02T23:24:56.908Z"
"stratus","0.0.1",58,"https://hex.pm/api/packages/stratus/releases/0.0.1","2025-03-11T23:52:56.040Z","2024-03-10T14:31:17.765Z","2025-03-18T21:31:28.647Z"
"stratus","0.1.0",61,"https://hex.pm/api/packages/stratus/releases/0.1.0","2024-03-12T03:35:13.227Z","2024-03-12T03:35:11.079Z","2025-03-18T21:31:28.647Z"
"stratus","0.2.0",68,"https://hex.pm/api/packages/stratus/releases/0.2.0","2024-03-12T04:41:59.702Z","2024-03-12T04:41:57.507Z","2025-03-18T21:31:28.647Z"
"stratus","0.3.0",60,"https://hex.pm/api/packages/stratus/releases/0.3.0","2024-03-14T15:19:33.187Z","2024-03-14T15:19:30.779Z","2025-03-18T21:31:28.647Z"
"stratus","0.4.0",62,"https://hex.pm/api/packages/stratus/releases/0.4.0","2024-03-16T03:07:36.442Z","2024-03-16T03:07:34.209Z","2025-03-18T21:31:28.647Z"
"stratus","0.5.0",223,"https://hex.pm/api/packages/stratus/releases/0.5.0","2024-03-16T13:44:55.041Z","2024-03-16T13:44:52.887Z","2025-03-18T21:31:28.647Z"
"stratus","0.6.0",47,"https://hex.pm/api/packages/stratus/releases/0.6.0","2024-05-04T02:39:41.674Z","2024-05-04T02:39:39.590Z","2025-03-18T21:31:28.647Z"
"stratus","0.7.0",64,"https://hex.pm/api/packages/stratus/releases/0.7.0","2024-05-05T15:35:06.865Z","2024-05-05T15:35:04.533Z","2025-03-18T21:31:28.647Z"
"stratus","0.8.0",68,"https://hex.pm/api/packages/stratus/releases/0.8.0","2024-05-23T01:35:32.861Z","2024-05-23T01:35:30.345Z","2025-03-18T21:31:28.647Z"
"stratus","0.9.0",103,"https://hex.pm/api/packages/stratus/releases/0.9.0","2024-05-29T02:44:59.088Z","2024-05-29T02:44:56.854Z","2025-03-18T21:31:28.647Z"
"stratus","0.9.1",32,"https://hex.pm/api/packages/stratus/releases/0.9.1","2024-07-16T14:10:18.368Z","2024-07-16T14:10:15.989Z","2025-03-18T21:31:28.647Z"
"stratus","0.9.2",231,"https://hex.pm/api/packages/stratus/releases/0.9.2","2024-07-16T14:40:36.520Z","2024-07-16T14:40:33.771Z","2025-03-18T21:31:28.647Z"
"stratus","0.9.3",341,"https://hex.pm/api/packages/stratus/releases/0.9.3","2024-08-31T13:59:06.511Z","2024-08-31T13:59:04.103Z","2025-03-18T21:31:28.647Z"
"stratus","0.9.4",249,"https://hex.pm/api/packages/stratus/releases/0.9.4","2024-12-08T15:48:55.292Z","2024-12-08T15:48:52.809Z","2025-03-18T21:31:28.647Z"
"stratus","0.9.5",117,"https://hex.pm/api/packages/stratus/releases/0.9.5","2025-02-12T04:29:05.162Z","2025-02-12T04:29:02.150Z","2025-03-18T21:31:28.647Z"
"stratus","0.9.6",36,"https://hex.pm/api/packages/stratus/releases/0.9.6","2025-03-12T00:04:04.318Z","2025-03-12T00:04:01.974Z","2025-03-18T21:31:28.647Z"
"stratus","0.9.7",14,"https://hex.pm/api/packages/stratus/releases/0.9.7","2025-03-16T17:19:51.141Z","2025-03-16T17:19:49.010Z","2025-03-18T21:31:28.647Z"
"string_format","1.0.0",13,"https://hex.pm/api/packages/string_format/releases/1.0.0","2024-08-04T20:52:59.605Z","2024-08-04T20:52:56.473Z","2024-08-07T11:18:05.597Z"
"string_width","1.0.0",24,"https://hex.pm/api/packages/string_width/releases/1.0.0","2024-09-13T11:33:08.410Z","2024-09-13T11:33:05.092Z","2024-12-04T13:34:44.938Z"
"string_width","2.0.0",28,"https://hex.pm/api/packages/string_width/releases/2.0.0","2024-09-14T12:26:00.808Z","2024-09-14T12:25:57.304Z","2024-12-04T13:34:44.938Z"
"string_width","2.0.1",28,"https://hex.pm/api/packages/string_width/releases/2.0.1","2024-09-14T17:03:10.687Z","2024-09-14T17:03:07.626Z","2024-12-04T13:34:44.938Z"
"string_width","2.0.2",28,"https://hex.pm/api/packages/string_width/releases/2.0.2","2024-09-14T17:39:36.634Z","2024-09-14T17:39:33.776Z","2024-12-04T13:34:44.938Z"
"string_width","2.0.3",30,"https://hex.pm/api/packages/string_width/releases/2.0.3","2024-09-14T18:54:47.692Z","2024-09-14T18:54:45.014Z","2024-12-04T13:34:44.938Z"
"string_width","2.0.4",28,"https://hex.pm/api/packages/string_width/releases/2.0.4","2024-09-20T13:37:20.730Z","2024-09-20T13:37:17.438Z","2024-12-04T13:34:44.938Z"
"string_width","2.1.0",26,"https://hex.pm/api/packages/string_width/releases/2.1.0","2024-09-29T12:38:29.166Z","2024-09-29T12:38:26.455Z","2024-12-04T13:34:44.938Z"
"string_width","2.1.1",26,"https://hex.pm/api/packages/string_width/releases/2.1.1","2024-09-29T18:59:52.759Z","2024-09-29T18:59:50.025Z","2024-12-04T13:34:44.938Z"
"string_width","2.1.2",24,"https://hex.pm/api/packages/string_width/releases/2.1.2","2024-09-29T19:40:42.453Z","2024-09-29T19:40:39.478Z","2024-12-04T13:34:44.938Z"
"string_width","2.1.3",26,"https://hex.pm/api/packages/string_width/releases/2.1.3","2024-09-30T18:16:26.268Z","2024-09-30T18:16:23.504Z","2024-12-04T13:34:44.938Z"
"string_width","3.0.0",24,"https://hex.pm/api/packages/string_width/releases/3.0.0","2024-10-03T15:33:31.978Z","2024-10-03T15:33:29.177Z","2024-12-04T13:34:44.938Z"
"string_width","3.0.1",26,"https://hex.pm/api/packages/string_width/releases/3.0.1","2024-10-05T15:40:48.381Z","2024-10-05T15:40:44.315Z","2024-12-04T13:34:44.938Z"
"string_width","3.1.0",24,"https://hex.pm/api/packages/string_width/releases/3.1.0","2024-10-12T11:38:11.121Z","2024-10-12T11:38:07.715Z","2024-12-04T13:34:44.938Z"
"string_width","3.1.1",26,"https://hex.pm/api/packages/string_width/releases/3.1.1","2024-10-12T13:44:55.698Z","2024-10-12T13:44:52.903Z","2024-12-04T13:34:44.938Z"
"string_width","3.1.2",26,"https://hex.pm/api/packages/string_width/releases/3.1.2","2024-10-13T10:54:29.310Z","2024-10-13T10:54:26.490Z","2024-12-04T13:34:44.938Z"
"string_width","3.1.3",26,"https://hex.pm/api/packages/string_width/releases/3.1.3","2024-10-13T13:41:40.948Z","2024-10-13T13:41:37.725Z","2024-12-04T13:34:44.938Z"
"string_width","3.1.4",24,"https://hex.pm/api/packages/string_width/releases/3.1.4","2024-10-15T18:00:49.541Z","2024-10-15T18:00:46.688Z","2024-12-04T13:34:44.938Z"
"string_width","3.2.0",42,"https://hex.pm/api/packages/string_width/releases/3.2.0","2024-10-19T10:57:14.235Z","2024-10-19T10:57:11.493Z","2024-12-04T13:34:44.938Z"
"string_width","3.2.1",26,"https://hex.pm/api/packages/string_width/releases/3.2.1","2024-11-02T22:39:27.231Z","2024-11-02T22:39:23.517Z","2024-12-04T13:34:44.938Z"
"string_width","3.3.0",44,"https://hex.pm/api/packages/string_width/releases/3.3.0","2024-11-28T22:56:07.604Z","2024-11-28T22:56:04.816Z","2024-12-04T13:34:44.938Z"
"string_width","3.3.1",26,"https://hex.pm/api/packages/string_width/releases/3.3.1","2024-12-01T18:54:58.104Z","2024-12-01T18:54:55.092Z","2024-12-04T13:34:44.938Z"
"sturnidae","1.0.0",14,"https://hex.pm/api/packages/sturnidae/releases/1.0.0","2024-05-08T10:27:48.861Z","2024-05-08T10:27:46.229Z","2024-07-02T23:58:21.872Z"
"subdued","0.1.0",12,"https://hex.pm/api/packages/subdued/releases/0.1.0","2024-11-22T20:07:02.692Z","2024-11-22T20:06:59.744Z","2024-11-26T10:33:17.408Z"
"subdued","0.2.0",12,"https://hex.pm/api/packages/subdued/releases/0.2.0","2024-11-22T23:11:30.695Z","2024-11-22T23:11:26.804Z","2024-11-26T10:33:17.408Z"
"sunny","0.3.0",12,"https://hex.pm/api/packages/sunny/releases/0.3.0","2024-08-07T13:50:00.603Z","2024-08-07T11:29:42.492Z","2024-08-09T14:22:45.374Z"
"sunny","0.4.0",11,"https://hex.pm/api/packages/sunny/releases/0.4.0","2024-08-07T21:22:43.830Z","2024-08-07T21:22:38.817Z","2024-08-09T14:22:45.374Z"
"supa","1.0.0",20,"https://hex.pm/api/packages/supa/releases/1.0.0","2024-12-13T16:57:11.873Z","2024-12-13T16:57:09.144Z","2024-12-22T23:12:54.950Z"
"supa","1.0.1",14,"https://hex.pm/api/packages/supa/releases/1.0.1","2024-12-20T10:24:09.599Z","2024-12-20T10:24:06.759Z","2024-12-22T23:12:54.950Z"
"surreal_gleam","0.1.0",12,"https://hex.pm/api/packages/surreal_gleam/releases/0.1.0","2024-07-02T15:54:01.776Z","2024-07-02T15:53:59.389Z","2024-07-05T17:04:25.013Z"
"survey","0.1.0",30,"https://hex.pm/api/packages/survey/releases/0.1.0","2024-03-23T21:22:21.884Z","2024-03-23T21:22:19.311Z","2024-07-03T00:20:38.680Z"
"survey","0.1.1",30,"https://hex.pm/api/packages/survey/releases/0.1.1","2024-03-23T22:21:25.460Z","2024-03-23T22:21:23.263Z","2024-07-03T00:20:38.680Z"
"survey","0.2.0",30,"https://hex.pm/api/packages/survey/releases/0.2.0","2024-03-23T22:56:18.993Z","2024-03-23T22:56:16.675Z","2024-07-03T00:20:38.680Z"
"survey","0.3.0",76,"https://hex.pm/api/packages/survey/releases/0.3.0","2024-03-24T00:21:12.014Z","2024-03-24T00:21:09.678Z","2024-07-03T00:20:38.680Z"
"swen_jwt","0.0.1",10,"https://hex.pm/api/packages/swen_jwt/releases/0.0.1","2024-07-30T13:56:53.325Z","2024-07-29T20:32:41.237Z","2024-08-01T12:17:24.332Z"
"swen_jwt","0.0.2",10,"https://hex.pm/api/packages/swen_jwt/releases/0.0.2","2024-07-30T13:57:03.782Z","2024-07-29T20:34:51.095Z","2024-08-01T12:17:24.332Z"
"systemd_status","1.0.0",24,"https://hex.pm/api/packages/systemd_status/releases/1.0.0","2024-02-28T16:23:01.846Z","2024-02-28T16:22:59.423Z","2024-07-03T00:36:59.267Z"
"systemd_status","1.0.1",27,"https://hex.pm/api/packages/systemd_status/releases/1.0.1","2024-02-29T10:01:27.217Z","2024-02-29T10:01:24.953Z","2024-07-03T00:36:59.267Z"
"tagg","1.0.0",20,"https://hex.pm/api/packages/tagg/releases/1.0.0","2024-09-03T03:21:28.503Z","2024-09-03T03:21:25.878Z","2024-09-24T15:46:53.172Z"
"tagg","1.0.1",20,"https://hex.pm/api/packages/tagg/releases/1.0.1","2024-09-03T05:50:37.027Z","2024-09-03T05:50:34.502Z","2024-09-24T15:46:53.172Z"
"tagg","1.0.2",20,"https://hex.pm/api/packages/tagg/releases/1.0.2","2024-09-03T06:24:08.912Z","2024-09-03T06:24:06.371Z","2024-09-24T15:46:53.172Z"
"tagg","1.0.3",20,"https://hex.pm/api/packages/tagg/releases/1.0.3","2024-09-03T13:52:35.176Z","2024-09-03T13:52:32.305Z","2024-09-24T15:46:53.172Z"
"tagg","1.0.4",20,"https://hex.pm/api/packages/tagg/releases/1.0.4","2024-09-03T14:21:54.361Z","2024-09-03T14:21:51.568Z","2024-09-24T15:46:53.172Z"
"tagg","1.0.5",20,"https://hex.pm/api/packages/tagg/releases/1.0.5","2024-09-03T14:24:58.527Z","2024-09-03T14:24:55.547Z","2024-09-24T15:46:53.172Z"
"tagg","1.0.6",24,"https://hex.pm/api/packages/tagg/releases/1.0.6","2024-09-04T04:27:17.226Z","2024-09-04T04:27:14.358Z","2024-09-24T15:46:53.172Z"
"tagg","1.0.7",14,"https://hex.pm/api/packages/tagg/releases/1.0.7","2024-09-21T17:10:40.018Z","2024-09-21T17:10:37.420Z","2024-09-24T15:46:53.172Z"
"tallgrass","0.0.1",20,"https://hex.pm/api/packages/tallgrass/releases/0.0.1","2024-09-25T09:18:08.495Z","2024-09-01T21:02:25.013Z","2024-10-06T14:32:08.524Z"
"tallgrass","0.0.2",22,"https://hex.pm/api/packages/tallgrass/releases/0.0.2","2024-09-25T09:18:23.154Z","2024-09-01T21:26:10.675Z","2024-10-06T14:32:08.524Z"
"tallgrass","0.0.3",20,"https://hex.pm/api/packages/tallgrass/releases/0.0.3","2024-09-25T09:18:31.734Z","2024-09-03T08:12:26.344Z","2024-10-06T14:32:08.524Z"
"tallgrass","0.0.4",20,"https://hex.pm/api/packages/tallgrass/releases/0.0.4","2024-09-25T09:18:42.895Z","2024-09-04T02:59:17.922Z","2024-10-06T14:32:08.524Z"
"tallgrass","0.0.5",20,"https://hex.pm/api/packages/tallgrass/releases/0.0.5","2024-09-25T09:18:52.237Z","2024-09-04T05:05:36.501Z","2024-10-06T14:32:08.524Z"
"tallgrass","0.0.6",22,"https://hex.pm/api/packages/tallgrass/releases/0.0.6","2024-09-25T09:19:03.403Z","2024-09-05T04:35:39.903Z","2024-10-06T14:32:08.524Z"
"tallgrass","0.0.7",18,"https://hex.pm/api/packages/tallgrass/releases/0.0.7","2024-09-25T09:19:15.186Z","2024-09-11T05:14:47.517Z","2024-10-06T14:32:08.524Z"
"tallgrass","0.0.8",14,"https://hex.pm/api/packages/tallgrass/releases/0.0.8","2024-09-25T09:19:26.831Z","2024-09-13T04:50:47.234Z","2024-10-06T14:32:08.524Z"
"tallgrass","1.0.0",14,"https://hex.pm/api/packages/tallgrass/releases/1.0.0","2024-10-02T06:50:07.849Z","2024-09-25T09:10:44.788Z","2024-10-06T14:32:08.524Z"
"tallgrass","2.0.0",14,"https://hex.pm/api/packages/tallgrass/releases/2.0.0","2024-10-02T06:43:21.279Z","2024-10-02T06:43:16.472Z","2024-10-06T14:32:08.524Z"
"tallgrass","2.0.1",10,"https://hex.pm/api/packages/tallgrass/releases/2.0.1","2024-10-04T01:52:09.170Z","2024-10-04T01:52:05.718Z","2024-10-06T14:32:08.523Z"
"tardis","0.1.0",1070,"https://hex.pm/api/packages/tardis/releases/0.1.0","2024-04-26T09:29:57.715Z","2024-04-26T09:29:55.007Z","2024-12-29T09:19:45.891Z"
"tardis","0.2.0",88,"https://hex.pm/api/packages/tardis/releases/0.2.0","2024-10-04T09:53:03.560Z","2024-10-04T09:47:57.851Z","2024-12-29T09:19:45.891Z"
"tardis","0.3.0",16,"https://hex.pm/api/packages/tardis/releases/0.3.0","2024-12-26T00:09:08.134Z","2024-12-26T00:09:04.944Z","2024-12-29T09:19:45.891Z"
"task_limiter","1.0.0",16,"https://hex.pm/api/packages/task_limiter/releases/1.0.0","2025-04-14T17:15:54.310Z","2025-04-14T17:15:51.657Z","2025-04-16T05:53:06.535Z"
"tcpea","0.1.0",14,"https://hex.pm/api/packages/tcpea/releases/0.1.0","2024-07-02T04:40:48.897Z","2024-07-02T04:40:46.313Z","2024-07-06T23:39:43.008Z"
"tcpea","0.1.1",10,"https://hex.pm/api/packages/tcpea/releases/0.1.1","2024-07-03T00:44:43.740Z","2024-07-03T00:44:41.115Z","2024-07-06T23:39:43.008Z"
"telega","0.0.1",76,"https://hex.pm/api/packages/telega/releases/0.0.1","2024-03-22T14:38:29.340Z","2024-03-22T14:38:26.621Z","2025-05-01T06:44:03.113Z"
"telega","0.0.2",81,"https://hex.pm/api/packages/telega/releases/0.0.2","2024-03-23T20:39:30.271Z","2024-03-23T20:39:27.641Z","2025-05-01T06:44:03.113Z"
"telega","0.0.3",78,"https://hex.pm/api/packages/telega/releases/0.0.3","2024-03-24T18:46:15.342Z","2024-03-24T18:46:12.696Z","2025-05-01T06:44:03.113Z"
"telega","0.0.4",78,"https://hex.pm/api/packages/telega/releases/0.0.4","2024-03-29T18:55:32.940Z","2024-03-29T18:55:29.947Z","2025-05-01T06:44:03.113Z"
"telega","0.0.5",76,"https://hex.pm/api/packages/telega/releases/0.0.5","2024-04-08T18:51:24.926Z","2024-04-08T18:51:22.438Z","2025-05-01T06:44:03.113Z"
"telega","0.0.6",76,"https://hex.pm/api/packages/telega/releases/0.0.6","2024-04-08T19:11:39.286Z","2024-04-08T19:11:36.745Z","2025-05-01T06:44:03.113Z"
"telega","0.1.0",77,"https://hex.pm/api/packages/telega/releases/0.1.0","2024-04-12T19:18:16.623Z","2024-04-12T19:18:13.689Z","2025-05-01T06:44:03.113Z"
"telega","0.1.1",92,"https://hex.pm/api/packages/telega/releases/0.1.1","2024-04-16T18:42:36.015Z","2024-04-16T18:42:33.124Z","2025-05-01T06:44:03.113Z"
"telega","0.2.0",62,"https://hex.pm/api/packages/telega/releases/0.2.0","2024-07-01T13:46:03.739Z","2024-07-01T13:46:00.979Z","2025-05-01T06:44:03.112Z"
"telega","0.3.0",68,"https://hex.pm/api/packages/telega/releases/0.3.0","2024-07-26T17:02:56.082Z","2024-07-26T17:02:52.967Z","2025-05-01T06:44:03.112Z"
"telega","0.4.0",146,"https://hex.pm/api/packages/telega/releases/0.4.0","2025-01-09T18:53:17.817Z","2025-01-09T18:53:14.814Z","2025-05-01T06:44:03.112Z"
"telega","0.5.0",32,"https://hex.pm/api/packages/telega/releases/0.5.0","2025-03-12T07:18:58.955Z","2025-03-12T07:18:56.393Z","2025-05-01T06:44:03.112Z"
"telega","0.5.1",32,"https://hex.pm/api/packages/telega/releases/0.5.1","2025-03-12T07:36:11.081Z","2025-03-12T07:36:07.813Z","2025-05-01T06:44:03.112Z"
"telega","0.6.0",28,"https://hex.pm/api/packages/telega/releases/0.6.0","2025-03-18T13:29:01.332Z","2025-03-18T13:28:58.209Z","2025-05-01T06:44:03.112Z"
"telega","0.7.0",28,"https://hex.pm/api/packages/telega/releases/0.7.0","2025-04-10T16:21:42.802Z","2025-04-10T16:21:39.899Z","2025-05-01T06:44:03.112Z"
"telega","0.8.0",16,"https://hex.pm/api/packages/telega/releases/0.8.0","2025-04-28T11:54:20.811Z","2025-04-28T11:54:17.306Z","2025-05-01T06:44:03.112Z"
"temporary","1.0.0",34,"https://hex.pm/api/packages/temporary/releases/1.0.0","2024-06-04T08:13:28.318Z","2024-06-04T08:01:24.546Z","2024-07-02T23:45:36.767Z"
"tenthash","1.0.0",10,"https://hex.pm/api/packages/tenthash/releases/1.0.0","2024-10-20T20:10:01.945Z","2024-10-20T20:09:59.167Z","2024-10-24T02:41:12.375Z"
"tenthash","1.1.0",10,"https://hex.pm/api/packages/tenthash/releases/1.1.0","2024-10-21T18:29:50.861Z","2024-10-21T18:29:48.169Z","2024-10-24T02:41:12.375Z"
"term_size","1.0.0",23,"https://hex.pm/api/packages/term_size/releases/1.0.0","2024-04-12T20:21:57.987Z","2024-04-12T20:21:55.591Z","2024-07-03T00:09:31.542Z"
"term_size","1.0.1",1771,"https://hex.pm/api/packages/term_size/releases/1.0.1","2024-04-13T11:58:28.992Z","2024-04-13T11:58:26.593Z","2024-07-03T00:09:31.542Z"
"terminal_link","1.0.0",12,"https://hex.pm/api/packages/terminal_link/releases/1.0.0","2025-03-20T04:06:05.682Z","2025-03-20T04:06:03.145Z","2025-03-23T04:38:16.409Z"
"testbldr","0.1.0",38,"https://hex.pm/api/packages/testbldr/releases/0.1.0","2023-09-05T17:41:13.362Z","2023-09-05T17:41:11.023Z","2024-07-03T00:47:39.500Z"
"testbldr","0.1.1",59,"https://hex.pm/api/packages/testbldr/releases/0.1.1","2023-09-05T19:32:53.841Z","2023-09-05T19:32:51.018Z","2024-07-03T00:47:39.500Z"
"testbldr","0.2.0",33,"https://hex.pm/api/packages/testbldr/releases/0.2.0","2023-11-30T22:53:48.742Z","2023-11-30T22:53:46.561Z","2024-07-03T00:47:39.500Z"
"testbldr","0.3.0",40,"https://hex.pm/api/packages/testbldr/releases/0.3.0","2023-12-14T19:41:12.015Z","2023-12-14T19:41:09.575Z","2024-07-03T00:47:39.500Z"
"testbldr","1.0.0",55,"https://hex.pm/api/packages/testbldr/releases/1.0.0","2023-12-29T05:15:52.168Z","2023-12-29T05:15:49.864Z","2024-07-03T00:47:39.500Z"
"testbldr","1.1.0",59,"https://hex.pm/api/packages/testbldr/releases/1.1.0","2024-02-01T17:50:54.095Z","2024-02-01T17:50:51.704Z","2024-07-03T00:47:39.500Z"
"testcontainers_gleam","1.0.0",32,"https://hex.pm/api/packages/testcontainers_gleam/releases/1.0.0","2024-06-11T18:17:53.186Z","2024-06-11T18:17:50.535Z","2024-07-02T23:42:02.329Z"
"the_stars","1.0.0",31,"https://hex.pm/api/packages/the_stars/releases/1.0.0","2024-06-01T15:55:45.594Z","2024-06-01T15:55:42.672Z","2024-07-02T23:47:26.176Z"
"themis","1.0.0",22,"https://hex.pm/api/packages/themis/releases/1.0.0","2024-12-19T18:44:13.742Z","2024-12-19T18:42:25.918Z","2025-02-15T03:53:38.587Z"
"themis","1.1.0",24,"https://hex.pm/api/packages/themis/releases/1.1.0","2024-12-21T10:45:58.797Z","2024-12-21T10:45:56.082Z","2025-02-15T03:53:38.587Z"
"themis","1.2.0",24,"https://hex.pm/api/packages/themis/releases/1.2.0","2024-12-21T14:42:34.814Z","2024-12-21T14:42:32.021Z","2025-02-15T03:53:38.587Z"
"themis","1.3.0",24,"https://hex.pm/api/packages/themis/releases/1.3.0","2024-12-21T18:38:41.343Z","2024-12-21T18:38:38.515Z","2025-02-15T03:53:38.587Z"
"themis","1.4.0",24,"https://hex.pm/api/packages/themis/releases/1.4.0","2024-12-21T20:07:04.911Z","2024-12-21T20:07:02.201Z","2025-02-15T03:53:38.587Z"
"themis","2.0.0",46,"https://hex.pm/api/packages/themis/releases/2.0.0","2024-12-29T14:35:09.508Z","2024-12-29T14:19:32.334Z","2025-02-15T03:53:38.587Z"
"themis","2.0.1",22,"https://hex.pm/api/packages/themis/releases/2.0.1","2025-02-10T03:55:17.157Z","2025-02-10T03:55:14.134Z","2025-02-15T03:53:38.587Z"
"themis","3.0.0",23,"https://hex.pm/api/packages/themis/releases/3.0.0","2025-02-10T06:55:25.352Z","2025-02-10T06:40:32.804Z","2025-02-15T03:53:38.587Z"
"themis","3.0.1",16,"https://hex.pm/api/packages/themis/releases/3.0.1","2025-02-12T05:48:33.243Z","2025-02-12T05:48:30.321Z","2025-02-15T03:53:38.587Z"
"tickle","1.0.0",10,"https://hex.pm/api/packages/tickle/releases/1.0.0","2025-04-05T20:35:50.238Z","2025-04-05T20:35:47.633Z","2025-04-08T12:15:33.612Z"
"timestamps","1.0.0",234,"https://hex.pm/api/packages/timestamps/releases/1.0.0","2024-11-12T17:38:37.944Z","2024-11-12T17:38:35.304Z","2025-01-29T10:41:33.936Z"
"timestamps","1.0.1",15,"https://hex.pm/api/packages/timestamps/releases/1.0.1","2025-01-27T01:08:29.807Z","2025-01-27T01:08:26.981Z","2025-01-29T10:41:33.936Z"
"tinyroute","1.0.0",36,"https://hex.pm/api/packages/tinyroute/releases/1.0.0","2024-05-25T06:30:55.678Z","2024-05-25T06:30:52.774Z","2024-12-19T23:17:57.062Z"
"tinyroute","1.0.1",40,"https://hex.pm/api/packages/tinyroute/releases/1.0.1","2024-05-25T06:40:06.988Z","2024-05-25T06:40:04.115Z","2024-12-19T23:17:57.062Z"
"tinyroute","1.0.2",40,"https://hex.pm/api/packages/tinyroute/releases/1.0.2","2024-05-27T05:43:50.279Z","2024-05-27T05:43:47.281Z","2024-12-19T23:17:57.062Z"
"tinyroute","1.0.3",40,"https://hex.pm/api/packages/tinyroute/releases/1.0.3","2024-05-27T06:24:54.408Z","2024-05-27T06:24:50.706Z","2024-12-19T23:17:57.062Z"
"tinyroute","1.0.4",41,"https://hex.pm/api/packages/tinyroute/releases/1.0.4","2024-05-27T07:28:28.733Z","2024-05-27T07:28:25.850Z","2024-12-19T23:17:57.062Z"
"tinyroute","1.0.6",78,"https://hex.pm/api/packages/tinyroute/releases/1.0.6","2024-05-28T08:00:52.098Z","2024-05-28T08:00:49.252Z","2024-12-19T23:17:57.062Z"
"tinyroute","1.0.7",12,"https://hex.pm/api/packages/tinyroute/releases/1.0.7","2024-12-17T23:15:03.014Z","2024-12-17T23:14:59.979Z","2024-12-19T23:17:57.062Z"
"tobble","1.0.0",24,"https://hex.pm/api/packages/tobble/releases/1.0.0","2024-12-01T00:05:26.019Z","2024-12-01T00:05:23.334Z","2025-03-18T21:31:29.856Z"
"tobble","1.0.1",30,"https://hex.pm/api/packages/tobble/releases/1.0.1","2024-12-01T01:02:36.006Z","2024-12-01T01:02:33.314Z","2025-03-18T21:31:29.856Z"
"tobble","1.0.2",26,"https://hex.pm/api/packages/tobble/releases/1.0.2","2024-12-01T22:00:51.776Z","2024-12-01T22:00:48.917Z","2025-03-18T21:31:29.856Z"
"tobble","1.1.0",28,"https://hex.pm/api/packages/tobble/releases/1.1.0","2024-12-02T00:57:24.960Z","2024-12-02T00:52:50.439Z","2025-03-18T21:31:29.856Z"
"tobble","2.0.0",202,"https://hex.pm/api/packages/tobble/releases/2.0.0","2024-12-08T01:30:10.205Z","2024-12-08T01:26:42.294Z","2025-03-18T21:31:29.856Z"
"tobble","2.0.1",12,"https://hex.pm/api/packages/tobble/releases/2.0.1","2025-03-16T16:12:58.059Z","2025-03-16T16:12:55.969Z","2025-03-18T21:31:29.856Z"
"tom","0.1.0",60,"https://hex.pm/api/packages/tom/releases/0.1.0","2023-11-12T17:12:19.370Z","2023-11-12T17:12:16.994Z","2025-01-06T02:16:04.763Z"
"tom","0.2.0",62,"https://hex.pm/api/packages/tom/releases/0.2.0","2023-11-14T14:21:41.027Z","2023-11-14T14:21:38.833Z","2025-01-06T02:16:04.763Z"
"tom","0.2.1",114,"https://hex.pm/api/packages/tom/releases/0.2.1","2023-11-20T14:47:38.869Z","2023-11-20T14:47:36.837Z","2025-01-06T02:16:04.763Z"
"tom","0.3.0",11845,"https://hex.pm/api/packages/tom/releases/0.3.0","2023-12-07T12:28:44.464Z","2023-12-07T12:28:42.177Z","2025-01-06T02:16:04.763Z"
"tom","1.0.0",2222,"https://hex.pm/api/packages/tom/releases/1.0.0","2024-05-04T12:43:00.329Z","2024-05-04T12:42:58.093Z","2025-01-06T02:16:04.763Z"
"tom","1.0.1",5006,"https://hex.pm/api/packages/tom/releases/1.0.1","2024-07-15T14:03:51.194Z","2024-07-15T14:03:48.710Z","2025-01-06T02:16:04.763Z"
"tom","1.1.0",15638,"https://hex.pm/api/packages/tom/releases/1.1.0","2024-09-23T12:59:08.128Z","2024-09-23T12:59:05.558Z","2025-01-06T02:16:04.763Z"
"tom","1.1.1",440,"https://hex.pm/api/packages/tom/releases/1.1.1","2025-01-02T14:57:22.258Z","2025-01-02T14:57:19.642Z","2025-01-06T02:16:04.763Z"
"totally","1.0.2",34,"https://hex.pm/api/packages/totally/releases/1.0.2","2024-08-22T11:18:50.040Z","2024-08-22T11:18:47.644Z","2025-03-27T11:43:24.883Z"
"totally","1.1.0",66,"https://hex.pm/api/packages/totally/releases/1.1.0","2024-08-28T15:23:30.667Z","2024-08-28T15:23:28.158Z","2025-03-27T11:43:24.883Z"
"totally","1.2.0",20,"https://hex.pm/api/packages/totally/releases/1.2.0","2025-03-25T12:42:34.905Z","2025-03-25T12:42:32.819Z","2025-03-27T11:43:24.882Z"
"tote","1.0.0",79,"https://hex.pm/api/packages/tote/releases/1.0.0","2023-10-23T12:11:45.490Z","2023-10-23T12:11:42.882Z","2024-11-02T22:34:40.401Z"
"tote","1.0.1",54,"https://hex.pm/api/packages/tote/releases/1.0.1","2024-02-10T14:02:34.525Z","2024-02-10T14:02:32.237Z","2024-11-02T22:34:40.401Z"
"tote","1.0.2",10,"https://hex.pm/api/packages/tote/releases/1.0.2","2024-10-31T06:12:48.201Z","2024-10-31T06:12:45.210Z","2024-11-02T22:34:40.401Z"
"toy","0.1.0",22,"https://hex.pm/api/packages/toy/releases/0.1.0","2024-08-29T16:02:19.863Z","2024-08-29T16:02:16.964Z","2024-10-09T14:14:38.033Z"
"toy","0.2.0",20,"https://hex.pm/api/packages/toy/releases/0.2.0","2024-08-29T20:30:03.004Z","2024-08-29T20:29:48.781Z","2024-10-09T14:14:38.033Z"
"toy","0.3.0",26,"https://hex.pm/api/packages/toy/releases/0.3.0","2024-08-29T21:17:34.553Z","2024-08-29T21:17:30.376Z","2024-10-09T14:14:38.033Z"
"toy","0.4.0",28,"https://hex.pm/api/packages/toy/releases/0.4.0","2024-08-30T17:44:25.593Z","2024-08-30T17:44:21.713Z","2024-10-09T14:14:38.033Z"
"toy","0.5.0",60,"https://hex.pm/api/packages/toy/releases/0.5.0","2024-09-01T00:22:48.808Z","2024-09-01T00:22:46.036Z","2024-10-09T14:14:38.033Z"
"toy","0.5.1",169,"https://hex.pm/api/packages/toy/releases/0.5.1","2024-09-04T22:14:20.150Z","2024-09-04T22:14:17.204Z","2024-10-09T14:14:38.033Z"
"translate","0.0.1",14,"https://hex.pm/api/packages/translate/releases/0.0.1","2024-06-01T21:18:23.783Z","2024-06-01T21:18:20.386Z","2024-07-02T23:46:43.484Z"
"translate","0.0.2",16,"https://hex.pm/api/packages/translate/releases/0.0.2","2024-06-01T21:21:43.346Z","2024-06-01T21:21:40.589Z","2024-07-02T23:46:43.484Z"
"translate","0.0.3",28,"https://hex.pm/api/packages/translate/releases/0.0.3","2024-06-02T15:50:02.830Z","2024-06-02T15:49:59.592Z","2024-07-02T23:46:43.484Z"
"transparent_http","0.1.0",52,"https://hex.pm/api/packages/transparent_http/releases/0.1.0","2023-02-11T12:19:29.986Z","2023-02-11T12:19:27.171Z","2024-07-03T01:49:52.498Z"
"transparent_http","0.1.1",55,"https://hex.pm/api/packages/transparent_http/releases/0.1.1","2023-02-11T12:21:51.742Z","2023-02-11T12:21:49.415Z","2024-07-03T01:49:52.498Z"
"transparent_http","0.2.0",78,"https://hex.pm/api/packages/transparent_http/releases/0.2.0","2023-02-11T12:42:45.890Z","2023-02-11T12:42:43.396Z","2024-07-03T01:49:52.498Z"
"treelist","1.0.0",30,"https://hex.pm/api/packages/treelist/releases/1.0.0","2024-09-11T17:02:57.846Z","2024-09-11T17:02:55.273Z","2025-03-11T14:24:54.405Z"
"treelist","1.0.1",60,"https://hex.pm/api/packages/treelist/releases/1.0.1","2024-09-17T17:49:08.386Z","2024-09-17T17:49:05.756Z","2025-03-11T14:24:54.405Z"
"treelist","1.0.2",14,"https://hex.pm/api/packages/treelist/releases/1.0.2","2025-03-09T12:00:01.999Z","2025-03-09T11:59:59.559Z","2025-03-11T14:24:54.405Z"
"trellis","1.0.0",24,"https://hex.pm/api/packages/trellis/releases/1.0.0","2025-01-28T08:05:42.860Z","2025-01-28T08:05:39.990Z","2025-02-12T03:51:34.167Z"
"trellis","1.1.0",36,"https://hex.pm/api/packages/trellis/releases/1.1.0","2025-01-28T19:11:59.368Z","2025-01-28T19:11:56.768Z","2025-02-12T03:51:34.167Z"
"trellis","1.1.1",30,"https://hex.pm/api/packages/trellis/releases/1.1.1","2025-02-01T07:35:23.652Z","2025-02-01T07:35:20.433Z","2025-02-12T03:51:34.167Z"
"trellis","2.0.0",38,"https://hex.pm/api/packages/trellis/releases/2.0.0","2025-02-10T07:32:15.079Z","2025-02-10T07:23:22.180Z","2025-02-12T03:51:34.167Z"
"trie_again","1.0.0",38,"https://hex.pm/api/packages/trie_again/releases/1.0.0","2023-06-14T20:22:09.806Z","2023-06-14T20:22:07.254Z","2024-07-03T00:44:54.934Z"
"trie_again","1.1.0",42,"https://hex.pm/api/packages/trie_again/releases/1.1.0","2023-06-15T08:10:33.961Z","2023-06-15T08:10:31.190Z","2024-07-03T00:44:54.934Z"
"trie_again","1.1.1",69,"https://hex.pm/api/packages/trie_again/releases/1.1.1","2023-06-20T08:56:42.050Z","2023-06-20T08:56:39.687Z","2024-07-03T00:44:54.934Z"
"trie_again","1.1.2",2689,"https://hex.pm/api/packages/trie_again/releases/1.1.2","2024-02-10T22:22:42.246Z","2024-02-10T22:22:40.042Z","2024-07-03T00:44:54.934Z"
"trust","0.0.1",22,"https://hex.pm/api/packages/trust/releases/0.0.1","2024-04-04T17:29:05.097Z","2024-04-04T17:29:02.613Z","2024-07-03T00:14:23.777Z"
"tubes","0.0.1",26,"https://hex.pm/api/packages/tubes/releases/0.0.1","2024-05-29T21:53:02.837Z","2024-05-29T21:53:00.199Z","2024-07-02T23:48:44.629Z"
"tulip","0.1.0",28,"https://hex.pm/api/packages/tulip/releases/0.1.0","2024-05-16T20:14:30.663Z","2024-05-16T20:03:33.633Z","2024-07-02T23:55:01.430Z"
"tupler","1.0.0",12,"https://hex.pm/api/packages/tupler/releases/1.0.0","2024-06-30T16:52:58.263Z","2024-06-30T16:52:55.758Z","2024-07-03T03:54:15.674Z"
"typed_headers","1.0.0",34,"https://hex.pm/api/packages/typed_headers/releases/1.0.0","2024-03-20T08:47:27.366Z","2024-03-20T08:47:24.518Z","2024-07-03T00:22:30.626Z"
"typed_headers","1.0.1",30,"https://hex.pm/api/packages/typed_headers/releases/1.0.1","2024-03-20T09:01:02.260Z","2024-03-20T09:00:59.612Z","2024-07-03T00:22:30.626Z"
"typed_headers","1.1.0",30,"https://hex.pm/api/packages/typed_headers/releases/1.1.0","2024-03-20T11:12:49.506Z","2024-03-20T11:12:46.520Z","2024-07-03T00:22:30.626Z"
"typed_headers","1.1.1",30,"https://hex.pm/api/packages/typed_headers/releases/1.1.1","2024-03-20T11:18:52.898Z","2024-03-20T11:18:50.292Z","2024-07-03T00:22:30.626Z"
"typed_headers","1.1.2",43,"https://hex.pm/api/packages/typed_headers/releases/1.1.2","2024-03-20T11:48:21.842Z","2024-03-20T11:48:19.302Z","2024-07-03T00:22:30.626Z"
"unchained","0.0.1",10,"https://hex.pm/api/packages/unchained/releases/0.0.1","2024-11-11T14:55:48.796Z","2024-11-11T14:55:45.903Z","2024-11-14T01:09:18.501Z"
"utilsbr","0.1.0",16,"https://hex.pm/api/packages/utilsbr/releases/0.1.0","2024-11-02T02:50:55.234Z","2024-11-02T02:50:52.380Z","2024-11-13T04:38:47.682Z"
"utilsbr","0.2.0",16,"https://hex.pm/api/packages/utilsbr/releases/0.2.0","2024-11-02T18:17:14.140Z","2024-11-02T18:17:11.234Z","2024-11-13T04:38:47.682Z"
"utilsbr","0.3.0",16,"https://hex.pm/api/packages/utilsbr/releases/0.3.0","2024-11-04T21:42:14.803Z","2024-11-04T21:42:12.105Z","2024-11-13T04:38:47.682Z"
"utilsbr","0.4.0",10,"https://hex.pm/api/packages/utilsbr/releases/0.4.0","2024-11-10T13:01:38.333Z","2024-11-10T13:00:17.525Z","2024-11-13T04:38:47.681Z"
"utilsbr","0.5.0",10,"https://hex.pm/api/packages/utilsbr/releases/0.5.0","2024-11-10T13:08:39.648Z","2024-11-10T13:08:36.994Z","2024-11-13T04:38:47.681Z"
"uwu","1.0.0",18,"https://hex.pm/api/packages/uwu/releases/1.0.0","2025-03-11T23:33:06.483Z","2025-03-11T23:23:53.462Z","2025-03-18T21:33:31.814Z"
"uwu","1.0.1",18,"https://hex.pm/api/packages/uwu/releases/1.0.1","2025-03-11T23:37:41.056Z","2025-03-11T23:35:50.297Z","2025-03-18T21:33:31.814Z"
"uwu","1.0.2",18,"https://hex.pm/api/packages/uwu/releases/1.0.2","2025-03-12T00:40:45.613Z","2025-03-11T23:45:13.634Z","2025-03-18T21:33:31.814Z"
"uwu","2.0.0",20,"https://hex.pm/api/packages/uwu/releases/2.0.0","2025-03-12T02:26:18.478Z","2025-03-12T02:26:16.183Z","2025-03-18T21:33:31.814Z"
"uwu","2.1.0",20,"https://hex.pm/api/packages/uwu/releases/2.1.0","2025-03-12T16:41:32.134Z","2025-03-12T16:34:30.119Z","2025-03-18T21:33:31.814Z"
"uwu","2.1.1",16,"https://hex.pm/api/packages/uwu/releases/2.1.1","2025-03-12T18:55:26.130Z","2025-03-12T17:11:57.574Z","2025-03-18T21:33:31.814Z"
"valid","0.3.0",55,"https://hex.pm/api/packages/valid/releases/0.3.0","2024-03-10T05:24:36.689Z","2024-03-10T05:24:34.203Z","2025-04-21T09:36:43.278Z"
"valid","0.4.0",94,"https://hex.pm/api/packages/valid/releases/0.4.0","2024-03-10T05:30:36.149Z","2024-03-10T05:30:33.563Z","2025-04-21T09:36:43.278Z"
"valid","2.0.0",49,"https://hex.pm/api/packages/valid/releases/2.0.0","2024-06-29T02:26:34.332Z","2024-06-29T02:26:31.303Z","2025-04-21T09:36:43.278Z"
"valid","3.0.0",49,"https://hex.pm/api/packages/valid/releases/3.0.0","2024-06-29T11:45:20.454Z","2024-06-29T11:45:17.431Z","2025-04-21T09:36:43.278Z"
"valid","4.0.0",53,"https://hex.pm/api/packages/valid/releases/4.0.0","2024-06-30T07:32:51.382Z","2024-06-30T07:32:48.189Z","2025-04-21T09:36:43.278Z"
"valid","4.1.0",49,"https://hex.pm/api/packages/valid/releases/4.1.0","2024-06-30T09:56:48.873Z","2024-06-30T09:56:45.270Z","2025-04-21T09:36:43.278Z"
"valid","4.1.1",85,"https://hex.pm/api/packages/valid/releases/4.1.1","2024-06-30T10:03:15.721Z","2024-06-30T10:03:12.734Z","2025-04-21T09:36:43.278Z"
"valid","4.1.2",345,"https://hex.pm/api/packages/valid/releases/4.1.2","2024-07-23T13:25:20.298Z","2024-07-23T13:25:17.462Z","2025-04-21T09:36:43.278Z"
"valid","4.2.0",187,"https://hex.pm/api/packages/valid/releases/4.2.0","2024-09-22T00:06:07.608Z","2024-09-22T00:06:04.408Z","2025-04-21T09:36:43.278Z"
"valid","4.2.1",750,"https://hex.pm/api/packages/valid/releases/4.2.1","2024-10-04T00:05:37.561Z","2024-10-04T00:05:34.236Z","2025-04-21T09:36:43.278Z"
"valid","4.3.0",147,"https://hex.pm/api/packages/valid/releases/4.3.0","2025-01-23T12:00:57.244Z","2025-01-23T12:00:53.796Z","2025-04-21T09:36:43.278Z"
"valid","4.4.0",14,"https://hex.pm/api/packages/valid/releases/4.4.0","2025-04-18T05:33:52.463Z","2025-04-18T05:33:49.459Z","2025-04-21T09:36:43.278Z"
"valid","4.5.0",22,"https://hex.pm/api/packages/valid/releases/4.5.0","2025-04-18T06:42:54.789Z","2025-04-18T06:42:51.921Z","2025-04-21T09:36:43.278Z"
"validate_monadic","1.0.0",29,"https://hex.pm/api/packages/validate_monadic/releases/1.0.0","2024-03-23T12:07:20.519Z","2024-03-23T12:07:18.194Z","2024-07-03T00:20:47.529Z"
"validate_monadic","1.0.1",28,"https://hex.pm/api/packages/validate_monadic/releases/1.0.1","2024-03-23T14:08:33.338Z","2024-03-23T14:08:31.057Z","2024-07-03T00:20:47.529Z"
"validated","0.1.0",28,"https://hex.pm/api/packages/validated/releases/0.1.0","2024-09-26T02:21:45.789Z","2024-09-26T02:21:43.245Z","2025-01-24T17:33:02.034Z"
"validated","0.2.0",32,"https://hex.pm/api/packages/validated/releases/0.2.0","2024-09-28T18:30:49.960Z","2024-09-28T18:30:46.684Z","2025-01-24T17:33:02.034Z"
"validated","0.3.0",27,"https://hex.pm/api/packages/validated/releases/0.3.0","2024-11-18T19:59:11.913Z","2024-11-18T19:59:09.391Z","2025-01-24T17:33:02.034Z"
"validated","1.0.0",12,"https://hex.pm/api/packages/validated/releases/1.0.0","2025-01-21T20:52:27.799Z","2025-01-21T20:52:25.031Z","2025-01-24T17:33:02.034Z"
"varasto","1.0.0",64,"https://hex.pm/api/packages/varasto/releases/1.0.0","2023-09-14T18:22:56.878Z","2023-09-14T18:20:40.072Z","2024-08-21T02:58:31.484Z"
"varasto","2.0.0",82,"https://hex.pm/api/packages/varasto/releases/2.0.0","2023-12-27T21:08:11.767Z","2023-12-27T21:08:09.332Z","2024-08-21T02:58:31.484Z"
"varasto","3.0.0",33,"https://hex.pm/api/packages/varasto/releases/3.0.0","2024-03-02T12:26:09.725Z","2024-03-02T12:26:07.269Z","2024-08-21T02:58:31.484Z"
"varasto","3.0.1",12,"https://hex.pm/api/packages/varasto/releases/3.0.1","2024-08-18T10:44:58.481Z","2024-08-18T10:44:55.864Z","2024-08-21T02:58:31.484Z"
"verify","0.1.0",18,"https://hex.pm/api/packages/verify/releases/0.1.0","2024-12-20T09:04:32.805Z","2024-12-20T09:04:29.904Z","2024-12-25T12:51:48.127Z"
"verify","0.2.0",14,"https://hex.pm/api/packages/verify/releases/0.2.0","2024-12-20T18:27:45.600Z","2024-12-20T18:27:42.744Z","2024-12-25T12:51:48.127Z"
"verify","0.3.0",14,"https://hex.pm/api/packages/verify/releases/0.3.0","2024-12-21T02:11:31.766Z","2024-12-21T02:11:28.893Z","2024-12-25T12:51:48.127Z"
"verify","0.4.0",16,"https://hex.pm/api/packages/verify/releases/0.4.0","2024-12-21T03:25:00.149Z","2024-12-21T03:24:57.272Z","2024-12-25T12:51:48.127Z"
"vindaloo","1.0.1",25,"https://hex.pm/api/packages/vindaloo/releases/1.0.1","2024-03-31T16:19:49.347Z","2024-03-31T16:19:46.849Z","2024-07-03T00:16:22.254Z"
"vleam","0.1.0",90,"https://hex.pm/api/packages/vleam/releases/0.1.0","2024-04-23T12:00:07.218Z","2024-04-23T12:00:04.053Z","2024-12-19T02:45:30.426Z"
"vleam","0.2.0",102,"https://hex.pm/api/packages/vleam/releases/0.2.0","2024-05-23T00:17:01.172Z","2024-05-23T00:16:58.176Z","2024-12-19T02:45:30.426Z"
"vleam","0.3.0",121,"https://hex.pm/api/packages/vleam/releases/0.3.0","2024-06-04T11:34:18.909Z","2024-06-04T11:34:16.075Z","2024-12-19T02:45:30.426Z"
"vleam","0.4.0",176,"https://hex.pm/api/packages/vleam/releases/0.4.0","2024-07-24T17:14:46.458Z","2024-07-24T17:14:43.139Z","2024-12-19T02:45:30.426Z"
"vleam","0.5.1",252,"https://hex.pm/api/packages/vleam/releases/0.5.1","2024-09-20T11:02:20.430Z","2024-09-20T11:02:16.831Z","2024-12-19T02:45:30.426Z"
"vleam","0.6.0",22,"https://hex.pm/api/packages/vleam/releases/0.6.0","2024-11-08T12:57:53.107Z","2024-11-08T12:57:50.240Z","2024-12-19T02:45:30.426Z"
"vleam","0.6.1",52,"https://hex.pm/api/packages/vleam/releases/0.6.1","2024-11-09T11:01:17.436Z","2024-11-09T11:01:14.495Z","2024-12-19T02:45:30.426Z"
"vleam","1.0.0",40,"https://hex.pm/api/packages/vleam/releases/1.0.0","2024-12-16T19:07:38.961Z","2024-12-16T19:07:34.752Z","2024-12-19T02:45:30.426Z"
"wasmify","0.1.0",50,"https://hex.pm/api/packages/wasmify/releases/0.1.0","2023-08-04T00:56:03.929Z","2023-08-04T00:56:01.595Z","2024-07-03T01:23:42.852Z"
"wayfinder","1.0.0",12,"https://hex.pm/api/packages/wayfinder/releases/1.0.0","2025-04-30T20:51:58.199Z","2025-04-30T20:51:55.080Z","2025-05-02T23:57:36.235Z"
"wayfinder","1.0.1",12,"https://hex.pm/api/packages/wayfinder/releases/1.0.1","2025-04-30T21:12:24.401Z","2025-04-30T21:12:21.310Z","2025-05-02T23:57:36.235Z"
"wayfinder","1.0.2",6,"https://hex.pm/api/packages/wayfinder/releases/1.0.2","2025-05-01T07:55:33.527Z","2025-05-01T07:55:30.115Z","2025-05-02T23:57:36.235Z"
"wayfinder","1.1.0",6,"https://hex.pm/api/packages/wayfinder/releases/1.1.0","2025-05-01T10:10:02.552Z","2025-05-01T10:09:59.176Z","2025-05-02T23:57:36.235Z"
"weapp","1.0.0",73,"https://hex.pm/api/packages/weapp/releases/1.0.0","2024-07-20T14:52:17.452Z","2024-07-20T14:52:14.292Z","2025-01-28T03:49:51.107Z"
"weapp","1.0.1",17,"https://hex.pm/api/packages/weapp/releases/1.0.1","2025-01-25T14:47:05.896Z","2025-01-25T14:47:02.123Z","2025-01-28T03:49:51.107Z"
"webls","1.0.0",30,"https://hex.pm/api/packages/webls/releases/1.0.0","2024-08-09T03:18:09.994Z","2024-08-09T03:18:07.345Z","2025-03-09T10:57:02.118Z"
"webls","1.1.0",32,"https://hex.pm/api/packages/webls/releases/1.1.0","2024-08-09T04:15:39.361Z","2024-08-09T04:15:36.743Z","2025-03-09T10:57:02.118Z"
"webls","1.1.1",42,"https://hex.pm/api/packages/webls/releases/1.1.1","2024-08-09T18:01:47.221Z","2024-08-09T18:01:44.825Z","2025-03-09T10:57:02.118Z"
"webls","1.1.2",32,"https://hex.pm/api/packages/webls/releases/1.1.2","2024-08-10T03:12:09.441Z","2024-08-10T03:12:06.437Z","2025-03-09T10:57:02.118Z"
"webls","1.2.0",34,"https://hex.pm/api/packages/webls/releases/1.2.0","2024-08-11T17:48:45.053Z","2024-08-11T17:48:42.281Z","2025-03-09T10:57:02.118Z"
"webls","1.3.0",30,"https://hex.pm/api/packages/webls/releases/1.3.0","2024-08-11T19:55:17.828Z","2024-08-11T19:55:15.258Z","2025-03-09T10:57:02.118Z"
"webls","1.4.0",88,"https://hex.pm/api/packages/webls/releases/1.4.0","2024-08-12T01:27:43.219Z","2024-08-12T01:27:40.628Z","2025-03-09T10:57:02.118Z"
"webls","1.5.0",184,"https://hex.pm/api/packages/webls/releases/1.5.0","2024-09-12T01:56:20.197Z","2024-09-12T01:56:17.686Z","2025-03-09T10:57:02.118Z"
"webls","1.5.1",92,"https://hex.pm/api/packages/webls/releases/1.5.1","2025-03-06T20:42:55.616Z","2025-03-06T20:42:52.708Z","2025-03-09T10:57:02.118Z"
"webmidi","1.0.0",52,"https://hex.pm/api/packages/webmidi/releases/1.0.0","2024-03-26T06:33:45.371Z","2024-03-26T06:33:43.042Z","2024-07-03T00:19:19.655Z"
"wechat_dev_tools","1.0.0",10,"https://hex.pm/api/packages/wechat_dev_tools/releases/1.0.0","2024-07-20T15:17:59.496Z","2024-07-20T15:17:55.774Z","2024-07-24T10:01:21.416Z"
"wemote","1.0.0",12,"https://hex.pm/api/packages/wemote/releases/1.0.0","2024-06-25T13:45:07.589Z","2024-06-25T13:45:05.026Z","2024-07-02T23:29:09.757Z"
"wimp","1.0.0",68,"https://hex.pm/api/packages/wimp/releases/1.0.0","2023-10-22T15:24:58.761Z","2023-10-22T15:24:56.379Z","2025-04-30T10:06:18.362Z"
"wimp","1.1.0",165,"https://hex.pm/api/packages/wimp/releases/1.1.0","2023-11-06T13:26:50.945Z","2023-11-06T13:26:48.730Z","2025-04-30T10:06:18.362Z"
"wimp","1.2.0",10,"https://hex.pm/api/packages/wimp/releases/1.2.0","2025-04-27T10:14:21.381Z","2025-04-27T10:14:18.187Z","2025-04-30T10:06:18.362Z"
"wink","1.0.0",32,"https://hex.pm/api/packages/wink/releases/1.0.0","2024-04-09T03:02:04.737Z","2024-04-09T03:02:02.030Z","2024-07-03T00:11:59.193Z"
"wink","1.0.1",34,"https://hex.pm/api/packages/wink/releases/1.0.1","2024-04-09T03:15:25.252Z","2024-04-09T03:15:22.710Z","2024-07-03T00:11:59.193Z"
"wink","1.0.2",47,"https://hex.pm/api/packages/wink/releases/1.0.2","2024-04-09T06:44:44.073Z","2024-04-09T06:44:41.345Z","2024-07-03T00:11:59.193Z"
"wisp","0.1.0",839,"https://hex.pm/api/packages/wisp/releases/0.1.0","2023-07-18T18:17:36.558Z","2023-07-18T18:17:34.321Z","2025-03-24T11:33:18.598Z"
"wisp","0.10.0",262,"https://hex.pm/api/packages/wisp/releases/0.10.0","2024-01-17T23:07:24.370Z","2024-01-17T23:07:21.751Z","2025-03-24T11:33:18.597Z"
"wisp","0.11.0",237,"https://hex.pm/api/packages/wisp/releases/0.11.0","2024-02-06T20:39:03.165Z","2024-02-06T20:39:00.753Z","2025-03-24T11:33:18.597Z"
"wisp","0.12.0",1408,"https://hex.pm/api/packages/wisp/releases/0.12.0","2024-02-17T17:05:31.306Z","2024-02-17T17:05:29.140Z","2025-03-24T11:33:18.597Z"
"wisp","0.13.0",396,"https://hex.pm/api/packages/wisp/releases/0.13.0","2024-03-23T10:36:39.234Z","2024-03-23T10:36:36.738Z","2025-03-24T11:33:18.597Z"
"wisp","0.14.0",9557,"https://hex.pm/api/packages/wisp/releases/0.14.0","2024-03-28T15:34:13.100Z","2024-03-28T15:34:10.556Z","2025-03-24T11:33:18.597Z"
"wisp","0.15.0",4288,"https://hex.pm/api/packages/wisp/releases/0.15.0","2024-06-12T12:00:09.605Z","2024-06-12T12:00:06.832Z","2025-03-24T11:33:18.597Z"
"wisp","0.16.0",7560,"https://hex.pm/api/packages/wisp/releases/0.16.0","2024-07-13T10:54:51.842Z","2024-07-13T10:54:49.248Z","2025-03-24T11:33:18.597Z"
"wisp","0.2.0",99,"https://hex.pm/api/packages/wisp/releases/0.2.0","2023-08-12T08:06:20.052Z","2023-08-12T08:06:16.826Z","2025-03-24T11:33:18.598Z"
"wisp","0.3.0",246,"https://hex.pm/api/packages/wisp/releases/0.3.0","2023-08-21T08:24:58.081Z","2023-08-21T08:24:54.024Z","2025-03-24T11:33:18.598Z"
"wisp","0.4.0",122,"https://hex.pm/api/packages/wisp/releases/0.4.0","2023-08-24T11:45:14.387Z","2023-08-24T11:45:11.934Z","2025-03-24T11:33:18.598Z"
"wisp","0.5.0",153,"https://hex.pm/api/packages/wisp/releases/0.5.0","2023-09-13T19:01:57.813Z","2023-09-13T19:01:54.959Z","2025-03-24T11:33:18.598Z"
"wisp","0.6.0",187,"https://hex.pm/api/packages/wisp/releases/0.6.0","2023-10-19T11:53:19.667Z","2023-10-19T11:53:17.282Z","2025-03-24T11:33:18.598Z"
"wisp","0.7.0",167,"https://hex.pm/api/packages/wisp/releases/0.7.0","2023-11-05T17:57:01.975Z","2023-11-05T17:56:59.580Z","2025-03-24T11:33:18.598Z"
"wisp","0.8.0",426,"https://hex.pm/api/packages/wisp/releases/0.8.0","2023-11-13T12:01:18.275Z","2023-11-13T12:01:15.963Z","2025-03-24T11:33:18.598Z"
"wisp","0.9.0",96,"https://hex.pm/api/packages/wisp/releases/0.9.0","2024-01-15T12:00:30.533Z","2024-01-15T12:00:28.308Z","2025-03-24T11:33:18.598Z"
"wisp","1.0.0",326,"https://hex.pm/api/packages/wisp/releases/1.0.0","2024-08-21T13:33:58.058Z","2024-08-21T13:33:55.664Z","2025-03-24T11:33:18.597Z"
"wisp","1.1.0",12045,"https://hex.pm/api/packages/wisp/releases/1.1.0","2024-08-23T16:00:31.206Z","2024-08-23T16:00:28.735Z","2025-03-24T11:33:18.597Z"
"wisp","1.2.0",13834,"https://hex.pm/api/packages/wisp/releases/1.2.0","2024-10-09T17:07:00.091Z","2024-10-09T17:06:57.125Z","2025-03-24T11:33:18.597Z"
"wisp","1.3.0",5122,"https://hex.pm/api/packages/wisp/releases/1.3.0","2024-11-27T11:46:53.188Z","2024-11-27T11:46:50.453Z","2025-03-24T11:33:18.597Z"
"wisp","1.4.0",2763,"https://hex.pm/api/packages/wisp/releases/1.4.0","2024-12-19T11:53:06.611Z","2024-12-19T11:53:02.766Z","2025-03-24T11:33:18.597Z"
"wisp","1.5.1",10774,"https://hex.pm/api/packages/wisp/releases/1.5.1","2025-01-02T15:12:03.603Z","2025-01-02T15:12:00.912Z","2025-03-24T11:33:18.597Z"
"wisp","1.5.2",460,"https://hex.pm/api/packages/wisp/releases/1.5.2","2025-02-03T19:07:06.543Z","2025-02-03T19:07:03.556Z","2025-03-24T11:33:18.597Z"
"wisp","1.5.3",9354,"https://hex.pm/api/packages/wisp/releases/1.5.3","2025-02-06T11:44:59.361Z","2025-02-06T11:44:56.317Z","2025-03-24T11:33:18.597Z"
"wisp","1.6.0",320,"https://hex.pm/api/packages/wisp/releases/1.6.0","2025-03-21T16:25:39.497Z","2025-03-21T16:25:36.483Z","2025-03-24T11:33:18.597Z"
"wisp_flash","0.1.0",16,"https://hex.pm/api/packages/wisp_flash/releases/0.1.0","2024-07-26T13:55:22.706Z","2024-07-26T13:55:19.597Z","2024-08-26T15:49:59.077Z"
"wisp_flash","0.2.0",14,"https://hex.pm/api/packages/wisp_flash/releases/0.2.0","2024-07-27T01:59:00.578Z","2024-07-27T01:58:57.554Z","2024-08-26T15:49:59.077Z"
"wisp_flash","0.3.0",22,"https://hex.pm/api/packages/wisp_flash/releases/0.3.0","2024-07-27T03:01:43.582Z","2024-07-27T03:01:39.434Z","2024-08-26T15:49:59.077Z"
"wisp_flash","1.0.0",14,"https://hex.pm/api/packages/wisp_flash/releases/1.0.0","2024-08-23T23:35:01.855Z","2024-08-23T23:34:58.701Z","2024-08-26T15:49:59.077Z"
"wisp_kv_sessions","0.0.1",26,"https://hex.pm/api/packages/wisp_kv_sessions/releases/0.0.1","2024-09-11T20:45:36.552Z","2024-09-11T20:45:34.180Z","2024-12-22T12:56:12.293Z"
"wisp_kv_sessions","0.0.2",72,"https://hex.pm/api/packages/wisp_kv_sessions/releases/0.0.2","2024-09-11T21:03:24.758Z","2024-09-11T21:03:22.224Z","2024-12-22T12:56:12.293Z"
"wisp_kv_sessions","0.0.3",296,"https://hex.pm/api/packages/wisp_kv_sessions/releases/0.0.3","2024-09-18T18:56:58.211Z","2024-09-18T18:56:55.650Z","2024-12-22T12:56:12.293Z"
"wisp_kv_sessions","0.1.0",42,"https://hex.pm/api/packages/wisp_kv_sessions/releases/0.1.0","2024-12-19T22:24:19.242Z","2024-11-19T19:46:27.417Z","2024-12-22T12:56:12.293Z"
"wisp_kv_sessions_ets_store","0.0.2",26,"https://hex.pm/api/packages/wisp_kv_sessions_ets_store/releases/0.0.2","2024-12-19T22:36:54.949Z","2024-09-18T18:35:52.535Z","2024-12-22T12:56:10.140Z"
"wisp_kv_sessions_postgres_store","0.0.2",26,"https://hex.pm/api/packages/wisp_kv_sessions_postgres_store/releases/0.0.2","2024-12-19T22:29:27.557Z","2024-09-12T17:53:22.195Z","2024-12-22T12:56:11.185Z"
"wolf","1.0.0",14,"https://hex.pm/api/packages/wolf/releases/1.0.0","2024-06-25T19:21:03.686Z","2024-06-25T19:18:39.364Z","2024-07-02T23:28:51.237Z"
"worm","1.0.3",24,"https://hex.pm/api/packages/worm/releases/1.0.3","2024-07-12T03:41:10.273Z","2024-07-12T03:41:07.500Z","2024-10-13T00:12:10.797Z"
"worm","1.0.4",424,"https://hex.pm/api/packages/worm/releases/1.0.4","2024-07-14T07:32:16.290Z","2024-07-14T07:32:13.381Z","2024-10-13T00:12:10.797Z"
"worm","1.0.5",14,"https://hex.pm/api/packages/worm/releases/1.0.5","2024-10-10T08:13:13.026Z","2024-10-10T08:13:09.317Z","2024-10-13T00:12:10.796Z"
"wp_tables","1.0.0",19,"https://hex.pm/api/packages/wp_tables/releases/1.0.0","2024-06-16T22:40:41.433Z","2024-06-16T22:40:37.536Z","2024-07-02T23:37:48.122Z"
"xdgleam","1.0.0",13,"https://hex.pm/api/packages/xdgleam/releases/1.0.0","2025-03-31T05:33:45.076Z","2025-03-31T05:33:42.382Z","2025-04-02T12:00:53.613Z"
"xmb","1.0.0",180,"https://hex.pm/api/packages/xmb/releases/1.0.0","2024-07-14T16:49:34.914Z","2024-07-14T16:49:31.776Z","2025-04-08T12:15:22.406Z"
"xmb","1.1.0",422,"https://hex.pm/api/packages/xmb/releases/1.1.0","2024-12-07T22:19:22.365Z","2024-12-07T22:19:19.620Z","2025-04-08T12:15:22.406Z"
"xmb","1.2.0",26,"https://hex.pm/api/packages/xmb/releases/1.2.0","2025-03-24T15:53:51.865Z","2025-03-24T15:53:49.625Z","2025-04-08T12:15:22.406Z"
"xmb","1.3.0",26,"https://hex.pm/api/packages/xmb/releases/1.3.0","2025-03-25T12:12:20.510Z","2025-03-25T12:12:18.157Z","2025-04-08T12:15:22.405Z"
"xmb","1.4.0",36,"https://hex.pm/api/packages/xmb/releases/1.4.0","2025-03-25T12:38:58.644Z","2025-03-25T12:38:56.343Z","2025-04-08T12:15:22.405Z"
"xmb","1.4.1",22,"https://hex.pm/api/packages/xmb/releases/1.4.1","2025-04-06T11:17:07.837Z","2025-04-06T11:17:05.291Z","2025-04-08T12:15:22.405Z"
"xmleam","0.1.0",54,"https://hex.pm/api/packages/xmleam/releases/0.1.0","2024-03-12T19:38:41.948Z","2024-03-12T19:38:39.839Z","2025-01-19T03:50:28.077Z"
"xmleam","1.0.0",56,"https://hex.pm/api/packages/xmleam/releases/1.0.0","2024-03-12T19:38:02.738Z","2024-03-12T19:38:00.509Z","2025-01-19T03:50:28.077Z"
"xmleam","1.0.1",54,"https://hex.pm/api/packages/xmleam/releases/1.0.1","2024-03-12T22:38:24.443Z","2024-03-12T22:38:22.332Z","2025-01-19T03:50:28.077Z"
"xmleam","1.0.2",53,"https://hex.pm/api/packages/xmleam/releases/1.0.2","2024-03-13T14:56:43.423Z","2024-03-12T22:42:00.690Z","2025-01-19T03:50:28.077Z"
"xmleam","1.1.0",52,"https://hex.pm/api/packages/xmleam/releases/1.1.0","2024-03-13T20:44:40.485Z","2024-03-13T20:44:38.223Z","2025-01-19T03:50:28.077Z"
"xmleam","1.1.1",54,"https://hex.pm/api/packages/xmleam/releases/1.1.1","2024-03-13T20:52:04.980Z","2024-03-13T20:52:02.367Z","2025-01-19T03:50:28.077Z"
"xmleam","1.1.2",57,"https://hex.pm/api/packages/xmleam/releases/1.1.2","2024-03-13T21:12:59.147Z","2024-03-13T21:12:56.959Z","2025-01-19T03:50:28.077Z"
"xmleam","1.1.3",55,"https://hex.pm/api/packages/xmleam/releases/1.1.3","2024-03-17T16:10:49.412Z","2024-03-17T16:10:46.935Z","2025-01-19T03:50:28.077Z"
"xmleam","1.1.4",108,"https://hex.pm/api/packages/xmleam/releases/1.1.4","2024-03-20T18:27:12.334Z","2024-03-20T18:27:10.191Z","2025-01-19T03:50:28.077Z"
"xmleam","1.1.5",232,"https://hex.pm/api/packages/xmleam/releases/1.1.5","2024-06-03T23:07:14.269Z","2024-06-03T23:07:11.743Z","2025-01-19T03:50:28.077Z"
"xmleam","1.2.0",14,"https://hex.pm/api/packages/xmleam/releases/1.2.0","2025-01-15T17:16:43.210Z","2025-01-15T17:16:40.589Z","2025-01-19T03:50:28.077Z"
"xmljson","0.1.1",18,"https://hex.pm/api/packages/xmljson/releases/0.1.1","2024-12-15T19:27:22.294Z","2024-12-15T18:49:45.052Z","2024-12-26T09:24:21.736Z"
"xmljson","0.2.0",16,"https://hex.pm/api/packages/xmljson/releases/0.2.0","2024-12-21T21:04:19.258Z","2024-12-21T21:04:16.521Z","2024-12-26T09:24:21.736Z"
"xmlm","1.0.0",10,"https://hex.pm/api/packages/xmlm/releases/1.0.0","2024-07-10T00:36:47.537Z","2024-07-10T00:36:43.950Z","2024-07-12T12:14:57.275Z"
"xo","1.0.0",12,"https://hex.pm/api/packages/xo/releases/1.0.0","2025-02-19T00:38:17.825Z","2025-02-19T00:38:14.391Z","2025-02-21T13:58:46.873Z"
"ygleam","0.1.0",56,"https://hex.pm/api/packages/ygleam/releases/0.1.0","2024-05-22T13:20:57.084Z","2024-05-22T13:20:54.188Z","2025-04-09T19:09:25.976Z"
"ygleam","0.2.0",66,"https://hex.pm/api/packages/ygleam/releases/0.2.0","2024-05-27T00:38:03.206Z","2024-05-27T00:38:00.088Z","2025-04-09T19:09:25.976Z"
"ygleam","0.3.0",77,"https://hex.pm/api/packages/ygleam/releases/0.3.0","2024-05-28T11:27:27.659Z","2024-05-28T11:27:24.514Z","2025-04-09T19:09:25.976Z"
"ygleam","0.3.1",77,"https://hex.pm/api/packages/ygleam/releases/0.3.1","2024-06-02T14:20:04.176Z","2024-06-02T14:20:00.861Z","2025-04-09T19:09:25.976Z"
"ygleam","0.4.0",278,"https://hex.pm/api/packages/ygleam/releases/0.4.0","2024-06-30T09:41:13.454Z","2024-06-30T09:41:10.922Z","2025-04-09T19:09:25.976Z"
"ygleam","0.5.0",36,"https://hex.pm/api/packages/ygleam/releases/0.5.0","2024-09-18T21:21:16.669Z","2024-09-18T21:21:13.915Z","2025-04-09T19:09:25.976Z"
"ygleam","0.6.0",292,"https://hex.pm/api/packages/ygleam/releases/0.6.0","2024-09-20T20:34:50.687Z","2024-09-20T20:34:47.968Z","2025-04-09T19:09:25.976Z"
"ygleam","0.7.0",126,"https://hex.pm/api/packages/ygleam/releases/0.7.0","2024-12-16T19:00:52.018Z","2024-12-16T19:00:49.041Z","2025-04-09T19:09:25.976Z"
"ygleam","0.8.0",12,"https://hex.pm/api/packages/ygleam/releases/0.8.0","2025-04-07T16:38:04.281Z","2025-04-07T16:37:59.872Z","2025-04-09T19:09:25.976Z"
"yodel","1.0.0",307,"https://hex.pm/api/packages/yodel/releases/1.0.0","2025-03-21T06:20:30.782Z","2025-03-21T06:20:28.195Z","2025-04-22T16:32:10.549Z"
"yodel","1.0.1",178,"https://hex.pm/api/packages/yodel/releases/1.0.1","2025-04-19T06:56:30.949Z","2025-04-19T06:56:28.202Z","2025-04-22T16:32:10.549Z"
"youid","1.0.0",400,"https://hex.pm/api/packages/youid/releases/1.0.0","2024-02-16T16:22:27.427Z","2024-02-16T16:19:58.780Z","2025-04-06T08:45:21.891Z"
"youid","1.1.0",230,"https://hex.pm/api/packages/youid/releases/1.1.0","2024-05-29T10:05:32.483Z","2024-05-29T10:05:29.942Z","2025-04-06T08:45:21.891Z"
"youid","1.2.0",48898,"https://hex.pm/api/packages/youid/releases/1.2.0","2024-06-16T19:05:59.516Z","2024-06-16T19:05:56.868Z","2025-04-06T08:45:21.891Z"
"youid","1.3.0",1120,"https://hex.pm/api/packages/youid/releases/1.3.0","2025-03-26T10:47:32.215Z","2025-03-26T10:47:29.416Z","2025-04-06T08:45:21.891Z"
"youid","1.4.0",85,"https://hex.pm/api/packages/youid/releases/1.4.0","2025-04-03T12:31:05.651Z","2025-04-03T12:31:03.034Z","2025-04-06T08:45:21.891Z"
"zeptomail","0.1.0",56,"https://hex.pm/api/packages/zeptomail/releases/0.1.0","2022-06-24T15:50:14.473Z","2022-06-24T15:50:11.512Z","2024-09-24T05:32:10.963Z"
"zeptomail","0.1.1",253,"https://hex.pm/api/packages/zeptomail/releases/0.1.1","2022-06-25T11:42:20.732Z","2022-06-25T11:42:17.743Z","2024-09-24T05:32:10.963Z"
"zeptomail","1.0.0",177,"https://hex.pm/api/packages/zeptomail/releases/1.0.0","2023-11-06T13:17:04.991Z","2023-11-06T13:17:02.662Z","2024-09-24T05:32:10.963Z"
"zeptomail","1.1.0",10,"https://hex.pm/api/packages/zeptomail/releases/1.1.0","2024-09-21T09:34:09.960Z","2024-09-21T09:34:07.254Z","2024-09-24T05:32:10.963Z"
"zip_list","1.0.0",15,"https://hex.pm/api/packages/zip_list/releases/1.0.0","2024-07-29T19:23:18.942Z","2024-07-29T19:23:16.464Z","2024-08-01T12:17:25.377Z"
"zipnotic","1.0.0",14,"https://hex.pm/api/packages/zipnotic/releases/1.0.0","2024-12-06T07:44:02.744Z","2024-12-06T07:44:00.025Z","2024-12-09T16:47:26.037Z"
"zipnotic","1.0.1",14,"https://hex.pm/api/packages/zipnotic/releases/1.0.1","2024-12-06T07:50:15.867Z","2024-12-06T07:50:13.196Z","2024-12-09T16:47:26.037Z"
"zipnotic","1.1.0",12,"https://hex.pm/api/packages/zipnotic/releases/1.1.0","2024-12-06T23:07:49.320Z","2024-12-06T23:07:46.562Z","2024-12-09T16:47:26.037Z"
