"package_name","hex_url","description","licenses","repository_url","owners","downloads_all_time","hex_updated_at","hex_inserted_at","inserted_at"
"acrostic","https://hex.pm/packages/acrostic","A pure Gleam implementation of Google Protobuf.","['Apache-2.0']","https://github.com/julywind168/acrostic","[]",92,"2025-01-13T16:53:08.170Z","2024-11-14T06:27:24.745Z","2025-01-16T14:10:13.352Z"
"act","https://hex.pm/packages/act","Compose stateful actions to simulate mutable state","['Apache-2.0']","https://github.com/MystPi/act","[]",316,"2024-06-06T12:14:12.862Z","2024-03-24T19:41:08.497Z","2024-07-02T23:44:27.969Z"
"adglent","https://hex.pm/packages/adglent","Advent of code helper - automating setup of tests, solution template and problem input","['Apache-2.0']","https://github.com/JohnBjrk/adglent","[]",2039,"2024-11-08T07:39:02.183Z","2023-10-28T19:49:20.582Z","2024-11-11T11:38:11.925Z"
"ag_html","https://hex.pm/packages/ag_html","A Gleam library for building HTML strings usings functions.","['MIT']","https://github.com/avdgaag/gleam_ag_html","[]",103,"2022-11-26T15:39:40.358Z","2022-11-26T15:39:39.638Z","2024-07-03T02:01:22.995Z"
"aham","https://hex.pm/packages/aham","Build multilingual Gleam applications","['BSL-1.0']","https://github.com/salif/aham","[]",14,"2024-07-22T11:55:58.311Z","2024-07-22T11:55:55.925Z","2024-07-25T06:26:38.998Z"
"akaridb","https://hex.pm/packages/akaridb","Database migration manager","['Apache-2.0']","","[]",10,"2024-08-11T05:06:13.002Z","2024-08-11T05:06:09.561Z","2024-08-13T20:33:55.660Z"
"alpaca","https://hex.pm/packages/alpaca","A library for caching deterministic calculations in Gleam","['MIT']","https://github.com/mscharley/alpaca","[]",0,"2024-07-11T13:38:20.307Z","2024-07-11T12:39:40.683Z","2024-07-11T15:48:13.032Z"
"amber","https://hex.pm/packages/amber","✨🦕 Deno Bindings For Gleam 🧡","['Apache-2.0']","https://github.com/han-tyumi/amber","[]",156,"2024-12-30T23:14:47.864Z","2024-10-21T01:48:52.570Z","2025-01-04T09:09:11.333Z"
"amf0","https://hex.pm/packages/amf0","Amf0 (de)serialisation for Gleam","['Apache-2.0','MIT']","https://github.com/jamesbirtles/gleam-amf0","[]",77,"2023-10-31T18:41:48.604Z","2023-10-31T18:41:48.604Z","2024-07-03T01:08:19.885Z"
"amnesiac","https://hex.pm/packages/amnesiac","Gleam bindings to mnesia","['Apache-2.0']","https://github.com/VioletBuse/amnesiac","[]",58,"2024-06-15T16:06:58.509Z","2024-06-14T19:53:19.498Z","2024-07-02T23:38:08.953Z"
"ansel","https://hex.pm/packages/ansel","A simple and fast vips image processing library for Gleam!","['Apache-2.0']","https://github.com/tinybackup/ansel","[]",18,"2024-10-14T17:51:16.604Z","2024-10-14T17:51:14.226Z","2024-10-17T16:55:27.158Z"
"antigone","https://hex.pm/packages/antigone","Argon2 password hashing for Gleam.","['Apache-2.0']","https://github.com/lpil/antigone","[]",281,"2024-04-18T17:37:07.531Z","2024-03-25T22:27:56.845Z","2024-07-03T00:07:38.601Z"
"aoc_2024","https://hex.pm/packages/aoc_2024","Solutions for 2024's Advent of Code","['GPL-3.0-or-later']","https://github.com/tiborpilz/aoc_2024","[]",18,"2024-12-21T19:04:23.898Z","2024-12-21T19:04:21.097Z","2024-12-26T09:24:25.997Z"
"aonyx_graph","https://hex.pm/packages/aonyx_graph","A graph library. Including path finding.","['MIT']","https://github.com/aonyxrocks/aonyx_graph","[]",112,"2025-05-02T18:33:22.247Z","2025-04-20T22:19:40.906Z","2025-05-02T23:56:37.625Z"
"apollo","https://hex.pm/packages/apollo","a simple type safe validator","['MIT']","https://github.com/endercheif/apollo","[]",125,"2023-08-11T23:47:52.994Z","2023-08-11T22:07:19.417Z","2024-07-03T01:22:40.210Z"
"aragorn2","https://hex.pm/packages/aragorn2","Secure password hashing, powered by Argon2","['MIT']","https://github.com/maxdeviant/aragorn2","[]",121,"2024-05-30T03:58:24.540Z","2024-05-27T21:07:07.418Z","2024-07-02T23:48:37.764Z"
"arcana_signals","https://hex.pm/packages/arcana_signals","Gleam bindings to @preact/signals-core that won't crash in Erlang","['Apache-2.0']","https://github.com/synecdokey/arcana_signals","[]",84,"2024-03-27T21:51:48.605Z","2024-03-16T22:52:24.991Z","2024-07-03T00:18:18.879Z"
"arctic","https://hex.pm/packages/arctic","A friendly web framework for fast response times and a lightweight or serverless backend, written in Gleam!","['Apache-2.0']","https://github.com/RyanBrewer317/arctic","[]",2084,"2025-04-07T06:28:49.489Z","2024-08-03T11:44:52.615Z","2025-04-09T08:51:48.645Z"
"arctic_plugin_diagram","https://hex.pm/packages/arctic_plugin_diagram","An Arctic plugin for generating latex diagrams!","['Apache-2.0']","https://github.com/RyanBrewer317/arctic_plugin_diagram","[]",34,"2024-10-22T00:56:27.261Z","2024-10-19T23:05:46.651Z","2024-10-24T02:40:55.035Z"
"argamak","https://hex.pm/packages/argamak","A tensor library for the Gleam programming language","['Apache-2.0']","https://github.com/tynanbe/argamak","[]",509,"2024-02-18T00:04:55.054Z","2022-01-21T05:34:26.192Z","2024-07-03T00:43:02.957Z"
"argus","https://hex.pm/packages/argus","Argon2 password hashing library for Gleam, based on the reference C implementation.","['MIT']","https://github.com/Pevensie/argus","[]",216,"2024-09-23T18:15:55.867Z","2024-07-14T17:41:43.786Z","2024-09-25T12:15:48.198Z"
"argv","https://hex.pm/packages/argv","A cross platform library for getting the command line arguments","['Apache-2.0']","https://github.com/lpil/argv","[]",24364,"2024-03-22T18:40:40.209Z","2023-12-22T19:10:05.081Z","2024-07-03T00:21:11.887Z"
"ask","https://hex.pm/packages/ask","Functional utilities for building custom predicates, orderings, and equivalences","['MIT']","https://github.com/furrycatherder/gleam-ask","[]",138,"2024-04-22T14:53:30.384Z","2024-04-20T15:48:07.919Z","2024-07-03T00:06:16.613Z"
"asterix","https://hex.pm/packages/asterix","A gleam library by Asterix Technology","['Apache-2.0']","https://github.com/asterixxtech/asterix-gleam","[]",28,"2024-06-11T12:25:00.357Z","2024-06-11T12:24:57.202Z","2024-07-02T23:42:13.583Z"
"atomb","https://hex.pm/packages/atomb","An Atom feed builder for Gleam","['Apache-2.0']","https://github.com/lpil/atomb","[]",24,"2025-03-25T16:23:12.366Z","2025-03-25T16:23:10.004Z","2025-03-27T11:42:52.514Z"
"atomic_array","https://hex.pm/packages/atomic_array","Atomic mutable int arrays for Gleam!","['Apache-2.0']","https://github.com/lpil/atomic-array","[]",8,"2024-07-25T17:17:04.462Z","2024-07-25T17:17:01.860Z","2024-07-26T13:19:07.761Z"
"atto","https://hex.pm/packages/atto","Robust and extensible parser combinators for Gleam","['MIT']","https://github.com/ieeemma/atto","[]",20,"2024-11-28T14:33:49.244Z","2024-11-28T01:35:45.501Z","2024-12-02T10:14:50.046Z"
"aws4_request","https://hex.pm/packages/aws4_request","An AWS Signature Version 4 client implementation, used for S3 auth, etc","['Apache-2.0']","https://github.com/lpil/aws4_request","[]",11981,"2025-02-08T13:58:02.300Z","2023-11-12T16:30:50.554Z","2025-02-11T07:16:59.583Z"
"aws_api","https://hex.pm/packages/aws_api","A request builder for AWS services","['Apache-2.0']","https://github.com/ryanmiville/aws_api","[]",69,"2025-01-04T21:00:32.444Z","2024-08-30T21:53:17.364Z","2025-01-07T09:06:24.997Z"
"bare_package1","https://hex.pm/packages/bare_package1","A package of Erlang files and a .app.src file","['Apache-2.0']","","[]",97,"2021-12-19T17:19:58.462Z","2021-12-19T17:19:58.462Z","2024-07-03T02:39:38.584Z"
"bare_package_one","https://hex.pm/packages/bare_package_one","A package of Erlang files and a .app.src file","['Apache-2.0']","","[]",192,"2021-12-20T18:42:06.148Z","2021-12-19T17:20:40.009Z","2024-07-03T02:39:28.667Z"
"bare_package_two","https://hex.pm/packages/bare_package_two","A package of Erlang files and a .app.src file, with deps","['Apache-2.0']","","[]",194,"2021-12-20T18:42:47.942Z","2021-12-19T17:23:03.938Z","2024-07-03T02:39:27.424Z"
"barnacle","https://hex.pm/packages/barnacle","Self-healing clusters for Gleam applications on the BEAM!","['MIT']","https://github.com/Pevensie/barnacle","[]",200,"2025-03-31T18:09:10.308Z","2024-10-21T20:30:13.856Z","2025-04-03T08:37:45.327Z"
"base_x_gleam","https://hex.pm/packages/base_x_gleam","Base-X encoding and decoding in Gleam!","['MIT']","","[]",62,"2025-03-12T00:36:33.910Z","2025-03-11T14:34:11.302Z","2025-03-14T14:31:42.368Z"
"based","https://hex.pm/packages/based","A common interface for database backends","['Apache-2.0']","https://github.com/stndrs/based","[]",490,"2024-06-15T20:30:41.944Z","2024-06-04T20:56:32.275Z","2024-07-02T23:38:02.051Z"
"based_pg","https://hex.pm/packages/based_pg","A postgres adapter for based","['Apache-2.0']","https://github.com/stndrs/based_pg","[]",263,"2024-06-15T21:32:00.323Z","2024-06-06T01:59:55.422Z","2024-07-02T23:38:00.751Z"
"based_sqlite","https://hex.pm/packages/based_sqlite","A sqlite adapter for based","['Apache-2.0']","https://github.com/stndrs/based_sqlite","[]",345,"2024-06-14T01:45:00.418Z","2024-06-06T01:56:07.713Z","2024-07-02T23:39:10.155Z"
"bath","https://hex.pm/packages/bath","A resource pool for Gleam!","['MIT']","https://github.com/Pevensie/bath","[]",56,"2024-12-29T22:05:21.699Z","2024-12-24T23:19:19.155Z","2025-01-02T16:02:17.153Z"
"battlesnake","https://hex.pm/packages/battlesnake","A Gleam wrapper for the Battlesnake API","['MIT']","https://github.com/leah-u/battlesnake","[]",12,"2024-08-29T17:14:44.848Z","2024-08-29T17:14:42.286Z","2024-09-01T14:59:30.446Z"
"beecrypt","https://hex.pm/packages/beecrypt","Buzzing Gleam bindings to the Erlang bcrypt hashing library","['Apache-2.0']","https://github.com/lpil/beecrypt","[]",477,"2024-01-16T13:15:02.826Z","2023-05-11T16:26:12.605Z","2024-07-03T00:51:51.165Z"
"beencode","https://hex.pm/packages/beencode","🐝 bencode in Gleam","['Apache-2.0']","https://github.com/giacomocavalieri/beencode","[]",20,"2025-01-26T14:35:06.214Z","2025-01-26T09:34:45.350Z","2025-01-29T00:24:09.704Z"
"bg_jobs","https://hex.pm/packages/bg_jobs","Background job processing for your Gleam app","['Apache-2.0']","https://github.com/MaxHill/bg_jobs","[]",232,"2025-03-12T10:57:26.085Z","2024-11-10T18:59:08.744Z","2025-03-15T21:25:48.458Z"
"bibi","https://hex.pm/packages/bibi","A Gleam package for working with bitboards","['MIT']","https://github.com/b34nst4lk/bibi.gleam","[]",250,"2025-03-28T07:38:28.902Z","2025-03-01T05:40:32.642Z","2025-03-31T08:28:30.585Z"
"bidict","https://hex.pm/packages/bidict","Bijective Dictionary for Gleam","['Apache-2.0']","https://github.com/jonathanmfung/bidict","[]",33,"2024-03-25T00:55:00.012Z","2024-03-25T00:54:57.756Z","2024-07-03T00:20:13.856Z"
"bigben","https://hex.pm/packages/bigben","A clock abstraction, with time travel.","['MIT']","https://github.com/maxdeviant/bigben","[]",1107,"2024-04-13T02:39:42.184Z","2024-04-13T02:39:39.789Z","2024-07-03T00:09:37.921Z"
"bigdecimal","https://hex.pm/packages/bigdecimal","Arbitrary precision decimal arithmetic for Gleam","['Apache-2.0']","https://github.com/horvathandris/bigdecimal","[]",26,"2024-10-22T08:21:18.246Z","2024-10-20T07:52:50.272Z","2024-10-24T02:40:43.085Z"
"bigi","https://hex.pm/packages/bigi","Arbitrary precision integer arithmetic for Gleam","['MIT']","https://git.ahlcode.fi//nicd/bigi","[]",5988,"2025-03-13T20:10:42.944Z","2024-02-04T14:41:41.286Z","2025-03-18T21:32:58.505Z"
"binary_search","https://hex.pm/packages/binary_search","A simple binary search implementation in Gleam","['Apache-2.0']","https://github.com/nkpgardose/binary_search","[]",50,"2024-05-25T05:35:21.914Z","2024-05-25T05:33:28.524Z","2024-07-02T23:51:32.943Z"
"birdie","https://hex.pm/packages/birdie","🐦‍⬛ Snapshot testing in Gleam","['Apache-2.0']","https://github.com/giacomocavalieri/birdie","[]",17178,"2025-04-27T08:14:42.430Z","2024-01-27T11:03:09.805Z","2025-04-29T23:47:28.493Z"
"birl","https://hex.pm/packages/birl","Date / Time handling for Gleam","['Apache-2.0']","https://github.com/massivefermion/birl","[]",80627,"2024-12-18T17:45:07.846Z","2022-12-22T17:28:19.135Z","2024-12-20T09:33:26.144Z"
"biscotto","https://hex.pm/packages/biscotto","A library for storing cookies in a jar and sending them with HTTP requests.","['MIT']","https://github.com/peonii/biscotto","[]",22,"2024-05-15T11:31:31.208Z","2024-05-15T11:31:28.236Z","2024-07-02T23:55:31.718Z"
"bison","https://hex.pm/packages/bison","BSON encoder and decoder for Gleam","['Apache-2.0']","https://github.com/massivefermion/bison","[]",1913,"2024-12-20T02:49:15.080Z","2023-10-05T15:21:33.757Z","2024-12-22T12:56:01.290Z"
"bitsandbobs","https://hex.pm/packages/bitsandbobs","A collection of functions for working with BitArray's in gleam","['Apache-2.0']","https://github.com/BradBot1/gleam_bitsandbobs","[]",28,"2024-10-27T22:45:14.040Z","2024-10-27T00:49:37.835Z","2024-10-30T02:15:56.689Z"
"blah","https://hex.pm/packages/blah","fake data generation for gleam","['Apache-2.0']","https://github.com/massivefermion/blah","[]",2140,"2024-12-19T16:08:01.065Z","2022-10-02T10:30:52.657Z","2024-12-21T16:23:28.304Z"
"blask","https://hex.pm/packages/blask","A UI component library for Lustre","['MIT']","https://github.com/loipesmas/blask","[]",72,"2024-11-24T12:28:06.582Z","2024-07-17T20:01:14.016Z","2024-11-27T07:04:30.135Z"
"bliss","https://hex.pm/packages/bliss","A micro web framework for Gleam","['MIT']","https://github.com/sporto/bliss","[]",193,"2022-05-11T12:11:39.748Z","2022-05-10T12:06:40.785Z","2024-07-03T02:23:04.093Z"
"boyer_moore","https://hex.pm/packages/boyer_moore","Boyer-Moore search algorithm for BitArrays and custom data structures","['MIT']","https://git.ahlcode.fi//nicd/boyer_moore","[]",14,"2025-02-02T07:29:48.565Z","2025-02-02T07:29:45.496Z","2025-02-04T10:43:30.195Z"
"bravo","https://hex.pm/packages/bravo","Comprehensive ETS bindings for Gleam.","['Apache-2.0']","https://github.com/Michael-Mark-Edu/bravo","[]",1306,"2024-06-14T09:11:13.496Z","2024-05-28T10:19:27.557Z","2024-07-02T23:38:58.886Z"
"bread","https://hex.pm/packages/bread","Bread","['Apache-2.0']","","[]",34,"2023-11-29T16:13:20.432Z","2023-11-29T16:13:18.097Z","2024-07-03T01:01:36.146Z"
"bright","https://hex.pm/packages/bright","Be bright. Derive data in your Lustre model.","['MIT']","https://github.com/ghivert/bright","[]",13919,"2025-04-01T15:52:05.466Z","2024-11-26T02:08:38.385Z","2025-04-04T05:14:45.445Z"
"brilo","https://hex.pm/packages/brilo","A collection of various functions missing in gleam_stdlib","['GPL-3.0-or-later']","https://github.com/l-x/brilo","[]",32,"2024-09-14T12:38:09.058Z","2024-09-13T08:29:42.903Z","2024-09-17T09:40:11.382Z"
"brioche","https://hex.pm/packages/brioche","Bun bindings for Gleam","['MIT']","https://github.com/ghivert/brioche","[]",32,"2025-03-21T12:00:41.732Z","2025-03-20T16:50:14.516Z","2025-03-23T14:55:19.323Z"
"bseal","https://hex.pm/packages/bseal","Generate short UUIDs","['Apache-2.0']","https://github.com/julywind168/bseal","[]",131,"2025-02-09T11:57:20.324Z","2024-11-08T03:28:25.377Z","2025-02-11T07:16:10.390Z"
"bucket","https://hex.pm/packages/bucket","Gleam S3 API client, suitable for AWS S3, Garage, Minio, Storj, Backblaze B2, Cloudflare R2, Ceph, Wasabi, and so on!","['Apache-2.0']","https://github.com/lpil/bucket","[]",80,"2024-12-07T23:00:30.471Z","2024-09-04T20:57:26.651Z","2024-12-10T13:19:03.371Z"
"bummer","https://hex.pm/packages/bummer","A Gleam client library for controlling intimate hardware","['GPL-2.0-or-later']","https://github.com/FrostyX/bummer","[]",26,"2024-12-27T13:35:19.441Z","2024-12-27T13:35:16.669Z","2024-12-30T16:08:29.736Z"
"bungibindies","https://hex.pm/packages/bungibindies","Gleam bindings to the Bun runtime API's.","['Apache-2.0']","https://github.com/strawmelonjuice/bungibindies","[]",455,"2025-01-31T22:16:20.716Z","2024-12-11T00:16:44.052Z","2025-02-03T14:08:16.750Z"
"bungle","https://hex.pm/packages/bungle","Bun bindings for Gleam, otherwise know as bungle!","['MIT']","https://github.com/joshgillies/bungle","[]",26,"2024-03-08T04:10:02.536Z","2024-03-08T04:09:59.534Z","2024-07-03T00:34:26.636Z"
"bytesize","https://hex.pm/packages/bytesize","Byte quantity handling and formatting in Gleam","['Apache-2.0']","https://github.com/wezm/gleam_bytesize","[]",34,"2024-04-28T06:30:38.063Z","2024-04-28T06:30:35.285Z","2024-07-03T00:03:14.399Z"
"cachmere","https://hex.pm/packages/cachmere","A caching solution for Gleam web apps, designed to be used with Wisp.","['Apache-2.0']","https://github.com/ross-byrne/cachmere","[]",366,"2025-02-22T15:06:14.261Z","2025-01-10T14:28:33.232Z","2025-02-25T10:38:00.535Z"
"cactus","https://hex.pm/packages/cactus","A tool for managing git lifecycle hooks with ✨ gleam! Pre commit, Pre push and more!","['MIT']","https://github.com/bwireman/cactus","[]",2449,"2025-01-20T17:54:47.687Z","2024-07-05T17:22:00.612Z","2025-01-23T00:24:33.694Z"
"cake","https://hex.pm/packages/cake","An SQL query builder for Gleam for SQL dialects 🐘PostgreSQL, 🪶SQLite, 🦭MariaDB, and 🐬MySQL","['MPL-2.0']","https://github.com/inoas/gleam-cake","[]",2924,"2025-04-03T18:56:40.346Z","2024-03-14T21:08:00.264Z","2025-04-07T05:21:30.691Z"
"cake_gleam_pgo","https://hex.pm/packages/cake_gleam_pgo","🎂Cake 🐘PostgreSQL adapter which passes PreparedStatements to the gleam_pgo library for execution written in Gleam.","['MPL-2.0']","https://github.com/inoas/gleam-cake-gleam_pgo","[]",73,"2024-11-14T20:06:43.547Z","2024-10-19T13:22:16.049Z","2024-11-18T17:57:33.669Z"
"cake_gmysql","https://hex.pm/packages/cake_gmysql","🎂Cake 🦭MariaDB and 🐬MySQL adapters which pass PreparedStatements to the gmysql library for execution written in Gleam.","['MPL-2.0']","https://github.com/inoas/gleam-cake-gmysql","[]",48,"2024-11-03T08:07:41.677Z","2024-10-19T14:15:59.552Z","2024-11-05T12:05:39.667Z"
"cake_pog","https://hex.pm/packages/cake_pog","🎂Cake 🐘PostgreSQL adapter which passes PreparedStatements to the pog library for execution written in Gleam.","['MPL-2.0']","https://github.com/inoas/gleam-cake-pog","[]",317,"2025-04-03T18:41:49.395Z","2024-11-14T20:02:02.872Z","2025-04-07T05:21:32.963Z"
"cake_shork","https://hex.pm/packages/cake_shork","🎂Cake 🦭MariaDB and 🐬MySQL adapters which pass PreparedStatements to the shork library for execution written in Gleam.","['MPL-2.0']","https://github.com/inoas/gleam-cake-shork","[]",76,"2025-04-03T18:36:27.560Z","2025-02-05T18:23:32.293Z","2025-04-07T05:21:34.052Z"
"cake_sqlight","https://hex.pm/packages/cake_sqlight","🎂Cake 🪶SQLite adapter which passes PreparedStatements to the sqlight library for execution written in Gleam.","['MPL-2.0']","https://github.com/inoas/gleam-cake-sqlight","[]",530,"2025-04-03T18:42:08.457Z","2024-10-19T13:21:50.019Z","2025-04-07T05:21:31.887Z"
"carotte","https://hex.pm/packages/carotte","A RabbitMQ client for Gleam","['MIT']","https://github.com/renatillas/carotte","[]",79,"2025-04-20T09:25:40.583Z","2025-02-17T23:28:19.973Z","2025-04-23T13:10:01.341Z"
"carpenter","https://hex.pm/packages/carpenter","Bindings for Erlang's ETS tables. Forked and updated from gts.","['MPL-2.0']","https://github.com/grottohub/carpenter","[]",2044,"2024-04-08T14:20:36.361Z","2024-03-29T03:00:50.153Z","2024-07-03T00:12:09.479Z"
"cat","https://hex.pm/packages/cat","Category Theory concepts in Gleam!","['Apache-2.0']","https://github.com/VSebastian8/cat","[]",122,"2025-02-20T10:38:17.641Z","2025-02-15T07:03:57.017Z","2025-02-22T10:34:00.913Z"
"category_theory","https://hex.pm/packages/category_theory","Category theory concepts in gleam.","['Apache-2.0']","https://github.com/VSebastian8/Category-Theory","[]",18,"2025-02-15T07:06:10.232Z","2025-02-13T20:58:30.451Z","2025-02-18T13:56:01.015Z"
"catppuccin","https://hex.pm/packages/catppuccin","P Soothing pastel library for Gleam","['MIT']","https://github.com/catppuccin/gleam","[]",1409,"2024-05-18T16:20:14.993Z","2024-04-18T14:56:17.623Z","2024-07-02T23:54:20.260Z"
"cave3dplus","https://hex.pm/packages/cave3dplus","Cave System, with arbitrary connectivity.","['LGPL-3.0']","","[]",128,"2023-01-30T10:45:42.697Z","2023-01-05T16:22:15.706Z","2024-07-03T01:53:45.695Z"
"cel","https://hex.pm/packages/cel","A CEL (Common Expression Language) parser and interpreter in pure Gleam","['Apache-2.0','MIT']","https://github.com/JonasHedEng/cel-gleam","[]",52,"2024-12-19T19:00:23.480Z","2024-12-10T23:02:25.841Z","2024-12-21T16:23:20.013Z"
"cgi","https://hex.pm/packages/cgi","Common Gateway Interface (CGI) in Gleam","['Apache-2.0']","https://github.com/lpil/cgi","[]",127,"2024-01-16T11:15:47.624Z","2023-12-28T13:58:14.788Z","2024-07-03T00:51:52.310Z"
"chatbot","https://hex.pm/packages/chatbot","a chatbot lib","['Apache-2.0']","","[]",35,"2024-03-13T00:36:23.974Z","2024-03-13T00:36:20.789Z","2024-07-03T00:32:25.028Z"
"check_maybe_div_by_zero","https://hex.pm/packages/check_maybe_div_by_zero","Checks gleam source code for potential division by zero in a hacky way :D","['Apache-2.0']","https://github.com/inoas/check_maybe_div_by_zero","[]",20,"2024-07-30T15:27:25.371Z","2024-07-30T15:25:22.229Z","2024-08-01T22:30:41.728Z"
"checkmark","https://hex.pm/packages/checkmark","Gleam markdown snippet validator","['Apache-2.0']","https://github.com/sbergen/checkmark","[]",80,"2024-11-24T22:16:11.860Z","2024-11-10T21:51:40.185Z","2024-11-27T07:04:22.326Z"
"chilli","https://hex.pm/packages/chilli","a shiny Gleam TCP/SSL server (forked from glisten)","['Apache-2.0']","https://github.com/mjwhodur/chilli","[]",14,"2024-08-28T14:35:12.683Z","2024-08-28T14:35:09.969Z","2024-08-30T11:51:34.647Z"
"chip","https://hex.pm/packages/chip","A Gleam registry library","['Apache-2.0']","https://github.com/chouzar/chip","[]",1657,"2024-12-14T02:09:32.098Z","2023-11-01T09:54:45.033Z","2024-12-16T23:23:02.931Z"
"chomp","https://hex.pm/packages/chomp","🍪 Lexer step + parser combinators + great error messages [nibble fork]","['Apache-2.0']","https://github.com/MystPi/chomp","[]",1373,"2024-12-31T19:50:49.769Z","2024-05-16T22:36:34.652Z","2025-01-05T05:42:39.741Z"
"chrobot","https://hex.pm/packages/chrobot","A browser automation tool and interface to the Chrome DevTools Protocol.","['MIT']","https://github.com/JonasGruenwald/chrobot","[]",1139,"2024-12-10T19:18:16.662Z","2024-05-15T15:34:59.761Z","2024-12-12T16:39:46.321Z"
"chromatic","https://hex.pm/packages/chromatic","Beautiful, expressive and composable color and text formatting for CLI in Gleam.","['MIT']","https://github.com/joshocalico/chromatic","[]",140,"2024-03-13T12:40:21.407Z","2024-03-13T12:40:18.793Z","2024-07-03T00:32:15.810Z"
"cigogne","https://hex.pm/packages/cigogne","Easily migrate your Postgres databases. In Gleam !","['MIT']","https://github.com/Billuc/cigogne","[]",415,"2025-04-30T15:51:53.790Z","2024-11-28T11:37:22.735Z","2025-05-02T23:58:24.066Z"
"clad","https://hex.pm/packages/clad","Command line argument decoders for Gleam","['MIT']","https://github.com/ryanmiville/clad","[]",282,"2024-12-30T20:06:49.706Z","2024-09-05T01:26:37.781Z","2025-01-03T22:52:25.977Z"
"clamav_client","https://hex.pm/packages/clamav_client","ClamAV client implementation in pure Gleam","['GPL-3.0-only']","","[]",54,"2024-12-23T21:23:37.974Z","2024-12-23T16:57:20.590Z","2024-12-27T05:57:00.492Z"
"classify","https://hex.pm/packages/classify","Classify Dynamics back into typed values","['Apache-2.0']","https://github.com/giacomocavalieri/classify","[]",55,"2024-06-05T06:46:26.902Z","2024-06-04T10:10:03.168Z","2024-07-02T23:45:12.166Z"
"cleam","https://hex.pm/packages/cleam","Cleam for clean Gleam. Detect unused exports.","['MIT']","https://github.com/darky/cleam","[]",1138,"2024-12-28T13:37:24.093Z","2024-04-06T21:40:34.215Z","2024-12-31T12:40:46.352Z"
"clip","https://hex.pm/packages/clip","A CLI option parser for Gleam","['MIT']","https://github.com/drewolson/clip","[]",4125,"2025-04-03T16:30:35.737Z","2024-09-12T14:21:15.674Z","2025-04-07T05:21:36.642Z"
"cloak_wrapper","https://hex.pm/packages/cloak_wrapper","Gleam wrapper for Cloak (Elixir)","['MIT']","https://github.com/bchase/cloak_wrapper","[]",14,"2024-12-06T08:10:16.244Z","2024-12-06T08:10:11.705Z","2024-12-08T09:58:33.220Z"
"clockwork","https://hex.pm/packages/clockwork","A cron expression utility library for Gleam","['MIT']","https://github.com/renatillas/clockwork","[]",103,"2025-02-28T21:27:15.035Z","2025-02-22T23:24:34.192Z","2025-03-04T07:22:44.300Z"
"cog","https://hex.pm/packages/cog","A package for performing code generation actions.","['MIT']","https://github.com/DanielleMaywood/cog","[]",176,"2025-03-21T23:55:07.817Z","2024-12-27T18:07:57.204Z","2025-03-25T08:10:17.904Z"
"collatz","https://hex.pm/packages/collatz","Functions Related to the Collatz/Syracuse/3n+1 Problem","['Apache-2.0']","https://github.com/Skenvy/Collatz","[]",98,"2024-03-29T10:14:50.484Z","2024-03-19T15:13:47.222Z","2024-07-03T00:17:44.311Z"
"colored","https://hex.pm/packages/colored","Simple CLI color library for gleam","['MIT']","https://github.com/dhruvdabhi101/colored","[]",133,"2024-03-13T16:37:29.775Z","2024-03-12T12:51:03.917Z","2024-07-03T00:32:08.547Z"
"colours","https://hex.pm/packages/colours","A Gleam library for adding colours in terminal outputs.","['MIT']","https://github.com/Willyboar/colours","[]",422,"2024-02-06T15:19:45.439Z","2021-04-09T16:08:31.226Z","2024-07-03T00:46:08.148Z"
"comet","https://hex.pm/packages/comet","Create a gleaming trail of application logs","['MIT']","https://github.com/bnprtr/comet","[]",381,"2024-05-04T21:44:26.325Z","2024-04-23T06:39:59.505Z","2024-07-03T00:00:37.132Z"
"commonmark","https://hex.pm/packages/commonmark","CommonMark implementation for Gleam, for the BEAM or JS","['MIT']","https://github.com/mscharley/gleam-commonmark","[]",195,"2024-06-24T14:58:41.725Z","2024-05-31T09:20:46.614Z","2024-07-02T23:30:30.993Z"
"conllu","https://hex.pm/packages/conllu","A gleam package to parse the CONLLU format","['Apache-2.0']","https://github.com/BrewingWeasel/conllu","[]",73,"2024-03-31T22:29:29.212Z","2024-03-31T21:54:15.418Z","2024-07-03T00:16:16.161Z"
"context_fp_gleam","https://hex.pm/packages/context_fp_gleam","Functional programming context for Gleam","['MIT']","https://github.com/darky/context-fp-gleam","[]",218,"2024-12-29T19:09:55.430Z","2024-03-30T12:41:34.881Z","2025-01-02T16:02:27.015Z"
"contour","https://hex.pm/packages/contour","A Gleam syntax highlighter in Gleam","['Apache-2.0']","https://github.com/lpil/contour","[]",92,"2025-04-01T11:52:51.907Z","2025-03-28T12:46:03.710Z","2025-04-03T18:56:20.634Z"
"conversation","https://hex.pm/packages/conversation","Gleam bindings for the standard JavaScript Request and Response APIs","['MIT']","https://github.com/MystPi/conversation","[]",29722,"2025-02-18T17:39:04.494Z","2024-01-11T22:42:49.717Z","2025-02-21T03:41:12.414Z"
"convert","https://hex.pm/packages/convert","Utilities to create encoders and decoders from basic and complex types","['Apache-2.0']","https://github.com/Billuc/convert","[]",104,"2024-12-28T14:16:29.557Z","2024-12-04T21:29:59.061Z","2024-12-31T22:57:25.439Z"
"convert_http_query","https://hex.pm/packages/convert_http_query","Encode and decode HTTP queries from/to Gleam types","['Apache-2.0']","https://github.com/Billuc/convert_http_query","[]",30,"2024-12-31T18:42:05.193Z","2024-12-31T18:42:02.515Z","2025-01-05T05:42:49.737Z"
"convert_json","https://hex.pm/packages/convert_json","Encode and decode JSON from and to Gleam types","['Apache-2.0']","https://github.com/Billuc/convert_json","[]",84,"2024-12-28T15:11:02.662Z","2024-12-04T21:52:34.899Z","2024-12-31T22:57:24.369Z"
"cors_builder","https://hex.pm/packages/cors_builder","A CORS Builder, performing validation and injection of CORS for misp, wisp and any framework!","['MIT']","https://github.com/ghivert/cors-builder","[]",21100,"2025-02-27T15:01:32.469Z","2024-04-24T11:00:21.596Z","2025-03-03T00:29:28.994Z"
"cosepo","https://hex.pm/packages/cosepo","A module for parsing, mutating, and serializing Content-Security-Policy directives.","['Apache-2.0']","https://github.com/jshawl/cosepo","[]",52,"2024-06-10T23:47:25.732Z","2024-06-10T11:30:58.740Z","2024-07-02T23:42:18.704Z"
"cosmos","https://hex.pm/packages/cosmos","A UI Library for the novdom frontend framework writte in Gleam. Focused on office application and customizability for the end user","['MIT']","https://gitlab.com/TobiasBinnewies/cosmos","[]",14,"2024-08-08T22:46:28.365Z","2024-08-08T22:46:25.550Z","2024-08-12T03:40:41.770Z"
"counter","https://hex.pm/packages/counter","A counter for Gleam - modeled after Python's `collections.Counter`.","['Apache-2.0']","https://github.com/JosephTLyons/counter","[]",122,"2024-10-17T08:21:28.987Z","2024-06-28T21:49:40.385Z","2024-10-18T23:40:02.055Z"
"crabbucket_pgo","https://hex.pm/packages/crabbucket_pgo","Gleam + Postgres token bucket rate limiting library","['Apache-2.0']","https://github.com/skinkade/crabbucket_pgo","[]",14,"2024-07-24T01:35:19.421Z","2024-07-24T01:35:16.736Z","2024-07-26T13:20:17.257Z"
"crabbucket_redis","https://hex.pm/packages/crabbucket_redis","Gleam + Redis token bucket rate limiting library","['Apache-2.0']","https://github.com/skinkade/crabbucket_redis","[]",10,"2024-07-21T16:03:38.885Z","2024-07-21T16:03:36.294Z","2024-07-24T20:14:07.325Z"
"crossbar","https://hex.pm/packages/crossbar","Experimental data validation library in pure Gleam","['Apache-2.0']","https://github.com/aosasona/crossbar","[]",320,"2024-02-19T13:14:44.104Z","2024-01-21T23:00:47.576Z","2024-07-03T00:42:35.244Z"
"css_select","https://hex.pm/packages/css_select","A CSS selector parser and evaluator","['MIT']","","[]",16,"2024-08-11T07:45:03.451Z","2024-08-11T07:45:00.737Z","2024-08-13T20:33:54.624Z"
"cuid2_gleam","https://hex.pm/packages/cuid2_gleam","Reimplementation of paralleldrive/cuid2 in Gleam!","['MIT']","https://github.com/fravan/cuid2_gleam","[]",18,"2025-03-11T19:30:56.040Z","2025-03-11T19:30:53.560Z","2025-03-14T14:31:57.025Z"
"cx","https://hex.pm/packages/cx","A library, written in Gleam, to help create data structures containing different data types and levels of nesting.","['MIT']","https://github.com/jasonprogrammer/cx","[]",88,"2024-09-03T04:32:49.047Z","2024-08-17T17:14:45.948Z","2024-09-05T11:04:09.570Z"
"cymbal","https://hex.pm/packages/cymbal","Build YAML in Gleam!","['Apache-2.0']","https://github.com/lpil/cymbal","[]",48,"2024-02-13T20:34:34.005Z","2024-02-13T20:30:19.460Z","2024-07-03T00:44:21.851Z"
"dag_json","https://hex.pm/packages/dag_json","Bindings to the js implementation of dag-json.","['Apache-2.0']","https://github.com/crowdhailer/dag_json","[]",34,"2025-02-13T08:01:18.120Z","2025-02-12T14:10:53.404Z","2025-02-17T07:03:53.510Z"
"dahlia","https://hex.pm/packages/dahlia","Dahlia  a simple text formatting package, inspired by the game Minecraft.","['WTFPL']","https://github.com/dahlia-lib/dahlia-gleam","[]",276,"2023-04-03T22:40:37.358Z","2023-03-05T23:42:08.259Z","2024-07-03T01:42:31.948Z"
"datastar","https://hex.pm/packages/datastar","Gleam bindings for https://data-star.dev/","['MIT']","https://github.com/sporto/gleam-datastar","[]",231,"2025-04-15T04:23:43.711Z","2025-02-25T04:05:29.031Z","2025-04-16T05:52:07.429Z"
"datastar_lustre","https://hex.pm/packages/datastar_lustre","Lustre bindings for Datastar","['MIT']","https://github.com/sporto/gleam-datastar","[]",48,"2025-04-22T11:31:52.977Z","2025-04-16T05:21:37.924Z","2025-04-25T06:24:48.411Z"
"datastar_wisp","https://hex.pm/packages/datastar_wisp","Wisp adaptor for Datastar","['MIT']","https://github.com/sporto/gleam-datastar","[]",160,"2025-04-15T04:36:58.655Z","2025-03-01T02:05:01.215Z","2025-04-16T05:52:06.235Z"
"dateformat","https://hex.pm/packages/dateformat","Date formatter extension for birl","['Apache-2.0']","https://github.com/pendletong/dateformat","[]",83,"2025-02-24T01:56:56.316Z","2024-09-12T21:31:23.060Z","2025-02-25T20:56:15.146Z"
"dbots","https://hex.pm/packages/dbots","A Gleam library","['Apache-2.0']","","[]",28,"2024-03-12T19:35:53.633Z","2024-03-12T19:35:51.259Z","2024-07-03T00:32:30.552Z"
"decepticon","https://hex.pm/packages/decepticon","StateT/Result in Gleam","['ISC']","https://github.com/abradley2/decepticon","[]",67,"2024-03-31T12:25:49.014Z","2024-03-31T12:24:04.458Z","2024-07-03T00:16:27.380Z"
"decipher","https://hex.pm/packages/decipher","A collection of handy gleam/dynamic decoders.","['MIT']","https://github.com/hayleigh-dot-dev/decipher","[]",8555,"2024-10-06T07:47:47.564Z","2024-04-28T01:53:07.888Z","2024-10-09T03:59:44.479Z"
"decode","https://hex.pm/packages/decode","Ergonomic dynamic decoders for Gleam!","['Apache-2.0']","https://github.com/lpil/decode","[]",24969,"2024-12-19T12:52:17.211Z","2024-06-29T21:52:48.167Z","2024-12-21T06:07:07.852Z"
"dedent","https://hex.pm/packages/dedent","Remove shared indentation from a string","['Apache-2.0']","https://github.com/MystPi/dedent","[]",64,"2024-04-20T17:26:46.588Z","2024-04-20T17:26:44.263Z","2024-07-03T00:06:43.208Z"
"defangle","https://hex.pm/packages/defangle","Defangle is a Gleam library for defanging URLs, Emails, and IP addresses making them safe to share.","['Apache-2.0']","https://github.com/brittonhayes/defangle","[]",122,"2024-03-19T06:01:16.048Z","2024-03-16T20:23:41.468Z","2024-07-03T00:23:50.642Z"
"defer_g","https://hex.pm/packages/defer_g","A simple library for adding defer functionality to gleam.","['Apache-2.0']","https://github.com/TrippleCCC/defer","[]",40,"2024-06-09T01:10:28.879Z","2024-06-09T01:06:03.094Z","2024-07-02T23:42:59.135Z"
"delay","https://hex.pm/packages/delay","A dead simple data-structure for delaying side effects","['MIT']","https://github.com/bwireman/delay","[]",583,"2024-10-12T17:11:12.561Z","2024-02-20T02:33:58.265Z","2024-10-14T17:11:28.196Z"
"delay_times","https://hex.pm/packages/delay_times","A Gleam library for working with delay times.","['Apache-2.0']","https://github.com/JosephTLyons/delay_times_gleam","[]",56,"2024-10-09T05:34:28.680Z","2024-10-08T01:53:59.414Z","2024-10-12T13:57:57.306Z"
"deriv","https://hex.pm/packages/deriv","Derive functions for your Gleam types","['MIT']","https://github.com/bchase/deriv","[]",214,"2025-04-08T08:41:36.114Z","2025-02-02T15:50:09.112Z","2025-04-10T15:46:12.408Z"
"dew","https://hex.pm/packages/dew","a glistening gleam web server","['Apache-2.0']","https://github.com/rawhat/dew","[]",309,"2022-04-19T12:35:08.296Z","2022-04-19T01:29:05.954Z","2024-07-03T02:25:04.469Z"
"diced","https://hex.pm/packages/diced","Simple algraeic dice notation parser for Gleam","['BSD-3-Clause']","https://codeberg.org/sheetr/diced","[]",18,"2024-12-01T20:18:39.996Z","2024-12-01T20:18:37.090Z","2024-12-04T13:34:43.365Z"
"differance","https://hex.pm/packages/differance","A difference list implementation in Gleam.","['MIT']","https://github.com/tttardigrado/differance","[]",8,"2025-03-05T22:03:43.233Z","2025-03-05T21:26:01.020Z","2025-03-06T21:09:37.870Z"
"dig","https://hex.pm/packages/dig","parse path expr as `dynamic.Decoder`","['MIT']","https://github.com/lost22git/dig","[]",66,"2024-03-31T01:21:31.163Z","2024-03-30T10:36:51.343Z","2024-07-03T00:17:06.984Z"
"dijkstra","https://hex.pm/packages/dijkstra","A versatile implementation of Dijkstra's shortest path algorithm for Gleam.","['Apache-2.0']","https://github.com/hraftery/gleam-dijkstra","[]",64,"2024-12-28T10:40:29.918Z","2024-12-28T08:52:02.435Z","2024-12-31T12:40:49.615Z"
"dime","https://hex.pm/packages/dime","A ISO-4217 currency library for Gleam","['Apache-2.0']","https://github.com/horvathandris/dime","[]",75,"2025-03-12T10:17:41.118Z","2024-09-29T15:34:52.160Z","2025-03-15T11:07:48.982Z"
"dinostore","https://hex.pm/packages/dinostore","Gleam bindings to the Deno.Kv database","['Apache-2.0']","https://github.com/MystPi/dinostore","[]",16,"2024-08-30T16:48:12.112Z","2024-08-30T16:48:09.352Z","2024-09-02T21:39:49.713Z"
"directories","https://hex.pm/packages/directories","A lightweight package to get standard locations of directories for temporary files, config, cache, etc.","['Apache-2.0']","https://github.com/ditherwither/directories","[]",61932,"2025-04-18T14:31:53.924Z","2024-08-21T18:28:51.496Z","2025-04-22T06:13:42.037Z"
"discord_gleam","https://hex.pm/packages/discord_gleam","discord_gleam is a library for making discord bots in gleam (basic commands only)","['MIT']","https://github.com/cyteon/discord_gleam","[]",435,"2025-04-14T07:17:31.944Z","2024-07-15T11:44:00.076Z","2025-04-16T05:53:34.569Z"
"dnalg","https://hex.pm/packages/dnalg","DNAlg is a DNA manipulation library written in Gleam. It can be used as a library for your own Gleam programs, or a command line program!","['MIT']","https://github.com/VoxelMC/dnalg-gleam","[]",56,"2024-11-08T07:54:51.914Z","2024-11-07T01:52:56.271Z","2024-11-11T11:38:10.666Z"
"domu","https://hex.pm/packages/domu","DOM library for Gleam","['Apache-2.0']","https://github.com/0918nobita/domu","[]",84,"2024-07-04T02:46:18.306Z","2024-06-29T07:29:34.115Z","2024-07-08T06:14:33.852Z"
"dot_env","https://hex.pm/packages/dot_env","Load and use environment variables from files","['Apache-2.0']","https://github.com/aosasona/dotenv","[]",10603,"2024-09-22T23:42:01.989Z","2023-10-29T00:55:01.365Z","2024-09-25T02:01:13.450Z"
"dotenv_conf","https://hex.pm/packages/dotenv_conf","Easy configurations from environment variables and .env files.","['MIT']","https://gitlab.com/amineco/dotenv_conf","[]",38,"2025-01-05T13:14:27.489Z","2025-01-03T04:59:35.927Z","2025-01-07T19:23:02.948Z"
"dotenv_gleam","https://hex.pm/packages/dotenv_gleam","dotenv for Gleam","['MIT']","https://github.com/Grubba27/dotenv_gleam","[]",1531,"2025-04-17T15:01:14.958Z","2023-10-25T01:27:17.769Z","2025-04-20T12:59:53.474Z"
"dove","https://hex.pm/packages/dove","HTTP client written in and for Gleam","['Apache-2.0']","https://github.com/massivefermion/dove","[]",568,"2023-11-24T13:10:33.231Z","2023-11-15T14:29:38.812Z","2024-07-03T01:02:20.887Z"
"ecoji","https://hex.pm/packages/ecoji","Base64 is so 1999, isn't there something better?","['Apache-2.0']","https://github.com/lpil/ecoji","[]",34,"2024-03-12T23:05:35.661Z","2024-03-12T23:03:50.879Z","2024-07-03T00:32:26.155Z"
"edit_distance","https://hex.pm/packages/edit_distance","A pure Gleam package to compute the edit distance of two strings","['Apache-2.0']","https://github.com/giacomocavalieri/edit_distance","[]",161,"2024-02-10T22:16:22.803Z","2023-07-23T16:23:53.949Z","2024-07-03T00:44:56.108Z"
"eensy","https://hex.pm/packages/eensy","Gleam framework for microprocessor-based embedded systems.","['Apache-2.0']","","[]",99,"2025-03-07T22:54:26.787Z","2024-10-01T04:49:25.530Z","2025-03-11T04:07:42.386Z"
"eensy_dev_tools","https://hex.pm/packages/eensy_dev_tools","Dev Tools for Eensy (Gleam framework for microprocessor-based embedded systems).","['Apache-2.0']","","[]",115,"2025-03-27T03:55:14.928Z","2024-10-01T04:50:08.228Z","2025-03-29T04:57:22.721Z"
"efetch","https://hex.pm/packages/efetch","A Gleam http client for Erlang and JavaScript tragets.","['MIT']","https://github.com/lv37/efetch","[]",380,"2024-12-15T16:06:19.158Z","2024-06-05T15:21:54.036Z","2024-12-18T06:12:33.096Z"
"effect","https://hex.pm/packages/effect","A small library for handling side effects! Particularly promises in Gleam. Inspired by Elm and Lustre's approach to effect handling.","['MIT']","https://github.com/ethanthoma/effect","[]",240,"2025-03-26T05:31:12.559Z","2025-02-02T20:26:34.239Z","2025-03-28T08:20:23.067Z"
"embeds","https://hex.pm/packages/embeds","Generate Gleam modules based on static assets and environment variables.","['BSD-3-Clause']","https://gitlab.com/arkandos/gleam-embeds","[]",88,"2024-12-08T12:22:09.756Z","2024-07-31T11:58:06.787Z","2024-12-10T23:35:05.928Z"
"emel","https://hex.pm/packages/emel","Turn data into functions in the Erlang ecosystem","['Apache-2.0']","https://github.com/mrdimosthenis/emel","[]",1512,"2024-09-26T22:35:09.440Z","2018-11-10T00:38:01.333Z","2024-09-29T18:40:20.714Z"
"emojis","https://hex.pm/packages/emojis","Work with emojis programmatically.","['Apache-2.0']","https://github.com/JosephTLyons/emojis","[]",30,"2025-03-16T23:02:49.575Z","2025-03-16T00:07:19.341Z","2025-03-18T21:30:50.477Z"
"envoy","https://hex.pm/packages/envoy","A zero dependency cross platform Gleam package for reading environment variables","['Apache-2.0']","https://github.com/lpil/envoy","[]",22512,"2024-10-24T10:22:40.928Z","2023-12-22T12:32:03.305Z","2024-10-26T16:14:12.365Z"
"esgleam","https://hex.pm/packages/esgleam","esbuild for Gleam","['Apache-2.0']","https://github.com/Enderchief/esgleam","[]",1242,"2025-02-21T21:53:48.773Z","2023-12-29T21:30:57.626Z","2025-02-25T10:38:15.853Z"
"espresso","https://hex.pm/packages/espresso","A simple gleam http server and router built on top of erlang cowboy","['MIT']","https://github.com/espresso-gleam/espresso","[]",698,"2023-07-17T00:20:43.827Z","2023-06-20T00:33:20.642Z","2024-07-03T01:27:20.603Z"
"espresso_pgo_wrapper","https://hex.pm/packages/espresso_pgo_wrapper","Simple wrapper around the espresso PGO tool","['MIT']","https://github.com/espresso-gleam/espresso_pgo_wrapper","[]",261,"2023-07-20T23:01:28.544Z","2023-06-23T01:47:50.752Z","2024-07-03T01:26:45.851Z"
"etf_js","https://hex.pm/packages/etf_js","Convert erlang ETF encoded binaries to (reasonable) JavaScript equivalents","['MIT']","https://github.com/arnu515/erlang-etf.js","[]",70,"2025-03-20T13:29:37.919Z","2025-03-13T12:11:42.275Z","2025-03-23T14:56:19.440Z"
"eval","https://hex.pm/packages/eval","A Gleam package to help you thread state through a series of steps.","['MIT']","https://github.com/hayleigh-dot-dev/gleam-eval","[]",237,"2024-06-29T10:16:10.484Z","2022-04-16T00:02:36.000Z","2024-07-02T23:24:22.319Z"
"event_hub","https://hex.pm/packages/event_hub","Event-Hub is a Gleam library that provides simple hubs with publishers and subscribers for event-driven observers. It supports asynchronous message handling and event notifications, decoupling components efficiently. It works on Erlang and JavaScript.","['MIT']","https://github.com/yerTools/event_hub","[]",52,"2024-05-24T06:10:26.274Z","2024-05-22T05:47:36.062Z","2024-07-02T23:51:47.658Z"
"eventsourcing","https://hex.pm/packages/eventsourcing","CQRS and Event Soucing in Gleam!","['MIT']","https://github.com/renatillas/eventsourcing","[]",645,"2025-03-01T11:56:20.774Z","2024-08-04T12:05:35.064Z","2025-03-04T07:22:32.423Z"
"eventsourcing_inmemory","https://hex.pm/packages/eventsourcing_inmemory","InMemory event store for the Eventsourcing library","['MIT']","https://github.com/renatillas/eventsourcing_inmemory","[]",69,"2025-03-01T11:40:15.152Z","2025-01-22T07:34:06.301Z","2025-03-04T07:22:33.491Z"
"eventsourcing_postgres","https://hex.pm/packages/eventsourcing_postgres","Postgres event store for the Eventsourcing library","['MIT']","https://github.com/renatillas/eventsourcing_postgres","[]",173,"2025-01-25T10:58:33.846Z","2024-08-05T08:59:51.813Z","2025-01-28T03:49:53.704Z"
"eventsourcing_sqlite","https://hex.pm/packages/eventsourcing_sqlite","Sqlite event store for the Eventsourcing library","['Apache-2.0']","https://github.com/renatillas/eventsourcing_sqlite","[]",101,"2025-01-24T23:12:47.836Z","2024-08-05T08:56:00.749Z","2025-01-27T17:32:02.253Z"
"exception","https://hex.pm/packages/exception","A tiny package for dealing with exceptions","['Apache-2.0']","https://github.com/lpil/exception","[]",11167,"2024-02-17T16:26:56.152Z","2023-08-11T18:57:33.772Z","2024-07-03T00:43:10.821Z"
"exercism_test_runner","https://hex.pm/packages/exercism_test_runner","A test framework for Gleam exercises on Exercism","['Apache-2.0']","https://github.com/exercism/gleam-test-runner","[]",8071,"2025-04-27T13:38:43.712Z","2023-06-24T11:19:48.694Z","2025-04-30T10:06:09.340Z"
"fabulous","https://hex.pm/packages/fabulous","A simple gleam library for creating tables based on columns and rows.","['MIT']","https://github.com/DeveloperSpoot/fabulous","[]",23,"2025-01-29T09:43:36.352Z","2025-01-29T09:30:55.207Z","2025-02-01T00:25:46.976Z"
"facet","https://hex.pm/packages/facet","A frontmatter parser for gleam.","['MIT']","https://git.sr.ht/~blu/facet","[]",92,"2024-11-15T05:14:45.712Z","2024-08-12T05:13:35.842Z","2024-11-18T17:57:10.873Z"
"facquest","https://hex.pm/packages/facquest","A smoother way to send HTTP requests in Gleam, an abstraction over Hackney - see the readme for important notes!","['Apache-2.0']","https://github.com/trulyao/facquest","[]",62,"2024-02-19T12:48:03.920Z","2023-12-29T21:29:19.901Z","2024-07-03T00:42:37.804Z"
"falala","https://hex.pm/packages/falala","FontAwesome utility functions for lustre","['Apache-2.0']","https://github.com/skinkade/falala","[]",10,"2024-07-14T20:56:49.166Z","2024-07-14T20:47:37.581Z","2024-07-17T14:42:11.936Z"
"falcon","https://hex.pm/packages/falcon","A smoother way to send HTTP requests in Gleam with Axios-like APIs","['Apache-2.0']","https://github.com/trulyao/falcon","[]",173,"2024-03-21T17:48:41.195Z","2023-12-29T22:07:16.045Z","2024-07-03T00:21:38.188Z"
"feather","https://hex.pm/packages/feather","A companion library to sqlight","['Apache-2.0']","https://github.com/VioletBuse/feather","[]",314,"2024-08-14T10:51:26.443Z","2024-06-26T18:58:32.035Z","2024-08-16T09:53:49.593Z"
"feature_flags","https://hex.pm/packages/feature_flags","Feature flags for Gleam","['Apache-2.0']","https://github.com/austinthecoder/gleam_feature_flags","[]",6,"2024-09-24T22:35:38.055Z","2024-09-24T22:35:34.591Z","2024-09-26T08:44:12.950Z"
"felix","https://hex.pm/packages/felix","Authentication via Passkey (WebAuthn/FIDO2)","['Apache-2.0']","https://github.com/crowdhailer/felix","[]",12,"2024-12-04T15:46:41.768Z","2024-12-04T15:46:38.979Z","2024-12-07T03:10:26.408Z"
"fetch_event","https://hex.pm/packages/fetch_event","WinterCG compatible interface for creating event-driven servers in Gleam","['MIT']","https://github.com/joshgillies/fetch_event","[]",22,"2024-03-13T12:17:36.464Z","2024-03-13T12:17:33.878Z","2024-07-03T00:32:17.091Z"
"ffmpeg","https://hex.pm/packages/ffmpeg","A ffmpeg wrapper for gleam","['Apache-2.0']","","[]",32,"2024-05-30T08:14:45.843Z","2024-05-30T08:14:43.389Z","2024-07-02T23:48:34.253Z"
"fibo","https://hex.pm/packages/fibo","a small lib that compute the fibonacci sequence for a given number","['GPL-3.0']","https://github.com/mJehanno/fibo","[]",26,"2024-03-18T16:38:55.601Z","2024-03-18T16:38:53.228Z","2024-07-03T00:24:03.315Z"
"file_streams","https://hex.pm/packages/file_streams","Gleam library for working with file streams.","['MIT']","https://github.com/richard-viney/file_streams","[]",11513,"2025-03-12T23:23:41.320Z","2024-02-24T07:46:21.617Z","2025-03-18T21:33:25.949Z"
"filepath","https://hex.pm/packages/filepath","Work with file paths in Gleam!","['Apache-2.0']","https://github.com/lpil/filepath","[]",136065,"2025-04-01T12:22:25.122Z","2023-11-11T16:25:07.765Z","2025-04-03T18:56:19.528Z"
"filespy","https://hex.pm/packages/filespy","Get notified of filesystem events in Gleam","['Apache-2.0']","https://github.com/pta2002/gleam-filespy","[]",16205,"2025-03-18T17:57:15.033Z","2023-10-21T14:41:43.487Z","2025-03-20T14:47:36.393Z"
"finch_gleam","https://hex.pm/packages/finch_gleam","Gleam wrapper for the Finch HTTP client","['MIT']","https://gitlab.com/Nicd/finch_gleam","[]",293,"2024-03-04T16:14:35.325Z","2023-02-17T20:30:41.711Z","2024-07-03T00:35:30.048Z"
"fireball","https://hex.pm/packages/fireball","A package for interfacing with a Google Firebase REST APIs.","['AGPL-3.0-or-later']","","[]",240,"2024-12-19T19:07:30.940Z","2024-11-25T05:17:31.562Z","2024-12-21T16:23:18.922Z"
"first_gleam_publish_package","https://hex.pm/packages/first_gleam_publish_package","The first library published with the Gleam build tool","['Apache-2.0']","","[]",5340,"2021-11-24T12:37:09.242Z","2021-10-24T16:05:05.860Z","2024-07-03T02:42:32.499Z"
"flash","https://hex.pm/packages/flash","Gleam package enabling structured logging in both Erlang and JavaScript environments","['BSD-2-Clause-Patent']","https://github.com/larzconwell/flash","[]",609,"2025-02-14T13:16:24.685Z","2024-03-05T14:01:31.792Z","2025-02-18T03:38:35.463Z"
"fluentci","https://hex.pm/packages/fluentci","Write CI/CD pipelines in Gleam","['MIT']","https://github.com/fluentci-io/fluentci-engine","[]",26,"2024-08-19T15:00:01.831Z","2024-08-15T15:21:58.739Z","2024-08-21T13:11:21.252Z"
"fluoresce","https://hex.pm/packages/fluoresce","A fun type-tetris Gleam library for algebraic effects, the Continuation monad, and classical logic types.","['MPL-2.0']","https://github.com/RyanBrewer317/fluoresce","[]",38,"2024-05-29T18:40:24.756Z","2024-05-28T22:39:13.396Z","2024-07-02T23:48:47.244Z"
"fmglee","https://hex.pm/packages/fmglee","A string formatting library for gleam","['MIT']","https://github.com/sam-kenney/fmglee","[]",252,"2025-01-12T02:12:56.984Z","2024-08-06T06:44:32.647Z","2025-01-15T07:19:26.120Z"
"fmt","https://hex.pm/packages/fmt","Type-safe (string) formatting for Gleam","['Apache-2.0','MIT']","https://github.com/mooreryan/gleam_fmt","[]",60,"2024-04-19T06:22:32.532Z","2024-04-19T06:22:30.205Z","2024-07-03T00:07:27.929Z"
"for_the_crows","https://hex.pm/packages/for_the_crows","An adaptation of 'For the Crown' game by Jeremy Lennert.","['Apache-2.0']","https://github.com/chouzar/crow","[]",762,"2024-09-20T01:53:17.552Z","2022-09-20T09:08:45.037Z","2024-09-23T09:03:50.574Z"
"form_coder","https://hex.pm/packages/form_coder","A Gleam library for encoding and decoding `x-www-form-urlencoded` data","['Apache-2.0']","https://github.com/J3RN/form_coder","[]",188,"2024-03-18T16:28:50.428Z","2022-02-13T03:44:22.390Z","2024-07-03T00:24:04.500Z"
"formal","https://hex.pm/packages/formal","Type safe HTML form decoding and validation!","['Apache-2.0']","https://github.com/lpil/formal","[]",255,"2024-08-26T20:36:40.737Z","2024-02-27T22:16:42.632Z","2024-08-29T05:11:11.010Z"
"format","https://hex.pm/packages/format","A Simple Gleam library for formatting strings.","['Apache-2.0']","https://github.com/ecampo12/format","[]",18,"2025-04-18T00:30:58.509Z","2025-04-18T00:30:55.963Z","2025-04-21T09:36:48.409Z"
"formz","https://hex.pm/packages/formz","Accessible, type safe form parsing and generating for Gleam","['Unlicense']","https://github.com/bentomas/formz","[]",314,"2025-02-07T20:59:27.055Z","2024-10-29T00:15:04.847Z","2025-02-10T20:59:42.755Z"
"formz_lustre","https://hex.pm/packages/formz_lustre","Lustre widgets and field definitions for the formz library.","['Unlicense']","https://github.com/bentomas/formz","[]",229,"2025-02-07T21:00:40.932Z","2024-10-30T23:21:36.524Z","2025-02-10T20:59:39.049Z"
"formz_nakai","https://hex.pm/packages/formz_nakai","Nakai widgets and field definitions for the formz library.","['Unlicense']","https://github.com/bentomas/formz","[]",247,"2025-02-07T21:00:06.278Z","2024-10-30T23:20:01.929Z","2025-02-10T20:59:40.274Z"
"formz_string","https://hex.pm/packages/formz_string","String widgets and field definitions for the formz library.","['Unlicense']","https://github.com/bentomas/formz","[]",220,"2025-02-07T20:59:45.280Z","2024-10-30T23:17:31.348Z","2025-02-10T20:59:41.500Z"
"fp","https://hex.pm/packages/fp","Haskell-style type classes and combinators.","['Apache-2.0']","","[]",52,"2023-03-12T20:13:45.307Z","2023-03-12T20:13:42.407Z","2024-07-03T01:45:43.214Z"
"fp2","https://hex.pm/packages/fp2","A porting of some parts of fp-ts to Gleam","['Apache-2.0']","https://github.com/lucasavila00/fp2","[]",56,"2022-08-18T04:14:41.863Z","2022-08-18T04:14:41.863Z","2024-07-03T02:13:15.753Z"
"fp2_gleam","https://hex.pm/packages/fp2_gleam","A porting of some parts of fp-ts to Gleam","['Apache-2.0']","https://github.com/lucasavila00/fp2","[]",51,"2022-08-18T04:15:50.041Z","2022-08-18T04:15:50.041Z","2024-07-03T02:13:14.646Z"
"fp_gl","https://hex.pm/packages/fp_gl","A porting of some parts of fp-ts to Gleam","['Apache-2.0']","https://github.com/lucasavila00/fp_gl","[]",74,"2022-08-18T04:17:14.802Z","2022-08-18T04:17:11.168Z","2024-07-03T02:13:13.540Z"
"frac","https://hex.pm/packages/frac","🧮 Fractions in Gleam","['Apache-2.0']","https://github.com/giacomocavalieri/frac","[]",60,"2024-11-22T20:22:46.707Z","2024-11-11T18:37:59.473Z","2024-11-26T10:33:20.919Z"
"franz","https://hex.pm/packages/franz","A Gleam library for interacting with Kafka","['MIT']","https://github.com/renatillas/franz","[]",149,"2025-02-13T13:33:14.985Z","2025-02-10T01:42:34.910Z","2025-02-17T07:03:46.868Z"
"fresnel","https://hex.pm/packages/fresnel","Make your actors shine","['Apache-2.0']","https://github.com/bnprtr/fresnel","[]",86,"2024-05-09T20:14:08.866Z","2024-04-22T16:06:33.411Z","2024-07-02T23:57:58.647Z"
"frontmatter","https://hex.pm/packages/frontmatter","Extract frontmatter from text documents!","['Apache-2.0']","https://github.com/lpil/frontmatter","[]",16,"2025-03-25T18:21:40.696Z","2025-03-25T18:21:37.989Z","2025-03-27T11:42:46.446Z"
"fswalk","https://hex.pm/packages/fswalk","Recursively iterate over the filesystem","['MIT']","https://github.com/cdaringe/fswalk","[]",1532,"2024-12-27T02:40:47.599Z","2024-01-18T01:56:44.896Z","2024-12-30T16:08:40.694Z"
"ftpasta","https://hex.pm/packages/ftpasta","Simple FTP client for Gleam.","['Apache-2.0']","https://codeberg.org/Deepfriedice/FTPasta","[]",34,"2024-11-09T17:18:23.375Z","2024-09-28T16:08:00.055Z","2024-11-12T08:07:51.752Z"
"functx","https://hex.pm/packages/functx","Tiny Gleam caching Context for your functions","['MIT']","https://github.com/darky/functx","[]",42,"2024-12-29T19:15:20.531Z","2024-06-18T18:00:21.689Z","2025-01-02T16:02:25.904Z"
"funsies","https://hex.pm/packages/funsies","A fun, friendly, and type-safe ORM for Gleam! Compose type-safe SQL queries, generate decoders and types from schemas, and with a fun CLI!","['Apache-2.0']","https://github.com/ashercn97/funsies","[]",78,"2024-10-07T20:50:09.532Z","2024-10-06T16:16:44.710Z","2024-10-10T20:59:00.089Z"
"funtil","https://hex.pm/packages/funtil","Handy utilities for better functional programming in Gleam!","['MIT']","https://github.com/hayleigh-dot-dev/gleam-lustre","[]",203,"2023-07-16T00:09:32.623Z","2023-07-16T00:06:15.377Z","2024-07-03T01:27:31.254Z"
"gacache","https://hex.pm/packages/gacache","A simple actor based cache for erlang environments in gleam","['Apache-2.0']","https://github.com/BradBot1/gleam_gacache","[]",788,"2025-01-06T13:06:35.186Z","2024-08-07T16:07:05.571Z","2025-01-09T02:13:27.593Z"
"galant","https://hex.pm/packages/galant","A Gleam library for styling string in the terminal with ANSI Escape Sequences","['Apache-2.0']","https://github.com/JohnBjrk/galant","[]",231,"2022-12-23T14:26:22.673Z","2022-12-22T19:34:48.459Z","2024-07-03T01:57:48.925Z"
"gap","https://hex.pm/packages/gap","A Gleam library for comparing strings/lists and producing a textual (styled) representation of the differences.","['Apache-2.0']","https://github.com/JohnBjrk/gap","[]",5045,"2024-03-16T21:40:27.793Z","2023-01-28T17:09:29.831Z","2024-07-03T00:25:33.818Z"
"garnet_tool","https://hex.pm/packages/garnet_tool","Compile gleam to single binary, via Deno and Bun. ","['MIT']","https://github.com/Comamoca/garnet","[]",176,"2024-09-30T03:47:02.518Z","2024-05-15T14:50:57.070Z","2024-10-02T18:21:20.021Z"
"gary","https://hex.pm/packages/gary","Gleam interface to Erlang sparse arrays","['Apache-2.0']","https://github.com/hunkyjimpjorps/gary","[]",216,"2024-12-10T18:42:40.248Z","2024-05-01T12:11:43.486Z","2024-12-12T16:39:48.742Z"
"gauth","https://hex.pm/packages/gauth","A modular first authentication base","['Apache-2.0']","https://github.com/BradBot1/gleam_gauth","[]",38,"2025-03-28T10:56:43.043Z","2025-03-27T15:19:46.264Z","2025-03-31T08:28:19.654Z"
"gauzy","https://hex.pm/packages/gauzy","gauzy is a Gleam library providing flexible implementations of probabilistic data structures","['Apache-2.0']","https://github.com/leonqadirie/gauzy","[]",56,"2025-04-26T12:20:14.061Z","2025-03-30T14:40:16.160Z","2025-04-29T13:28:37.760Z"
"gbase32_clockwork","https://hex.pm/packages/gbase32_clockwork","base32 clockwork in gleam","['Apache-2.0']","https://github.com/dropwhile/gbase32_clockwork","[]",96,"2024-10-26T19:51:20.336Z","2024-03-18T21:25:31.520Z","2024-10-29T05:45:05.201Z"
"gcalc","https://hex.pm/packages/gcalc","A pure gleam library for mathematical calculations.","['BSD-3-Clause']","https://github.com/korbexmachina/gcalc","[]",172,"2024-11-25T20:36:34.192Z","2024-03-15T18:58:24.812Z","2024-11-27T07:03:37.566Z"
"gchess","https://hex.pm/packages/gchess","A Gleam project","['MIT']","https://github.com/byusti/gchess","[]",248,"2024-05-23T17:11:59.886Z","2023-10-27T20:34:27.332Z","2024-07-02T23:51:56.590Z"
"gclog","https://hex.pm/packages/gclog","A simple Google Cloud Platform compliant logging library for Gleam!","['MIT']","https://github.com/sam-kenney/gclog","[]",18,"2024-12-05T15:13:20.198Z","2024-12-05T15:09:42.030Z","2024-12-08T09:59:07.379Z"
"gemo","https://hex.pm/packages/gemo","Simple and memory efficient memoization for JavaScript and Erlang.","['MIT']","https://github.com/lv37/gemo","[]",32,"2024-12-13T19:52:01.411Z","2024-12-13T19:23:09.925Z","2024-12-16T13:06:25.718Z"
"gemqtt","https://hex.pm/packages/gemqtt","Gleam wrapper of the emqx/emqtt client library","['Apache-2.0']","https://github.com/jhillyerd/gemqtt","[]",63,"2024-10-01T16:03:57.341Z","2024-03-19T20:39:16.822Z","2024-10-04T01:04:51.268Z"
"gen_core_erlang","https://hex.pm/packages/gen_core_erlang","Generate Core Erlang from Gleam (wraps the Erlang cerl compiler module)","['AGPL-3.0-or-later']","https://codeberg.org/kero/gleam_codegen","[]",94,"2024-01-09T17:04:46.061Z","2024-01-06T13:41:45.883Z","2024-07-03T00:53:26.240Z"
"gen_gleam","https://hex.pm/packages/gen_gleam","Generate Gleam code","['AGPL-3.0-or-later']","https://codeberg.org/kero/gen_gleam","[]",236,"2024-03-20T21:46:49.760Z","2024-01-22T08:22:08.299Z","2024-07-03T00:22:12.165Z"
"geny","https://hex.pm/packages/geny","Error handling library for gleam language","['MIT']","https://github.com/jedsek/geny","[]",28,"2024-05-22T16:18:06.490Z","2024-05-22T16:18:03.027Z","2024-07-02T23:52:20.080Z"
"germinal","https://hex.pm/packages/germinal","Gleam bindings to crossterm in Rust","['Apache-2.0','MIT']","https://github.com/onelone852/germinal","[]",44,"2024-03-28T06:32:44.446Z","2024-03-28T06:20:55.163Z","2024-07-03T00:18:15.346Z"
"gextra","https://hex.pm/packages/gextra","Extra QOL functions.","['MIT']","https://github.com/lv37/gextra","[]",48,"2024-12-20T17:58:02.732Z","2024-12-20T14:59:42.052Z","2024-12-24T06:02:18.149Z"
"ggleam","https://hex.pm/packages/ggleam","A gleam Wrapper for Git","['Apache-2.0']","","[]",8,"2024-07-16T17:06:03.462Z","2024-07-16T17:05:47.607Z","2024-07-18T21:19:11.469Z"
"gild","https://hex.pm/packages/gild","infrastructure as code","['MIT']","https://github.com/samifouad/gild","[]",43,"2024-07-16T03:50:33.436Z","2024-03-25T01:07:06.495Z","2024-07-18T11:06:51.025Z"
"gild_frontend","https://hex.pm/packages/gild_frontend","react client-side framework for gleam","['MIT']","https://github.com/samifouad/gild_frontend","[]",28,"2024-03-25T01:05:05.165Z","2024-03-25T01:05:02.481Z","2024-07-03T00:20:12.753Z"
"gip","https://hex.pm/packages/gip","Process ip's in js and erlang via gleam","['Apache-2.0']","https://github.com/BradBot1/gleam_gip","[]",16,"2024-08-07T00:20:38.665Z","2024-08-07T00:16:29.569Z","2024-08-09T04:10:06.262Z"
"github_sdk","https://hex.pm/packages/github_sdk","Gleam client for the github API","['Apache-2.0']","https://github.com/midas-framework/midas_sdk","[]",16,"2025-04-29T15:45:26.771Z","2025-04-29T15:45:16.640Z","2025-05-02T23:59:33.921Z"
"given","https://hex.pm/packages/given","👇 Ergonomic early returns (lazy guards) for Bool, Result and Option types as well as list membership checks in Gleam!","['MPL-2.0']","https://github.com/inoas/gleam-given","[]",1659,"2025-04-21T13:53:36.252Z","2024-12-14T16:37:38.580Z","2025-04-24T09:47:27.406Z"
"gjwt","https://hex.pm/packages/gjwt","A gleam abstraction to interact with erlang_jose for JWT's","['Apache-2.0']","https://github.com/BradBot1/gleam_gjwt","[]",92,"2024-10-21T22:24:22.417Z","2024-08-03T00:28:33.197Z","2024-10-24T02:41:01.250Z"
"gl","https://hex.pm/packages/gl","A library of extra functions for the standard Gleam libraries.","['Apache-2.0']","","[]",28,"2024-01-29T17:48:13.456Z","2024-01-29T17:48:10.928Z","2024-07-03T00:48:13.460Z"
"gl_wasm","https://hex.pm/packages/gl_wasm","Create binary WebAssembly modules in Gleam","['Apache-2.0']","https://github.com/gertvv/gl_wasm","[]",144,"2025-04-26T08:55:16.251Z","2025-01-05T13:11:30.526Z","2025-04-29T13:28:43.684Z"
"glace","https://hex.pm/packages/glace","An easy to use, high performance framework to quickly build APIs for the Gleam programming language","['Apache-2.0']","https://github.com/ramkarthik/glace","[]",23,"2025-01-30T04:41:25.940Z","2025-01-30T04:41:22.083Z","2025-02-02T07:17:06.318Z"
"glacier","https://hex.pm/packages/glacier","Glacier brings incremental interactive unit testing to Gleam. It is meant as a drop-in replacement for Gleeunit and depends on and wraps a fork of it.","['Apache-2.0']","https://github.com/inoas/glacier","[]",5154,"2025-04-28T19:53:03.734Z","2022-12-31T02:58:08.064Z","2025-05-01T17:02:34.757Z"
"glacier_gleeunit","https://hex.pm/packages/glacier_gleeunit","This is a fork of gleeunit that allows it to be called as a library/function with a list of test modules instead of just via CLI.","['Apache-2.0']","https://github.com/inoas/gleeunit","[]",6952,"2025-04-28T19:50:45.845Z","2023-01-08T17:27:07.720Z","2025-05-01T17:02:36.140Z"
"gladvent","https://hex.pm/packages/gladvent","An Advent Of Code runner for gleam","['Apache-2.0']","https://github.com/TanklesXL/gladvent","[]",2924,"2024-12-18T17:51:24.472Z","2022-02-02T21:47:39.088Z","2024-12-20T09:33:24.062Z"
"glailglind","https://hex.pm/packages/glailglind","Gleam modules and functions for installing and invoking TailwindCSS","['Apache-2.0']","https://github.com/okkdev/glailglind","[]",2612,"2025-03-09T15:21:11.090Z","2023-12-06T16:54:04.765Z","2025-03-12T00:43:33.748Z"
"glailwind_merge","https://hex.pm/packages/glailwind_merge","Utility function to efficiently merge Tailwind CSS classes in JS without style conflicts.","['MIT']","https://github.com/dinkelspiel/glailwind_merge","[]",26,"2024-10-19T14:58:07.233Z","2024-10-19T13:06:03.169Z","2024-10-22T09:40:04.842Z"
"glam","https://hex.pm/packages/glam","A package to help you easily pretty print structured data","['Apache-2.0']","https://github.com/giacomocavalieri/glam","[]",30502,"2025-02-11T09:49:13.524Z","2023-08-28T19:23:58.091Z","2025-02-13T00:26:10.780Z"
"glambda","https://hex.pm/packages/glambda","Write AWS Lambda functions in Gleam!","['MIT']","https://github.com/ryanmiville/glambda","[]",75,"2025-01-21T20:50:10.669Z","2024-10-25T16:21:19.737Z","2025-01-24T17:33:04.231Z"
"glame","https://hex.pm/packages/glame","A Source RCON Client implementation","['Apache-2.0']","https://github.com/bitcrshr/glame","[]",84,"2024-03-18T22:28:12.587Z","2024-03-18T22:00:54.739Z","2024-07-03T00:23:53.720Z"
"glaml","https://hex.pm/packages/glaml","A Gleam wrapper around yamerl that enables your app to read YAML.","['MIT']","https://github.com/katekyy/glaml","[]",534,"2025-02-11T06:28:40.984Z","2024-06-05T20:16:02.336Z","2025-02-13T10:43:57.775Z"
"glance","https://hex.pm/packages/glance","A Gleam source code parser, in Gleam!","['Apache-2.0']","https://github.com/lpil/glance","[]",23302,"2025-02-21T12:05:10.773Z","2023-05-12T21:45:10.948Z","2025-02-24T14:02:42.840Z"
"glance_printer","https://hex.pm/packages/glance_printer","A pretty_printer for the glance AST","['Apache-2.0']","https://github.com/bcpeinhardt/glance_printer","[]",435,"2025-01-30T19:11:13.800Z","2023-10-01T16:49:44.727Z","2025-02-02T17:34:20.167Z"
"glanoid","https://hex.pm/packages/glanoid","nanoid ported to gleam","['Apache-2.0']","https://github.com/0xca551e/glanoid","[]",63,"2024-04-12T10:41:33.539Z","2024-04-12T03:22:13.323Z","2024-07-03T00:09:54.648Z"
"glare","https://hex.pm/packages/glare","Bright Gleam Web Framework using SolidJS","['MIT']","https://github.com/Endercheif/glare","[]",264,"2024-05-18T22:40:19.604Z","2023-06-05T22:47:11.320Z","2024-07-02T23:54:17.903Z"
"glat","https://hex.pm/packages/glat","A featureful rational number type for Gleam.","['Apache-2.0','MIT']","https://codeberg.org/bobjoe12131/glat","[]",14,"2024-11-14T02:09:09.154Z","2024-11-14T02:02:29.702Z","2024-11-17T11:11:41.393Z"
"glatch","https://hex.pm/packages/glatch","Gleam type check using pattern matching","['MIT']","https://github.com/darky/glatch","[]",53,"2024-05-14T17:47:10.559Z","2024-05-13T16:18:55.847Z","2024-07-02T23:55:49.362Z"
"glats","https://hex.pm/packages/glats","A NATS client for Gleam.","['MIT']","https://github.com/arnarg/glats","[]",1066,"2024-12-23T09:03:09.391Z","2023-04-17T07:29:00.962Z","2024-12-27T05:57:15.143Z"
"glatus","https://hex.pm/packages/glatus","Gleam bindings to the API of the Gatus health check tool","['Apache-2.0']","https://github.com/lpil/glatus","[]",136,"2024-12-22T19:35:10.085Z","2023-11-10T13:40:38.056Z","2024-12-26T19:40:59.987Z"
"glbencode","https://hex.pm/packages/glbencode","Gleam-based implementation for handling Bencode data, a format used by the BitTorrent protocol. It includes modules for parsing raw Bencode data into an intermediate representation, encoding various data types into Bencode format, and decoding Bencode data into dynamic types. This repository is ideal for developers needing to work with Bencode data in Gleam, offering comprehensive tools for parsing, encoding, and decoding.","['Apache-2.0']","https://github.com/fr0stylo/glbencode","[]",19,"2025-01-29T20:31:01.724Z","2025-01-29T20:20:53.936Z","2025-02-01T10:42:47.674Z"
"glcode","https://hex.pm/packages/glcode","Gleam bindings to Erlang's code module","['Apache-2.0']","https://github.com/grodaus/glcode","[]",64,"2024-04-05T10:48:43.585Z","2024-03-27T07:37:48.395Z","2024-07-03T00:14:05.126Z"
"gleaf","https://hex.pm/packages/gleaf","Gleam apply function","['MIT']","https://github.com/darky/gleaf","[]",19,"2024-05-15T08:49:03.195Z","2024-05-14T19:56:56.584Z","2024-07-02T23:55:37.365Z"
"gleam","https://hex.pm/packages/gleam","Hello, world!","['Apache-2.0']","https://github.com/gleam-lang/gleam","[]",128,"2022-01-07T21:19:04.866Z","2022-01-07T21:19:01.821Z","2024-07-03T02:37:24.524Z"
"gleam_bbmustache","https://hex.pm/packages/gleam_bbmustache","Templates in Gleam using bbmustache","['Apache-2.0']","https://github.com/gleam-experiments/bbmustache","[]",670,"2024-01-18T12:27:32.892Z","2022-02-02T17:57:31.541Z","2024-07-03T00:51:01.807Z"
"gleam_bitwise","https://hex.pm/packages/gleam_bitwise","Bitwise operations on integers","['Apache-2.0']","https://github.com/gleam-lang/bitwise","[]",10872,"2023-11-06T18:23:51.719Z","2019-12-17T16:32:02.076Z","2024-07-03T01:07:36.068Z"
"gleam_bson","https://hex.pm/packages/gleam_bson","bson encoder and decoder for gleam","['Apache-2.0']","https://github.com/massivefermion/gleam_bson","[]",1680,"2023-10-05T15:23:23.322Z","2022-02-20T10:18:07.895Z","2024-07-03T01:14:09.846Z"
"gleam_community_ansi","https://hex.pm/packages/gleam_community_ansi","ANSI colours, formatting, and control codes","['Apache-2.0']","https://github.com/gleam-community/ansi","[]",56818,"2025-03-09T12:33:03.806Z","2022-12-28T20:00:39.047Z","2025-03-12T00:43:37.073Z"
"gleam_community_colour","https://hex.pm/packages/gleam_community_colour","Colour types, conversions, and other utilities","['Apache-2.0']","https://github.com/gleam-community/colour","[]",59160,"2025-03-09T10:59:32.067Z","2023-01-22T18:01:51.340Z","2025-03-11T14:24:56.752Z"
"gleam_community_maths","https://hex.pm/packages/gleam_community_maths","A basic maths library","['Apache-2.0']","https://github.com/gleam-community/maths","[]",2219,"2025-04-03T22:48:02.994Z","2023-09-18T08:14:26.652Z","2025-04-07T15:39:43.969Z"
"gleam_community_path","https://hex.pm/packages/gleam_community_path","Path parsing and manipulation","['Apache-2.0']","https://github.com/gleam-community/path","[]",331,"2023-11-10T02:48:40.939Z","2023-11-10T02:48:38.583Z","2024-07-03T01:06:13.068Z"
"gleam_cors","https://hex.pm/packages/gleam_cors","A CORS middleware for Gleam","['MIT']","https://github.com/megapctr/gleam_cors","[]",220,"2024-01-31T22:13:43.719Z","2022-02-27T10:03:00.139Z","2024-07-03T00:47:56.774Z"
"gleam_cowboy","https://hex.pm/packages/gleam_cowboy","Run Gleam HTTP services with the Cowboy web server","['Apache-2.0']","https://github.com/gleam-lang/cowboy","[]",3200,"2024-12-08T11:51:25.347Z","2020-08-22T10:21:30.519Z","2024-12-10T23:35:08.356Z"
"gleam_cowboy_websockets","https://hex.pm/packages/gleam_cowboy_websockets","An expermimental Gleam library for playing with Cowboy websockets","['MIT']","https://github.com/vstreame/gleam_cowboy_websockets","[]",72,"2022-04-04T00:34:44.588Z","2022-04-04T00:34:41.253Z","2024-07-03T02:26:28.181Z"
"gleam_crypto","https://hex.pm/packages/gleam_crypto","A Gleam cryptography library supporting Erlang and JavaScript","['Apache-2.0']","https://github.com/gleam-lang/crypto","[]",119038,"2025-03-29T13:37:56.485Z","2020-06-30T16:19:28.126Z","2025-04-01T15:23:45.749Z"
"gleam_deno","https://hex.pm/packages/gleam_deno","Nothing here yet...","['Apache-2.0']","https://github.com/gleam-lang/gleam","[]",1006,"2023-01-19T15:10:06.275Z","2023-01-19T15:10:05.439Z","2024-07-03T01:54:48.307Z"
"gleam_deque","https://hex.pm/packages/gleam_deque","A double-ended queue data structure","['Apache-2.0']","https://github.com/gleam-lang/deque","[]",32,"2024-11-21T12:46:20.527Z","2024-11-20T18:14:23.571Z","2024-11-25T14:02:53.575Z"
"gleam_dotenv","https://hex.pm/packages/gleam_dotenv","dotenv for Gleam","['MIT']","https://github.com/Grubba27/gleam_dotenv","[]",100,"2023-10-25T01:35:16.818Z","2023-10-25T01:10:06.115Z","2024-07-03T01:10:58.129Z"
"gleam_elli","https://hex.pm/packages/gleam_elli","Run Gleam HTTP services with the Elli web server","['Apache-2.0']","https://github.com/gleam-lang/elli","[]",4461,"2024-11-19T17:35:42.779Z","2020-08-22T10:33:02.729Z","2024-11-21T07:29:43.627Z"
"gleam_email","https://hex.pm/packages/gleam_email","A Gleam library...","['Apache-2.0']","","[]",60,"2022-02-08T22:35:10.398Z","2022-02-08T22:35:07.013Z","2024-07-03T02:33:34.443Z"
"gleam_erlang","https://hex.pm/packages/gleam_erlang","A Gleam library for working with Erlang","['Apache-2.0']","https://github.com/gleam-lang/erlang","[]",283806,"2025-04-24T20:34:39.976Z","2021-09-11T19:07:00.441Z","2025-04-28T16:52:12.747Z"
"gleam_erlexec","https://hex.pm/packages/gleam_erlexec","A wrapper for erlexec","['Apache-2.0']","https://github.com/manveru/gleam_erlexec","[]",73,"2024-03-22T21:28:15.659Z","2022-09-09T21:57:04.367Z","2024-07-03T00:21:10.695Z"
"gleam_fetch","https://hex.pm/packages/gleam_fetch","Make HTTP requests in Gleam JavaScript with Fetch","['Apache-2.0']","https://github.com/gleam-lang/fetch","[]",46393,"2025-03-29T11:36:29.372Z","2022-12-29T16:49:00.877Z","2025-04-01T15:23:49.270Z"
"gleam_gun","https://hex.pm/packages/gleam_gun","Gleam bindings to gun, the HTTP/1.1, HTTP/2 and Websocket client","['Apache-2.0']","https://github.com/gilevskaya/gleam_gun","[]",242,"2024-02-04T01:07:40.992Z","2022-12-20T22:03:28.913Z","2024-07-03T00:47:08.881Z"
"gleam_hackney","https://hex.pm/packages/gleam_hackney","Gleam bindings to the Hackney HTTP client","['Apache-2.0']","https://github.com/gleam-lang/hackney","[]",21867,"2025-02-06T11:52:28.788Z","2021-12-26T16:23:23.629Z","2025-02-08T17:34:16.694Z"
"gleam_hexpm","https://hex.pm/packages/gleam_hexpm","Gleam dynamic decoders for the API of Hex, the package manager for the BEAM ecosystem.","['Apache-2.0']","https://github.com/gleam-lang/hexpm","[]",6690,"2025-04-05T22:26:22.288Z","2023-05-01T16:32:34.080Z","2025-04-08T12:15:32.548Z"
"gleam_html","https://hex.pm/packages/gleam_html","Nothing here yet...","['Apache-2.0']","","[]",60,"2022-05-20T15:32:44.414Z","2022-05-20T15:32:41.471Z","2024-07-03T02:21:53.561Z"
"gleam_http","https://hex.pm/packages/gleam_http","Types and functions for Gleam HTTP clients and servers","['Apache-2.0']","https://github.com/gleam-lang/http","[]",121248,"2025-02-06T11:28:29.279Z","2020-06-30T15:17:15.353Z","2025-02-08T17:34:22.426Z"
"gleam_httpc","https://hex.pm/packages/gleam_httpc","Gleam bindings to Erlang's built in HTTP client, httpc","['Apache-2.0']","https://github.com/gleam-lang/httpc","[]",54434,"2025-02-08T14:47:03.035Z","2020-06-30T15:18:55.836Z","2025-02-11T07:16:58.361Z"
"gleam_javascript","https://hex.pm/packages/gleam_javascript","Work with JavaScript types and values in Gleam, including promises!","['Apache-2.0']","https://github.com/gleam-lang/javascript","[]",76432,"2025-02-03T12:45:17.747Z","2022-01-11T20:21:18.639Z","2025-02-05T07:18:46.070Z"
"gleam_json","https://hex.pm/packages/gleam_json","Work with JSON in Gleam","['Apache-2.0']","https://github.com/gleam-lang/json","[]",115518,"2025-01-04T12:33:50.670Z","2020-07-30T08:58:03.870Z","2025-01-07T09:06:36.426Z"
"gleam_module_javascript_test","https://hex.pm/packages/gleam_module_javascript_test","A Gleam project","['WTFPL']","","[]",114,"2023-04-16T18:31:19.036Z","2023-04-09T23:52:03.344Z","2024-07-03T01:40:41.458Z"
"gleam_mongo","https://hex.pm/packages/gleam_mongo","A mongodb driver for gleam","['Apache-2.0']","https://github.com/massivefermion/gleam_mongo","[]",1384,"2023-10-05T16:06:19.636Z","2022-02-27T04:09:08.245Z","2024-07-03T01:14:07.408Z"
"gleam_nodejs","https://hex.pm/packages/gleam_nodejs","Nothing here yet...","['Apache-2.0']","https://github.com/gleam-lang/gleam","[]",1004,"2023-01-19T15:10:22.295Z","2023-01-19T15:10:21.577Z","2024-07-03T01:54:47.204Z"
"gleam_os_mon","https://hex.pm/packages/gleam_os_mon","A wrapper for the os_mon functionality","['Apache-2.0']","https://github.com/manveru/gleam_os_mon","[]",64,"2022-09-03T12:12:26.376Z","2022-09-03T12:12:22.083Z","2024-07-03T02:11:02.138Z"
"gleam_otp","https://hex.pm/packages/gleam_otp","Fault tolerant multicore Gleam programs with OTP","['Apache-2.0']","https://github.com/gleam-lang/otp","[]",148335,"2025-01-20T14:01:49.526Z","2020-08-20T11:26:53.307Z","2025-01-22T14:06:49.042Z"
"gleam_package_interface","https://hex.pm/packages/gleam_package_interface","Work with Gleam's package interfaces","['Apache-2.0']","https://github.com/gleam-lang/package-interface-decoder","[]",15892,"2024-12-22T22:19:55.688Z","2024-02-29T11:59:11.461Z","2024-12-27T05:57:31.563Z"
"gleam_pgo","https://hex.pm/packages/gleam_pgo","Gleam bindings to the PGO PostgreSQL client","['Apache-2.0']","https://github.com/gleam-experiments/pgo","[]",22034,"2024-11-12T12:22:13.790Z","2020-08-24T19:42:46.641Z","2024-11-14T21:40:18.429Z"
"gleam_qs","https://hex.pm/packages/gleam_qs","Parse and encode URL query strings","['MIT']","https://github.com/sporto/gleam_qs","[]",109,"2023-05-03T23:19:31.543Z","2021-05-19T09:37:30.374Z","2024-07-03T01:37:56.670Z"
"gleam_regexp","https://hex.pm/packages/gleam_regexp","Regular expressions in Gleam!","['Apache-2.0']","https://github.com/gleam-lang/regexp","[]",57282,"2025-04-06T09:34:02.165Z","2024-11-25T17:54:24.010Z","2025-04-08T12:15:26.061Z"
"gleam_retry","https://hex.pm/packages/gleam_retry","Retry code that can fail.","['Apache-2.0']","https://github.com/JosephTLyons/retry","[]",34,"2024-11-26T09:51:38.147Z","2024-11-25T06:35:07.171Z","2024-11-27T17:20:15.578Z"
"gleam_sendgrid","https://hex.pm/packages/gleam_sendgrid","Send emails from Gleam with SendGrid","['Apache-2.0']","https://github.com/lpil/gleam_sendgrid","[]",185,"2023-11-06T13:10:59.847Z","2022-02-09T22:10:15.288Z","2024-07-03T01:07:45.130Z"
"gleam_stats","https://hex.pm/packages/gleam_stats","A Gleam mathematics and statistics library.","['MIT']","https://github.com/nicklasxyz/gleam_stats","[]",381,"2022-07-03T10:39:31.070Z","2021-05-14T21:01:44.828Z","2024-07-03T02:17:51.029Z"
"gleam_stdlib","https://hex.pm/packages/gleam_stdlib","A standard library for the Gleam programming language","['Apache-2.0']","https://github.com/gleam-lang/stdlib","[]",505027,"2025-04-07T14:05:42.144Z","2019-05-11T19:28:05.343Z","2025-04-09T19:09:33.358Z"
"gleam_synapses","https://hex.pm/packages/gleam_synapses","A plug-and-play library for neural networks written in Gleam","['Apache-2.0']","https://github.com/mrdimosthenis/gleam_synapses","[]",294,"2024-09-26T17:03:28.111Z","2021-03-19T11:28:26.571Z","2024-09-29T08:25:50.054Z"
"gleam_tailwind","https://hex.pm/packages/gleam_tailwind","Gleam modules and functions for installing and invoking TailwindCSS","['Apache-2.0']","https://github.com/okkdev/gleam_tailwind","[]",32,"2023-12-06T16:55:26.967Z","2023-11-29T09:46:25.115Z","2024-07-03T01:00:05.324Z"
"gleam_tcp","https://hex.pm/packages/gleam_tcp","A Gleam library...","['Apache-2.0']","","[]",64,"2022-02-08T22:33:07.638Z","2022-02-08T22:33:02.012Z","2024-07-03T02:33:35.647Z"
"gleam_test","https://hex.pm/packages/gleam_test","A Gleam library...","['Apache-2.0']","","[]",64,"2022-02-08T22:20:10.423Z","2022-02-08T22:20:07.291Z","2024-07-03T02:33:36.754Z"
"gleam_time","https://hex.pm/packages/gleam_time","Work with time in Gleam!","['Apache-2.0']","https://github.com/gleam-lang/time","[]",20777,"2025-04-20T18:47:37.413Z","2025-02-03T21:09:08.535Z","2025-04-23T13:09:52.579Z"
"gleam_toml","https://hex.pm/packages/gleam_toml","Nothing here yet...","['Apache-2.0']","","[]",65,"2022-05-20T15:39:31.848Z","2022-05-20T15:39:28.686Z","2024-07-03T02:21:52.453Z"
"gleam_xml","https://hex.pm/packages/gleam_xml","Nothing to see here yet!","['Apache-2.0']","","[]",57,"2022-03-01T18:11:25.410Z","2022-03-01T18:11:22.255Z","2024-07-03T02:30:36.457Z"
"gleam_yaml","https://hex.pm/packages/gleam_yaml","A YAML parser for Gleam","['MIT']","","[]",31,"2024-03-18T17:24:07.112Z","2024-03-18T17:24:04.828Z","2024-07-03T00:24:02.192Z"
"gleam_yielder","https://hex.pm/packages/gleam_yielder","Unfold values on-demand from a function","['Apache-2.0']","https://github.com/gleam-lang/yielder","[]",1237,"2024-12-07T16:17:59.266Z","2024-11-20T19:19:23.968Z","2024-12-10T03:03:19.398Z"
"gleam_zlists","https://hex.pm/packages/gleam_zlists","A library for working with lazy lists in Gleam","['Apache-2.0']","https://github.com/mrdimosthenis/gleam_zlists","[]",425,"2024-09-26T16:08:41.518Z","2021-02-26T10:48:27.326Z","2024-09-28T22:11:14.431Z"
"gleambox","https://hex.pm/packages/gleambox","WIP mbox parser in Gleam","['LGPL-3.0-only']","https://git.bhankas.org//payas/gleambox","[]",216,"2024-07-20T15:31:52.600Z","2024-03-23T16:46:21.717Z","2024-07-24T10:01:20.351Z"
"gleameter","https://hex.pm/packages/gleameter","An implementation of the International System of Units (SI) in Gleam","['MIT']","https://github.com/theonlytails/gleameter","[]",24,"2024-11-25T17:54:57.033Z","2024-11-25T15:09:25.553Z","2024-11-27T07:03:46.823Z"
"gleamgen","https://hex.pm/packages/gleamgen","Type-safe gleam codegen (in gleam!)","['Apache-2.0']","https://github.com/Brewingweasel/gleamgen","[]",298,"2025-02-14T07:49:47.419Z","2024-11-11T23:50:38.474Z","2025-02-17T17:20:40.727Z"
"gleamix","https://hex.pm/packages/gleamix","I have pushed an almost empty package because I was building a gleam MVC framework and did not know about hex TOS. I have reported this to the hex.pm team to ask for the package to be removed, and the name to be freed, but they have not responded yet. If you are interested in this package name on hex.pm, drop me a line and I will transfer it to you.","['Apache-2.0']","","[]",50,"2024-06-27T11:39:43.011Z","2024-03-14T21:17:02.782Z","2024-07-02T23:26:15.692Z"
"gleamlz_string","https://hex.pm/packages/gleamlz_string","Gleam implementation of the JavaScript lz-string library","['Apache-2.0']","https://github.com/eelmafia/gleamlz_string","[]",22,"2024-10-03T23:45:52.826Z","2024-10-03T19:43:58.879Z","2024-10-06T04:17:23.629Z"
"gleamoire","https://hex.pm/packages/gleamoire","A handy grimoire for gleam! Get documentation for your fave packages directly in the terminal.","['Apache-2.0']","https://github.com/GearsDatapacks/gleamoire","[]",12,"2025-03-09T17:28:54.135Z","2025-03-09T17:28:51.512Z","2025-03-12T00:43:32.597Z"
"gleamql","https://hex.pm/packages/gleamql","A Simple Graphql Client Written In Gleam (","['Apache-2.0']","https://github.com/cobbinma/gleamql","[]",387,"2023-12-12T16:39:06.966Z","2023-01-28T16:26:07.035Z","2024-07-03T00:59:09.331Z"
"gleamrpc","https://hex.pm/packages/gleamrpc","Remote Procedure Calls in Gleam","['Apache-2.0']","https://github.com/Billuc/gleamrpc","[]",260,"2025-01-10T09:40:28.417Z","2024-12-22T13:30:51.757Z","2025-01-13T14:11:45.943Z"
"gleamrpc_http_client","https://hex.pm/packages/gleamrpc_http_client","HTTP Client for GleamRPC","['Apache-2.0']","https://github.com/Billuc/gleamrpc_http_client","[]",60,"2025-01-10T10:07:47.164Z","2025-01-01T14:13:31.710Z","2025-01-13T14:11:41.503Z"
"gleamrpc_http_server","https://hex.pm/packages/gleamrpc_http_server","HTTP server for GleamRPC","['Apache-2.0']","https://github.com/Billuc/gleamrpc_http_server","[]",66,"2025-01-10T11:48:17.559Z","2025-01-05T15:29:13.873Z","2025-01-14T00:28:51.001Z"
"gleamstar","https://hex.pm/packages/gleamstar","The A* search algorithm implemented in gleam","['MIT']","https://github.com/dinkelspiel/gleamstar","[]",34,"2024-11-29T16:48:25.604Z","2024-11-29T14:15:13.835Z","2024-12-03T06:46:32.623Z"
"gleamstral","https://hex.pm/packages/gleamstral","A Gleam client for the Mistral AI API","['MIT']","https://github.com/Neofox/gleamstral","[]",62,"2025-03-08T08:31:13.461Z","2025-03-04T07:06:16.623Z","2025-03-11T14:25:30.785Z"
"gleamsver","https://hex.pm/packages/gleamsver","Comprehensive set of native Gleam utilities for handling SemVer 2.0.0 version strings.","['MIT']","https://github.com/aznashwan/gleamsver","[]",847,"2024-07-08T10:16:23.035Z","2024-05-20T20:24:00.621Z","2024-07-10T09:13:07.320Z"
"gleamy_bench","https://hex.pm/packages/gleamy_bench","A library for benchmarking gleam code.","['Apache-2.0']","https://github.com/schurhammer/gleamy_bench","[]",682,"2025-02-17T22:30:55.171Z","2023-11-01T22:56:36.847Z","2025-02-20T07:05:57.619Z"
"gleamy_lights","https://hex.pm/packages/gleamy_lights","Colored terminal output for Gleam.","['Apache-2.0']","https://github.com/strawmelonjuice/gleamy_lights","[]",484,"2024-11-27T21:35:54.124Z","2024-09-21T16:49:25.407Z","2024-12-01T03:27:32.659Z"
"gleamy_structures","https://hex.pm/packages/gleamy_structures","Data structures in pure Gleam! Including tree, heap, non empty list, map, set, and priority queue.","['Apache-2.0']","https://github.com/schurhammer/gleamy_structures","[]",754,"2024-12-10T02:14:42.353Z","2023-05-26T06:23:08.547Z","2024-12-11T20:06:31.289Z"
"gleamyshell","https://hex.pm/packages/gleamyshell","A cross-platform Gleam library for executing shell commands.","['MIT']","","[]",1310,"2024-10-17T19:41:03.667Z","2024-05-26T18:32:58.679Z","2024-10-20T06:25:25.846Z"
"gleanix","https://hex.pm/packages/gleanix","I have pushed an almost empty package because I was building a gleam MVC framework and did not know about hex TOS. I have reported this to the hex.pm team to ask for the package to be removed, and the name to be freed, but they have not responded yet. If you are interested in this package name on hex.pm, drop me a line and I will transfer it to you.","['Apache-2.0']","","[]",48,"2024-06-27T11:39:32.531Z","2024-03-14T21:16:21.009Z","2024-07-02T23:26:16.895Z"
"glearray","https://hex.pm/packages/glearray","Immutable arrays for Gleam","['Apache-2.0']","https://github.com/lunagl/glearray","[]",27961,"2025-04-11T18:38:27.555Z","2023-12-11T21:31:02.108Z","2025-04-16T05:54:31.351Z"
"gleastsq","https://hex.pm/packages/gleastsq","A least squares curve fitting library for Gleam.","['Apache-2.0']","https://github.com/lucaspellegrinelli/gleastsq","[]",170,"2024-06-25T19:08:31.340Z","2024-06-21T17:49:00.318Z","2024-07-02T23:28:53.123Z"
"gleatfy","https://hex.pm/packages/gleatfy","A Gleam client for the ntfy push notification API","['GPL-3.0-or-later']","https://github.com/l-x/gleatfy","[]",20,"2024-10-01T08:39:06.681Z","2024-10-01T08:29:41.434Z","2024-10-04T01:05:05.907Z"
"gleative","https://hex.pm/packages/gleative"," Compile your gleam projects into a native executable using deno.","['GPL-3.0']","","[]",36,"2024-06-03T18:00:04.478Z","2024-06-03T16:52:46.576Z","2024-07-02T23:45:55.111Z"
"gleatter","https://hex.pm/packages/gleatter","Typed route definitions for seamless fullstack development !","['Apache-2.0']","https://github.com/Billuc/gleatter","[]",68,"2024-12-22T08:06:59.031Z","2024-12-12T18:41:24.924Z","2024-12-26T09:24:12.776Z"
"gleatter_lustre","https://hex.pm/packages/gleatter_lustre","Interface for Lustre to use Gleatter's typed routes","['Apache-2.0']","https://github.com/Billuc/gleatter_lustre","[]",8,"2024-12-12T21:36:22.982Z","2024-12-12T21:36:20.430Z","2024-12-14T20:02:01.485Z"
"gleave","https://hex.pm/packages/gleave","Exit your Gleam CLI program with a status code","['WTFPL']","","[]",57,"2024-11-30T20:57:27.226Z","2024-11-10T20:26:13.120Z","2024-12-03T17:02:29.396Z"
"gleb128","https://hex.pm/packages/gleb128","GLEB128 is a small Gleam library that provides functions for encoding and decoding LEB128 (Little Endian Base 128) integers.","['MIT']","https://github.com/BrendoCosta/gleb128","[]",316,"2025-03-15T01:05:46.734Z","2024-07-19T19:54:03.863Z","2025-03-18T21:32:05.126Z"
"glebs","https://hex.pm/packages/glebs","An OAuth PKCE helper for Gleam in Browser. You can easily use this with lustre.","['Apache-2.0']","https://github.com/andho/glebs","[]",139,"2025-03-27T20:40:46.753Z","2024-11-29T10:24:40.284Z","2025-03-31T08:28:43.470Z"
"glector","https://hex.pm/packages/glector","2D vectors for Gleam","['Apache-2.0']","https://github.com/0xca551e/glector","[]",115,"2024-05-03T08:28:52.294Z","2024-05-03T06:57:39.188Z","2024-07-03T00:01:40.448Z"
"gledis","https://hex.pm/packages/gledis","Gleam Redis client","['Apache-2.0']","https://github.com/HarryET/gledis","[]",104,"2023-02-19T20:14:10.663Z","2023-02-18T13:59:49.652Z","2024-07-03T01:48:32.031Z"
"gledo","https://hex.pm/packages/gledo","Gleam decode Option","['MIT']","https://github.com/darky/gledo","[]",47,"2024-05-12T20:23:47.371Z","2024-05-12T16:15:36.533Z","2024-07-02T23:56:28.968Z"
"glee","https://hex.pm/packages/glee","A Gleam library for parsing JSON","['MIT']","https://github.com/gleemers/glee","[]",220,"2025-03-08T01:15:46.776Z","2025-03-02T16:28:19.797Z","2025-03-11T04:07:39.096Z"
"glee_gd","https://hex.pm/packages/glee_gd","Gleam bindings for erlang/egd.","['MIT']","https://github.com/stevetoro/glee_gd","[]",84,"2024-09-27T07:05:54.836Z","2024-09-08T04:57:08.925Z","2024-09-30T04:54:42.769Z"
"gleebor","https://hex.pm/packages/gleebor","A CBOR (RFC 8949) decoder/encoder library implemented in pure Gleam","['MIT']","https://github.com/chiefnoah/cbor_gl","[]",32,"2024-04-10T02:42:26.719Z","2024-04-10T02:40:06.546Z","2024-07-03T00:11:30.803Z"
"gleemenu","https://hex.pm/packages/gleemenu","A neat little API for creating single choice dialogs using dmenu clones!","['Apache-2.0']","https://github.com/SaphiraKai/gleemenu","[]",24,"2024-09-19T20:29:22.553Z","2024-09-19T20:22:20.851Z","2024-09-22T12:34:29.662Z"
"gleenix","https://hex.pm/packages/gleenix","I have pushed an almost empty package because I was building a gleam MVC framework and did not know about hex TOS. I have reported this to the hex.pm team to ask for the package to be removed, and the name to be freed, but they have not responded yet. If you are interested in this package name on hex.pm, drop me a line and I will transfer it to you.","['Apache-2.0']","","[]",52,"2024-06-27T11:39:24.326Z","2024-03-14T21:22:08.276Z","2024-07-02T23:26:18.096Z"
"gleepl","https://hex.pm/packages/gleepl","A Gleam client for the DeepL API","['MIT']","https://github.com/xpressivecode/gleepl","[]",32,"2024-05-12T14:10:54.330Z","2024-05-12T11:09:21.570Z","2024-07-02T23:56:32.938Z"
"gleescript","https://hex.pm/packages/gleescript","Bundle your Gleam-on-Erlang project into an escript, a single executable file!","['Apache-2.0']","https://github.com/lpil/gleescript","[]",2401,"2024-07-17T12:05:14.603Z","2023-12-22T13:53:12.186Z","2024-07-19T17:43:29.752Z"
"gleesend","https://hex.pm/packages/gleesend","A resend library for the Gleam programming language","['MIT']","https://github.com/dinkelspiel/gleesend","[]",244,"2024-12-18T10:15:53.627Z","2024-08-05T13:28:34.096Z","2024-12-20T09:34:00.222Z"
"gleeunit","https://hex.pm/packages/gleeunit","Gleam bindings to Erlang's EUnit test framework","['Apache-2.0']","https://github.com/lpil/gleeunit","[]",417644,"2025-04-24T20:08:29.879Z","2021-10-31T16:31:22.858Z","2025-04-28T16:52:15.413Z"
"gleewhois","https://hex.pm/packages/gleewhois","WHOIS client for Gleam.","['MIT']","https://github.com/kjartanhr/gleewhois","[]",20,"2024-09-06T04:34:44.483Z","2024-09-06T04:26:30.059Z","2024-09-08T10:42:31.954Z"
"gleez","https://hex.pm/packages/gleez","Elegant, Modern, and Customizable TailwindCSS components for ✨ Lustre ✨ ","['MIT']","https://github.com/MAHcodes/gleez","[]",327,"2025-05-01T19:16:09.791Z","2024-05-04T16:36:51.766Z","2025-05-02T23:57:04.900Z"
"gleither","https://hex.pm/packages/gleither","A small data-structure for representing an Either Monad","['MIT']","https://github.com/bwireman/gleither","[]",434,"2024-08-16T00:22:55.910Z","2024-03-23T22:32:17.926Z","2024-08-18T23:14:47.827Z"
"glelm","https://hex.pm/packages/glelm","Elm parser written in Gleam","['MIT']","https://github.com/bilus/glelm","[]",13,"2025-02-10T14:58:01.331Z","2025-02-10T14:57:58.092Z","2025-02-12T03:51:15.322Z"
"glemcached","https://hex.pm/packages/glemcached","A memcached client in pure gleam!","['MIT']","https://github.com/arnu515/glemcached","[]",34,"2024-12-05T17:08:38.828Z","2024-11-12T03:09:16.349Z","2024-12-08T09:58:59.868Z"
"glemini","https://hex.pm/packages/glemini","A Gleam library for building Gemini servers","['Apache-2.0']","https://github.com/okkdev/glemini","[]",10,"2024-08-04T22:43:20.540Z","2024-08-04T22:43:18.058Z","2024-08-07T21:31:35.015Z"
"glemo","https://hex.pm/packages/glemo","Simple function memoization over Erlang ETS / JavaScript Map for Gleam","['MIT']","https://github.com/darky/glemo","[]",48,"2024-07-17T22:15:15.237Z","2024-05-17T16:36:28.965Z","2024-07-20T14:07:59.619Z"
"glemplate","https://hex.pm/packages/glemplate","A simple template engine for Gleam","['MIT']","https://git.ahlcode.fi//nicd/glemplate","[]",671,"2025-03-29T21:08:30.769Z","2023-02-27T17:23:42.949Z","2025-04-01T15:23:37.116Z"
"glemtext","https://hex.pm/packages/glemtext","A small library for parsing Gemini's gemtext. Runs on both Erlang and JS","['MPL-2.0']","https://github.com/myrkvi/glemtext","[]",28,"2024-03-27T11:58:04.307Z","2024-03-27T11:58:02.024Z","2024-07-03T00:18:35.366Z"
"glen","https://hex.pm/packages/glen","A peaceful web framework that targets JS.","['MIT']","https://github.com/MystPi/glen","[]",1383,"2025-02-18T17:48:03.156Z","2024-01-31T13:26:23.303Z","2025-02-21T03:41:11.122Z"
"glen_node","https://hex.pm/packages/glen_node","NodeJS adapter for the Glen web framework","['Apache-2.0']","https://github.com/Enderchief/glen_node","[]",185,"2025-02-21T21:21:32.692Z","2024-05-27T05:09:29.804Z","2025-02-25T10:38:19.839Z"
"glency","https://hex.pm/packages/glency","Tiny Gleam dependency injection. Make IO functions unit tests friendly.","['MIT']","https://github.com/darky/glency","[]",96,"2024-12-29T19:19:26.727Z","2024-07-07T17:05:23.688Z","2025-01-02T16:02:24.859Z"
"glentities","https://hex.pm/packages/glentities","HTML entity encoder/decoder for Gleam","['MIT']","https://git.ahlcode.fi//nicd/glentities","[]",725,"2024-12-11T19:33:27.825Z","2023-02-12T19:34:00.586Z","2024-12-13T13:12:42.921Z"
"glenv","https://hex.pm/packages/glenv","A library for type-safe environment variable access.","['Apache-2.0']","https://github.com/custompro98/glenv","[]",907,"2025-04-25T13:23:19.231Z","2024-07-02T21:04:16.346Z","2025-04-29T03:10:33.181Z"
"glenvy","https://hex.pm/packages/glenvy","A pleasant way to interact with your environment variables.","['MIT']","https://github.com/maxdeviant/glenvy","[]",2589,"2024-12-05T22:34:34.351Z","2023-05-29T23:50:17.607Z","2024-12-08T09:58:42.315Z"
"gleojson","https://hex.pm/packages/gleojson","A Gleam library for encoding and decoding GeoJSON","['MIT']","https://github.com/guria/gleojson","[]",38,"2024-10-03T15:33:21.223Z","2024-09-26T22:29:25.066Z","2024-10-05T18:03:10.938Z"
"glepack","https://hex.pm/packages/glepack","MessagePack (msgpack) implementation for Gleam","['Apache-2.0']","https://github.com/Lemorz56/glepack","[]",38,"2025-04-17T16:36:28.345Z","2025-04-14T14:21:47.587Z","2025-04-20T23:18:42.657Z"
"glerd","https://hex.pm/packages/glerd","Generate metadata of Gleam Records for runtime reflection","['MIT']","https://github.com/darky/glerd","[]",676,"2024-12-27T16:58:59.706Z","2024-05-25T17:45:22.226Z","2024-12-30T16:08:26.570Z"
"glerd_json","https://hex.pm/packages/glerd_json","Gleam JSON encoders/decoders codegen using Glerd","['MIT']","https://github.com/darky/glerd-json","[]",92,"2024-07-17T22:18:17.276Z","2024-06-03T18:31:13.401Z","2024-07-20T14:07:54.895Z"
"glerd_valid","https://hex.pm/packages/glerd_valid","Gleam Record validators using Glerd metadata","['MIT']","https://github.com/darky/glerd-valid","[]",84,"2024-08-02T14:47:57.529Z","2024-07-22T16:32:35.505Z","2024-08-05T08:13:35.579Z"
"glerm","https://hex.pm/packages/glerm","A terminal wrapper for Gleam","['Apache-2.0']","https://github.com/rawhat/glerm","[]",141,"2023-10-28T00:34:53.406Z","2023-06-08T19:07:36.987Z","2024-07-03T01:08:54.406Z"
"gleroglero","https://hex.pm/packages/gleroglero","heroicons, converted to lustre","['Apache-2.0']","https://github.com/skinkade/gleroglero","[]",54,"2024-07-16T09:33:20.719Z","2024-07-14T14:06:00.555Z","2024-07-18T11:06:40.359Z"
"glesha","https://hex.pm/packages/glesha","SHA-2 for Gleam","['MIT']","https://github.com/bunopnu/glesha","[]",429,"2024-04-13T03:43:30.696Z","2023-10-21T13:27:59.800Z","2024-07-03T00:09:36.820Z"
"glesha2","https://hex.pm/packages/glesha2","SHA-2 for Gleam","['MIT']","https://github.com/bunopnu/glesha2","[]",52,"2023-10-21T13:30:45.128Z","2023-10-21T13:24:56.881Z","2024-07-03T01:11:20.767Z"
"glethers","https://hex.pm/packages/glethers","Ethereum blockchain client for Gleam","['Apache-2.0']","https://github.com/gusinacio/glethers","[]",8,"2024-08-21T14:50:12.503Z","2024-08-21T14:50:09.879Z","2024-08-24T02:30:09.962Z"
"glevatar","https://hex.pm/packages/glevatar","Easily create Gravatar URLs in Gleam","['MIT']","https://github.com/bunopnu/glevatar","[]",269,"2024-04-13T03:52:03.730Z","2023-10-22T09:12:47.048Z","2024-07-03T00:09:35.458Z"
"glevenshtein","https://hex.pm/packages/glevenshtein","Calculate the levenshtein distance - in pure gleam!","['MIT']","https://github.com/MoeDevelops/glevenshtein","[]",26,"2024-05-28T15:14:41.444Z","2024-05-27T20:59:59.701Z","2024-07-02T23:49:34.884Z"
"glex","https://hex.pm/packages/glex","Simple lexer generator for Gleam","['MIT']","https://github.com/vaphes/glex","[]",77,"2024-04-12T17:06:12.264Z","2024-04-12T16:47:09.777Z","2024-07-03T00:09:46.893Z"
"glexec","https://hex.pm/packages/glexec","A Gleam wrapper for erlexec","['Apache-2.0']","https://github.com/manveru/gleam_erlexec","[]",209,"2024-04-05T14:19:55.063Z","2024-03-22T21:29:50.134Z","2024-07-03T00:13:59.967Z"
"glexer","https://hex.pm/packages/glexer","A lexer for Gleam source code","['MIT']","https://github.com/DanielleMaywood/glexer","[]",24306,"2025-03-18T17:58:57.877Z","2023-05-11T13:28:22.600Z","2025-03-20T14:47:35.196Z"
"glexif","https://hex.pm/packages/glexif","A library for reading Exif data in JPEG files.","['MIT']","","[]",34,"2024-06-13T21:23:18.610Z","2024-06-11T02:08:32.050Z","2024-07-02T23:39:16.311Z"
"glib","https://hex.pm/packages/glib","A collection of Gleam utilities all written in pure gleam","['Apache-2.0']","https://github.com/pendletong/glib","[]",194,"2025-03-09T11:49:00.843Z","2024-03-24T15:03:15.543Z","2025-03-11T14:24:55.549Z"
"gliberapay","https://hex.pm/packages/gliberapay","Work with Liberapay in Gleam!","['Apache-2.0']","https://github.com/lpil/gliberapay","[]",183,"2024-12-08T14:30:01.866Z","2024-03-29T21:05:46.609Z","2024-12-11T09:51:12.343Z"
"glibsql","https://hex.pm/packages/glibsql","Glibsql is a library for interacting with a hosted libSQL database such as [Turso](https://turso.tech).","['Apache-2.0']","https://github.com/custompro98/glibsql","[]",541,"2025-04-25T14:28:23.623Z","2024-07-10T19:12:28.669Z","2025-04-29T03:10:27.682Z"
"glidicon","https://hex.pm/packages/glidicon","Gleam library for generating identicon images.","['MIT']","https://github.com/stevetoro/glidicon","[]",28,"2024-09-27T07:39:12.390Z","2024-09-08T13:41:22.605Z","2024-09-30T04:54:41.663Z"
"gliew","https://hex.pm/packages/gliew","A gleam server-side rendered web framework with live updating UI","['MIT']","https://github.com/arnarg/gliew","[]",273,"2023-06-12T10:12:26.500Z","2023-06-06T15:27:34.493Z","2024-07-03T01:32:55.144Z"
"glight","https://hex.pm/packages/glight","Logger library with multiple transports and structured logging data","['MIT']","https://github.com/distrill/glight","[]",588,"2025-04-19T09:39:30.146Z","2025-04-05T03:50:44.709Z","2025-04-22T16:32:09.358Z"
"glimit","https://hex.pm/packages/glimit","A simple, framework-agnostic, in-memory rate limiter for Gleam.","['MIT']","https://github.com/nootr/glimit","[]",104,"2024-09-09T18:41:43.722Z","2024-09-03T21:20:03.043Z","2024-09-11T10:20:38.360Z"
"glimiter","https://hex.pm/packages/glimiter","A simple sliding window limiter in pure gleam","['Apache-2.0']","https://github.com/H-274/glimiter","[]",46,"2024-06-12T20:04:09.649Z","2024-06-12T17:22:13.577Z","2024-07-02T23:41:13.762Z"
"glimmer","https://hex.pm/packages/glimmer","A concurrency library for Gleam!","['GPL-3.0-or-later']","https://github.com/RyanBrewer317/glimmer","[]",97,"2023-09-01T06:58:44.504Z","2023-08-31T13:55:47.527Z","2024-07-03T01:18:57.997Z"
"glimp","https://hex.pm/packages/glimp","Imperative C `switch`, `while`, `do while`, `for` and `break` in Gleam","['Apache-2.0']","https://github.com/DriesDhooghe/glimp","[]",12,"2025-03-27T14:46:59.348Z","2025-03-27T14:46:55.997Z","2025-03-30T11:52:33.933Z"
"glimpse","https://hex.pm/packages/glimpse","Package loader and (theoretically) typechecker for glance","['Apache-2.0']","https://github.com/dusty-phillips/glimpse","[]",36,"2024-09-09T14:42:37.674Z","2024-09-08T23:33:05.047Z","2024-09-11T10:20:47.618Z"
"glimpse_log","https://hex.pm/packages/glimpse_log","A minimal logger for gleam on Erlang or Javascript.","['Apache-2.0']","","[]",30,"2024-09-28T19:05:19.009Z","2024-09-27T06:49:08.008Z","2024-10-01T21:52:09.551Z"
"glimra","https://hex.pm/packages/glimra","Zero runtime syntax highlighter for lustre/ssg.","['MIT']","https://github.com/ollema/glimra","[]",52,"2024-09-08T00:13:12.503Z","2024-08-28T15:56:08.306Z","2024-09-10T03:38:36.892Z"
"glimt","https://hex.pm/packages/glimt","A Gleam library for logging","['Apache-2.0']","https://github.com/JohnBjrk/glimt","[]",375,"2023-07-16T10:28:55.647Z","2022-12-27T20:18:59.105Z","2024-07-03T01:27:28.973Z"
"gling","https://hex.pm/packages/gling","Glingify your strings!","['EUPL-1.2']","https://codeberg.org/Pi-Cla/gling","[]",100,"2024-05-01T22:53:47.374Z","2024-04-15T10:22:18.378Z","2024-07-03T00:01:59.555Z"
"glint","https://hex.pm/packages/glint","Gleam command-line argument parsing with flags and automated help text generation.","['Apache-2.0']","https://github.com/TanklesXL/glint","[]",43652,"2025-03-13T01:12:20.120Z","2022-01-12T18:07:33.102Z","2025-03-18T21:33:22.875Z"
"glisbn","https://hex.pm/packages/glisbn","A ISBN utility library for the Gleam","['MIT']","https://github.com/solar05/glisbn","[]",48,"2024-03-08T00:17:36.649Z","2024-03-07T20:40:23.697Z","2024-07-03T00:34:29.378Z"
"glisdigit","https://hex.pm/packages/glisdigit","A simple module to check if something is a numerical digit similar to std::is_digit in C++","['Apache-2.0']","https://github.com/tovedetered/glisdigit","[]",23,"2024-03-11T21:52:08.027Z","2024-03-11T21:52:05.761Z","2024-07-03T00:33:34.124Z"
"glisten","https://hex.pm/packages/glisten","a shiny Gleam TCP/SSL server","['Apache-2.0']","https://github.com/rawhat/glisten","[]",118329,"2025-02-02T18:20:15.830Z","2022-04-19T01:11:04.979Z","2025-02-05T07:19:04.482Z"
"glistix_birl","https://hex.pm/packages/glistix_birl","Glistix fork of birl, a Date / Time handling library","['Apache-2.0']","https://github.com/glistix/birl","[]",52,"2025-03-15T00:32:01.363Z","2025-03-14T23:45:38.829Z","2025-03-18T21:32:06.265Z"
"glistix_gleeunit","https://hex.pm/packages/glistix_gleeunit","A fork of gleeunit for Glistix's Nix target","['Apache-2.0']","https://github.com/glistix/gleeunit","[]",677,"2024-04-23T00:17:24.176Z","2024-04-23T00:17:21.722Z","2024-07-03T00:05:51.340Z"
"glistix_json","https://hex.pm/packages/glistix_json","Work with JSON in Glistix - Port of gleam_json to Nix","['Apache-2.0']","https://github.com/glistix/json","[]",18,"2025-03-10T02:45:25.838Z","2025-03-10T02:45:23.483Z","2025-03-12T11:01:40.047Z"
"glistix_nix","https://hex.pm/packages/glistix_nix","Bindings to Nix types and functions for Glistix users","['MIT','Apache-2.0']","https://github.com/glistix/nix","[]",69,"2024-04-23T22:45:26.080Z","2024-04-23T22:45:23.700Z","2024-07-03T00:05:29.851Z"
"glistix_stdlib","https://hex.pm/packages/glistix_stdlib","A fork of the Gleam standard library for Glistix's Nix target","['Apache-2.0']","https://github.com/glistix/stdlib","[]",860,"2025-03-14T23:26:08.452Z","2025-02-08T03:14:26.856Z","2025-03-18T21:32:08.715Z"
"glitch","https://hex.pm/packages/glitch","A Twitch client for Gleam","['MIT']","https://github.com/dmmulroy/glitch","[]",464,"2024-04-24T12:19:27.293Z","2024-03-10T03:13:55.901Z","2024-07-03T00:05:06.548Z"
"glitr","https://hex.pm/packages/glitr","Gleam typed routes library for type-safe fullstack development","['Apache-2.0']","https://github.com/Billuc/glitr","[]",346,"2024-12-17T19:51:37.937Z","2024-09-12T15:32:33.990Z","2024-12-19T23:18:07.709Z"
"glitr_convert","https://hex.pm/packages/glitr_convert","Utilities to create encoders and decoders from basic and complex types","['Apache-2.0']","https://github.com/Billuc/glitr","[]",307,"2024-12-15T16:31:38.260Z","2024-10-02T15:17:29.527Z","2024-12-18T06:12:31.949Z"
"glitr_convert_cake","https://hex.pm/packages/glitr_convert_cake","Encode and decode from and to Gleam types effortlessly !","['Apache-2.0']","https://github.com/Billuc/glitr","[]",66,"2024-12-17T19:50:32.517Z","2024-10-11T14:48:41.977Z","2024-12-19T13:01:00.289Z"
"glitr_convert_sql","https://hex.pm/packages/glitr_convert_sql","Create SQL requests from Gleam types effortlessly !","['Apache-2.0']","https://github.com/Billuc/glitr","[]",34,"2024-12-17T19:51:00.780Z","2024-10-20T08:17:41.813Z","2024-12-19T13:00:59.199Z"
"glitr_lustre","https://hex.pm/packages/glitr_lustre","Interface for lustre to use Glitr's typed routes","['Apache-2.0']","https://github.com/Billuc/glitr","[]",126,"2024-10-22T16:36:01.706Z","2024-09-12T15:36:55.625Z","2024-10-24T12:57:04.680Z"
"glitr_wisp","https://hex.pm/packages/glitr_wisp","Interface for wisp to use Glitr's typed routes","['Apache-2.0']","https://github.com/Billuc/glitr","[]",150,"2024-10-10T16:21:47.573Z","2024-09-12T15:35:22.740Z","2024-10-13T10:27:21.313Z"
"glitter","https://hex.pm/packages/glitter","Many tiny shiny things that'll never go away","['Apache-2.0']","","[]",60,"2022-01-17T20:47:29.788Z","2022-01-17T20:47:26.570Z","2024-07-03T02:36:38.469Z"
"glitzer","https://hex.pm/packages/glitzer","Progress bars and other fancy stuff for CLI tools.","['GPL-3.0']","","[]",467,"2024-11-30T11:55:34.253Z","2024-06-05T10:57:55.320Z","2024-12-03T17:02:36.434Z"
"gliua","https://hex.pm/packages/gliua","A library for evaluating Uiua code from gleam","['MIT']","https://github.com/Master-Bw3/gliua","[]",375,"2024-05-01T20:53:28.636Z","2024-04-30T21:10:06.465Z","2024-07-03T00:02:00.758Z"
"globe","https://hex.pm/packages/globe","Gleam Compiler Backend","['MIT']","https://github.com/Willyboar/globe","[]",96,"2023-05-31T19:49:40.480Z","2023-05-31T19:49:38.052Z","2024-07-03T01:34:27.853Z"
"globlin","https://hex.pm/packages/globlin","file globbing for Gleam","['MIT']","https://github.com/apainintheneck/globlin","[]",414,"2024-12-02T04:36:32.703Z","2024-08-18T22:23:12.235Z","2024-12-04T13:34:15.811Z"
"globlin_fs","https://hex.pm/packages/globlin_fs","File system methods for the Gleam file globbing library `globlin`","['Apache-2.0']","https://github.com/apainintheneck/globlin_fs","[]",28,"2024-09-02T03:41:45.218Z","2024-08-20T03:50:21.828Z","2024-09-04T04:21:20.367Z"
"glog","https://hex.pm/packages/glog","A Gleam implementation of Erlang logger","['Apache-2.0']","https://github.com/defgenx/glog","[]",387,"2024-04-12T15:00:29.509Z","2022-11-25T11:05:38.917Z","2024-07-03T00:09:53.493Z"
"glome","https://hex.pm/packages/glome","A Gleam library to write and run Home Assistant automations.","['Apache-2.0']","https://github.com/dennisschroeder/glome","[]",261,"2022-05-23T16:14:28.073Z","2022-02-20T18:19:54.400Z","2024-07-03T02:21:42.815Z"
"gloml","https://hex.pm/packages/gloml","A gleam library for parsing toml.","['MIT']","https://github.com/lunarmagpie/gloml","[]",1091,"2023-10-25T01:11:20.288Z","2023-03-04T05:11:14.265Z","2024-07-03T01:10:59.496Z"
"glomp","https://hex.pm/packages/glomp","placeholder for now :)","['Apache-2.0']","https://github.com/grottohub/glomp","[]",24,"2024-03-17T13:17:59.227Z","2024-03-17T13:17:56.730Z","2024-07-03T00:24:29.790Z"
"gloom","https://hex.pm/packages/gloom","A hardcore language for buildling extreme systems","['Apache-2.0']","https://github.com/gloom-lang/gloom","[]",54,"2023-09-28T04:58:37.376Z","2023-09-28T04:58:34.176Z","2024-07-03T01:15:00.661Z"
"gloop","https://hex.pm/packages/gloop","Stack-safe `while do` and `do while` loops in Gleam","['Apache-2.0']","https://github.com/DriesDhooghe/gloop","[]",27,"2025-02-11T02:36:42.554Z","2025-02-09T21:46:42.685Z","2025-02-13T00:26:26.064Z"
"gloq","https://hex.pm/packages/gloq","Gleam API Wrapper to Interface with the GroqCloud API","['Apache-2.0']","https://github.com/AryaanSheth/gloq","[]",120,"2024-09-13T14:01:40.484Z","2024-09-04T15:37:56.827Z","2024-09-16T13:11:43.773Z"
"glorage","https://hex.pm/packages/glorage","Gleam thread local storage","['MIT']","https://github.com/darky/glorage","[]",10,"2024-08-28T16:30:14.104Z","2024-08-28T16:30:11.054Z","2024-08-30T22:05:24.745Z"
"glormat","https://hex.pm/packages/glormat","A simple, readable string formatting library for Gleam!","['Apache-2.0']","https://github.com/SaphiraKai/glormat","[]",41,"2024-04-11T02:05:27.616Z","2024-04-11T02:05:24.996Z","2024-07-03T00:11:08.552Z"
"gloss","https://hex.pm/packages/gloss","A Gleam package","['Apache-2.0']","https://github.com/Sylvance/gloss","[]",26,"2024-03-28T06:03:06.707Z","2024-03-28T06:03:04.145Z","2024-07-03T00:18:16.448Z"
"glotel","https://hex.pm/packages/glotel","Gleam OpenTelemetry library","['Apache-2.0']","https://github.com/skinkade/glotel","[]",207,"2024-04-18T12:58:17.188Z","2024-04-18T12:58:14.619Z","2024-07-03T00:07:50.062Z"
"glove","https://hex.pm/packages/glove","Gleam QBE IR Generator","['MIT']","https://github.com/Willyboar/glove","[]",345,"2025-04-05T20:05:24.842Z","2023-05-31T11:08:18.157Z","2025-04-08T12:15:34.751Z"
"glow","https://hex.pm/packages/glow","A Gleam project","['Apache-2.0']","","[]",71,"2023-02-04T21:46:36.503Z","2023-02-04T21:46:34.446Z","2024-07-03T01:50:21.062Z"
"glow_auth","https://hex.pm/packages/glow_auth","OAuth2 helpers in Gleam...","['Apache-2.0']","https://github.com/adz/glow_auth","[]",1545,"2025-02-15T05:45:12.858Z","2022-07-19T15:45:06.498Z","2025-02-18T13:56:02.294Z"
"glrss_parser","https://hex.pm/packages/glrss_parser","Parse RSS feeds.","['Apache-2.0','MIT']","https://codeberg.org/bobjoe12131/glrss_parser","[]",72,"2024-11-14T21:03:31.609Z","2024-08-27T01:47:59.647Z","2024-11-18T17:57:28.692Z"
"glubs","https://hex.pm/packages/glubs","WebVTT and SRT parser and serializer.","['Apache-2.0']","https://github.com/philipgiuliani/glubs","[]",208,"2024-02-16T08:22:18.556Z","2023-11-18T18:30:37.809Z","2024-07-03T00:43:59.841Z"
"glubsub","https://hex.pm/packages/glubsub","A simple PubSub library using Gleam actors","['Apache-2.0']","https://github.com/okkdev/glubsub","[]",144,"2025-03-27T14:16:31.433Z","2024-06-25T18:17:36.529Z","2025-03-30T01:34:00.150Z"
"glucose","https://hex.pm/packages/glucose","The sweetest way to interact with the DOM.","['MIT']","https://github.com/enderchief/glucose","[]",100,"2024-01-30T03:24:53.855Z","2023-04-02T07:28:43.933Z","2024-07-03T00:48:08.332Z"
"glue","https://hex.pm/packages/glue","Generate functions from your Gleam code!","['Apache-2.0']","https://github.com/lpil/glue","[]",91,"2024-12-08T14:20:45.886Z","2023-05-13T20:03:06.244Z","2024-12-11T09:51:13.399Z"
"gluid","https://hex.pm/packages/gluid","Generate Uuid for Gleam","['MIT']","https://github.com/titouancreach/gluid","[]",2357,"2025-03-21T09:14:24.137Z","2024-03-19T14:23:19.384Z","2025-03-24T01:15:03.551Z"
"gluon","https://hex.pm/packages/gluon","A Gleam project","['MIT']","https://github.com/thelinuxlich/gluon","[]",366,"2023-08-21T19:59:11.853Z","2023-08-21T13:25:36.144Z","2024-07-03T01:20:56.720Z"
"gluple","https://hex.pm/packages/gluple","Tuple methods for Gleam","['MIT']","https://github.com/darky/gluple","[]",217,"2024-07-17T22:16:41.602Z","2024-05-09T20:28:00.093Z","2024-07-20T14:07:58.540Z"
"glv8","https://hex.pm/packages/glv8","Write functional type-safe postgresql procedures with gleam, through plv8's JavaScript binding","['Apache-2.0']","https://github.com/kaiwu/glv8","[]",79,"2025-01-25T15:17:18.045Z","2024-07-25T08:15:51.920Z","2025-01-28T03:49:50.033Z"
"glx","https://hex.pm/packages/glx","Extensions to the Gleam standard library.","['MIT']","https://github.com/maxdeviant/glx","[]",305,"2024-01-31T03:43:51.831Z","2023-05-30T14:52:23.645Z","2024-07-03T00:48:01.734Z"
"glychee","https://hex.pm/packages/glychee","Glychee Benchmark - Simple Gleam Benchmarking on Erlang via Elixir's Benchee","['Apache-2.0']","https://github.com/inoas/glychee","[]",4946,"2024-05-01T12:53:58.339Z","2022-10-20T22:51:22.299Z","2024-07-03T00:02:08.576Z"
"glyph","https://hex.pm/packages/glyph","A purely Gleam Discord library built from the ground up with stratus.","['Apache-2.0']","https://github.com/grottohub/glyph","[]",128,"2024-04-02T21:56:38.687Z","2024-03-18T13:08:10.052Z","2024-07-03T00:15:11.819Z"
"glyph_codegen","https://hex.pm/packages/glyph_codegen","Codegen for JSON","['Apache-2.0']","https://github.com/dixtel/glyph_codegen","[]",96,"2024-04-06T17:03:37.285Z","2024-04-06T15:59:36.853Z","2024-07-03T00:13:00.542Z"
"glzoneinfo","https://hex.pm/packages/glzoneinfo","Parser for binary zoneinfo files","['Apache-2.0']","https://github.com/grodaus/glzoneinfo","[]",26,"2024-04-03T18:10:21.975Z","2024-04-03T18:10:19.761Z","2024-07-03T00:14:37.816Z"
"gmysql","https://hex.pm/packages/gmysql","Gleam mysql client and connection pooler.","['Apache-2.0']","https://github.com/VioletBuse/gmysql","[]",279,"2024-07-31T06:36:11.935Z","2024-06-19T14:31:40.556Z","2024-08-02T08:43:24.813Z"
"go_over","https://hex.pm/packages/go_over","A tool to audit Erlang & Elixir dependencies, to make sure your Gleam ✨ projects really sparkle!","['MIT']","https://github.com/bwireman/go-over","[]",3434,"2025-03-08T16:56:01.200Z","2024-05-30T22:39:23.118Z","2025-03-11T14:25:23.161Z"
"gond","https://hex.pm/packages/gond","🚡 cond-like multi-branch conditionals for Gleam 🚠","['MPL-2.0']","https://github.com/inoas/gleam-gond","[]",42,"2025-03-07T14:39:30.024Z","2025-03-06T22:08:24.545Z","2025-03-10T17:49:56.035Z"
"gopenai","https://hex.pm/packages/gopenai","OpenAI Client","['Apache-2.0']","","[]",274,"2024-09-28T04:08:13.556Z","2024-04-15T21:11:26.789Z","2024-10-01T01:23:23.842Z"
"gpkm","https://hex.pm/packages/gpkm","A simple deserializer, to read PKM data (Gen4)","['Apache-2.0']","https://github.com/rbobillot/gpkm","[]",38,"2025-02-24T02:06:58.203Z","2025-02-21T03:23:02.211Z","2025-02-25T20:56:14.082Z"
"gpsd_json","https://hex.pm/packages/gpsd_json","Types and functions for working with GPSD's JSON API","['Apache-2.0']","https://github.com/lpil/gpsd-json","[]",12,"2024-07-16T11:57:43.835Z","2024-07-16T11:57:41.575Z","2024-07-18T11:06:35.854Z"
"gpxb","https://hex.pm/packages/gpxb","A tiny GPX builder for Gleam","['Apache-2.0']","https://github.com/lpil/gpxb","[]",40,"2024-12-08T14:40:27.915Z","2024-07-15T11:42:22.940Z","2024-12-11T09:51:11.254Z"
"grammy","https://hex.pm/packages/grammy","A basic Gleam UDP server","['Apache-2.0']","https://github.com/rawhat/grammy","[]",231,"2024-12-08T15:51:09.068Z","2024-04-27T01:40:34.257Z","2024-12-11T09:51:01.918Z"
"gramps","https://hex.pm/packages/gramps","A Gleam HTTP and WebSocket helper library","['Apache-2.0']","https://github.com/rawhat/gramps","[]",69393,"2025-02-26T03:08:54.520Z","2023-05-03T01:01:49.815Z","2025-03-01T07:19:58.820Z"
"graph","https://hex.pm/packages/graph","Directed and undirected graphs","['Apache-2.0']","https://github.com/giacomocavalieri/graph","[]",30,"2024-05-25T09:33:11.725Z","2024-05-25T09:33:08.691Z","2024-07-02T23:51:30.309Z"
"grille_pain","https://hex.pm/packages/grille_pain","Toaster, made in lustre, for gleam","['MIT']","https://github.com/ghivert/grille-pain","[]",18811,"2025-04-03T10:10:20.335Z","2024-05-20T17:21:35.683Z","2025-04-06T08:45:27.616Z"
"gripe","https://hex.pm/packages/gripe","Stripe API bindings for Gleam.","['MIT']","https://github.com/raquentin/gripe","[]",30,"2024-06-04T03:03:14.085Z","2024-06-04T03:03:11.189Z","2024-07-02T23:45:44.872Z"
"gs","https://hex.pm/packages/gs","Minimalistic streaming library for Gleam","['Apache-2.0']","https://github.com/ThatScalaGuy/gs","[]",276,"2025-01-07T09:42:50.617Z","2024-12-21T20:07:56.195Z","2025-01-10T09:03:52.992Z"
"gserde","https://hex.pm/packages/gserde","gleam codegen for serialization and deserialization","['MIT']","https://github.com/cdaringe/gserde","[]",622,"2024-12-08T07:14:43.647Z","2024-01-21T18:34:35.952Z","2024-12-10T23:35:30.510Z"
"gsiphash","https://hex.pm/packages/gsiphash","GSipHash is a small Gleam library that ports to Gleam the SipHash family of non-cryptographic hash functions.","['MIT']","https://github.com/BrendoCosta/gsiphash","[]",12,"2024-09-07T15:44:30.163Z","2024-09-07T15:44:27.678Z","2024-09-10T03:38:47.605Z"
"gsmtp","https://hex.pm/packages/gsmtp","SMTP Client for Gleam","['MIT']","https://github.com/andre-dasilva/gsmtp","[]",36,"2025-01-05T23:30:02.279Z","2025-01-03T14:47:03.293Z","2025-01-08T15:56:45.906Z"
"gstripe","https://hex.pm/packages/gstripe","Stripe API bindings for Gleam.","['MIT']","https://github.com/raquentin/stripe","[]",28,"2024-05-21T01:49:55.578Z","2024-05-21T01:49:52.253Z","2024-07-02T23:53:03.800Z"
"gsv","https://hex.pm/packages/gsv","A simple csv parser and generator written in gleam ","['Apache-2.0']","https://github.com/bcpeinhardt/gsv","[]",8135,"2025-01-08T15:21:53.915Z","2023-05-25T14:13:20.333Z","2025-01-12T02:11:10.329Z"
"gtabler","https://hex.pm/packages/gtabler","A customizable library for printing tables with colors and styles in Gleam.","['MIT']","https://github.com/eAntillon/gleam_table_printer","[]",16,"2024-11-27T17:27:10.937Z","2024-11-27T17:27:08.349Z","2024-11-29T20:40:12.234Z"
"gtempo","https://hex.pm/packages/gtempo","A datetime-centric, mockable time library for Gleam!","['Apache-2.0']","https://github.com/jrstrunk/tempo","[]",3549,"2025-03-22T19:54:33.033Z","2024-06-21T12:43:30.832Z","2025-03-24T21:51:24.519Z"
"gtransducer","https://hex.pm/packages/gtransducer","A transducer library for composable algorithmic transformations.","['MIT']","https://github.com/nohzafk/gtransducer","[]",16,"2024-08-21T10:18:03.510Z","2024-08-21T09:33:41.782Z","2024-08-23T06:03:40.514Z"
"gts","https://hex.pm/packages/gts","Opinionated bindings to erlang's ets tables.","['MPL-2.0']","https://github.com/lunarmagpie/gts","[]",72,"2023-04-14T16:55:31.386Z","2023-04-14T16:55:29.217Z","2024-07-03T01:41:00.794Z"
"gtui","https://hex.pm/packages/gtui","A TUI library for gleam","['MIT']","https://github.com/sanchit1053/gleam_tui","[]",29,"2024-06-14T14:32:59.211Z","2024-06-14T14:08:46.772Z","2024-07-02T23:38:53.703Z"
"gtz","https://hex.pm/packages/gtz","A timezone data provider for Gleam! ","['Apache-2.0']","https://github.com/jrstrunk/gtz","[]",189,"2025-04-08T19:29:24.693Z","2024-10-18T18:22:00.166Z","2025-04-11T12:23:13.587Z"
"gu","https://hex.pm/packages/gu","Zenity GUI dialogs Gleam wrapper","['Apache-2.0']","https://github.com/salif/gu","[]",141,"2024-07-25T06:09:48.928Z","2024-03-22T19:58:59.897Z","2024-07-26T13:19:34.541Z"
"gulid","https://hex.pm/packages/gulid","ULID implementation in Gleam (Erlang target only)","['Apache-2.0']","https://github.com/vtomilin/gulid","[]",216,"2025-03-10T17:35:41.600Z","2024-10-09T17:32:55.370Z","2025-03-12T21:19:50.241Z"
"gwitch","https://hex.pm/packages/gwitch","a gleam lib for connecting to twitch IRC","['Apache-2.0']","https://github.com/sneakycrow/gwitch","[]",72,"2024-05-29T16:44:46.610Z","2024-05-25T16:06:28.726Z","2024-07-02T23:48:55.689Z"
"gwr","https://hex.pm/packages/gwr","An experimental work-in-progress (WIP) WebAssembly runtime written in Gleam.","['MIT']","https://github.com/BrendoCosta/gwr","[]",24,"2024-09-02T03:12:55.583Z","2024-08-12T01:36:46.207Z","2024-09-04T04:21:21.435Z"
"gwt","https://hex.pm/packages/gwt","A JWT library written in Gleam","['Apache-2.0']","https://github.com/brettkolodny/gwt","[]",1577,"2025-02-05T21:08:38.646Z","2024-02-18T14:58:48.287Z","2025-02-07T10:44:05.312Z"
"gxid","https://hex.pm/packages/gxid","A Gleam implementation of xid","['Apache-2.0']","https://github.com/defgenx/gxid","[]",294,"2024-04-12T15:54:46.020Z","2022-11-15T15:10:08.464Z","2024-07-03T00:09:51.057Z"
"gxyz","https://hex.pm/packages/gxyz","🛒 A small library of helper functions, that works as a companion of gleam_stdlib","['MIT']","https://github.com/bwireman/gxyz","[]",2420,"2025-02-15T16:58:50.901Z","2024-11-24T19:06:51.961Z","2025-02-19T00:13:46.011Z"
"gzlib","https://hex.pm/packages/gzlib","zlib utilities for Gleam","['AGPL-3.0-only']","https://github.com/LilyRose2798/gzlib","[]",70,"2024-06-07T16:37:23.833Z","2024-06-04T08:38:13.426Z","2024-07-02T23:43:50.297Z"
"halo","https://hex.pm/packages/halo","A Gleam project","['Apache-2.0']","https://github.com/PROMETHIA-27/halo","[]",96,"2023-06-20T12:12:50.213Z","2023-06-20T12:12:47.927Z","2024-07-03T01:31:55.714Z"
"handles","https://hex.pm/packages/handles","Handles is a templating language written in pure Gleam. Heavily inspired by Mustache and Handlebars.js","['MIT']","https://github.com/olian04/gleam_handles","[]",235,"2024-07-19T13:11:00.604Z","2024-06-14T15:53:45.055Z","2024-07-23T13:36:04.971Z"
"hardcache","https://hex.pm/packages/hardcache","Gleam module that provides primitives for caching key-value pairs in files and using files as caches.","['MIT']","https://github.com/katekyy/hardcache","[]",110,"2024-05-31T20:37:15.599Z","2024-05-22T20:12:11.411Z","2024-07-02T23:47:38.461Z"
"hello_joe","https://hex.pm/packages/hello_joe","A package that prints hello!","['Apache-2.0']","","[]",7798,"2024-02-09T11:22:41.395Z","2024-02-09T11:22:39.023Z","2024-07-03T00:45:19.073Z"
"hexdocs_offline","https://hex.pm/packages/hexdocs_offline","Downloads an offline version of the hexdocs of your projects dependencies to a local folder","['Apache-2.0']","https://github.com/daniellionel01/hexdocs_offline","[]",84,"2024-11-30T19:58:28.796Z","2024-11-30T17:26:27.941Z","2024-12-03T17:02:30.561Z"
"houdini","https://hex.pm/packages/houdini","🪄 Fast HTML escaping","['Apache-2.0']","https://github.com/giacomocavalieri/houdini","[]",134,"2025-03-29T20:02:54.330Z","2025-03-28T15:50:12.048Z","2025-04-01T15:23:40.487Z"
"howdy","https://hex.pm/packages/howdy","A simple and easy to use API created on top of the Mist web server","['Apache-2.0']","https://github.com/mikeyjones/howdy","[]",298,"2022-06-19T21:18:19.507Z","2022-06-10T15:48:16.690Z","2024-07-03T02:19:01.796Z"
"howdy_authentication_cookies","https://hex.pm/packages/howdy_authentication_cookies","An authentication library using cookies designed to work with the Howdy web server.","['Apache-2.0']","https://github.com/mikeyjones/project","[]",81,"2022-06-18T08:31:22.455Z","2022-06-18T08:31:18.974Z","2024-07-03T02:19:07.383Z"
"howdy_uuid","https://hex.pm/packages/howdy_uuid","A library for Gleam to parse UUIDs. This is a slightly modify version of gleam_uuid, to work with the latest version of gleam","['Apache-2.0']","https://github.com/mikeyjones/howdy_uuid","[]",121,"2022-06-11T08:38:48.427Z","2022-06-11T08:38:45.178Z","2024-07-03T02:20:11.864Z"
"htmb","https://hex.pm/packages/htmb","A tiny HTML builder for Gleam","['Apache-2.0']","https://github.com/lpil/htmb","[]",1069,"2024-12-07T22:28:15.549Z","2023-08-12T11:19:59.374Z","2024-12-10T13:19:26.025Z"
"htmgrrrl","https://hex.pm/packages/htmgrrrl","Gleam bindings to htmerl, the fast and memory efficient Erlang HTML SAX parser.","['Apache-2.0']","https://github.com/lpil/htmgrrrl","[]",814,"2023-12-08T15:51:40.744Z","2023-05-01T17:41:50.659Z","2024-07-03T00:59:47.182Z"
"html_components","https://hex.pm/packages/html_components","Generate HTML (or XML) from simple gleam functions","['MIT']","https://github.com/andre-dasilva/html_components","[]",80,"2024-06-01T14:46:00.380Z","2024-05-20T17:32:59.897Z","2024-07-02T23:47:28.475Z"
"html_dsl","https://hex.pm/packages/html_dsl","A DSL for generating HTML in Gleam","['Apache-2.0']","https://github.com/Qinbeans/html-dsl","[]",97,"2024-04-11T06:24:29.468Z","2024-04-07T19:13:30.101Z","2024-07-03T00:11:06.394Z"
"html_lustre_converter","https://hex.pm/packages/html_lustre_converter","Convert regular HTML markup into Lustre syntax","['Apache-2.0']","https://github.com/lpil/html-lustre-converter","[]",918,"2025-04-27T15:02:52.052Z","2024-05-22T11:45:45.466Z","2025-04-30T10:06:08.051Z"
"html_parser","https://hex.pm/packages/html_parser","A simple HTML parser using Gleam","['Apache-2.0']","https://github.com/calvinmclean/html_parser","[]",73,"2024-11-27T22:51:20.942Z","2024-08-10T05:43:30.884Z","2024-12-01T13:43:10.777Z"
"htmz","https://hex.pm/packages/htmz","A Gleam library for generating HTML","['MIT']","https://github.com/finalclass/htmz","[]",211,"2024-03-20T20:53:41.026Z","2023-10-08T16:27:10.811Z","2024-07-03T00:22:15.888Z"
"httpp","https://hex.pm/packages/httpp","an http client for gleam which supports streaming, based on hackney","['Apache-2.0']","https://github.com/VioletBuse/httpp","[]",97,"2024-06-18T12:12:47.121Z","2024-06-06T20:56:40.698Z","2024-07-02T23:37:06.657Z"
"hug","https://hex.pm/packages/hug","Helpful and pretty CLI messages","['Apache-2.0']","https://github.com/brettkolodny/gleam-hug","[]",1627,"2024-05-01T15:14:55.691Z","2023-01-22T18:26:41.164Z","2024-07-03T00:02:06.438Z"
"humanise","https://hex.pm/packages/humanise","Easily format values for human readability!","['Apache-2.0']","https://github.com/SaphiraKai/humanise","[]",572,"2025-04-21T15:32:50.496Z","2024-07-31T19:16:14.925Z","2025-04-24T20:06:22.048Z"
"hx","https://hex.pm/packages/hx","HTMX attributes for lustre","['Apache-2.0']","https://github.com/renatillas/hx","[]",34,"2025-03-03T22:56:52.385Z","2025-03-01T13:17:39.690Z","2025-03-06T00:34:07.835Z"
"hyphenation","https://hex.pm/packages/hyphenation","Pure-Gleam implementation of KnuthLiang Hyphenation.","['Apache-2.0']","https://github.com/jonathanmfung/hyphenation","[]",112,"2024-04-22T16:33:45.609Z","2024-04-17T04:35:57.773Z","2024-07-03T00:06:12.785Z"
"ids","https://hex.pm/packages/ids","✨ Unique IDs for Gleam","['Apache-2.0']","https://github.com/rvcas/ids","[]",3291,"2025-01-26T19:15:40.100Z","2020-11-01T23:44:53.980Z","2025-01-29T10:41:41.414Z"
"ieee_float","https://hex.pm/packages/ieee_float","Gleam library that provides an IEEE 754 compliant float type.","['MIT']","https://github.com/richard-viney/ieee_float","[]",6401,"2025-03-12T23:41:20.639Z","2024-06-13T22:30:46.660Z","2025-03-18T21:33:24.217Z"
"illustrious","https://hex.pm/packages/illustrious","A meta-framework for lustre, enabling a full-stack experience","['MIT']","https://gitlab.com/kgroat/illustrious","[]",36,"2024-08-03T03:02:59.589Z","2024-08-03T00:57:24.265Z","2024-08-06T04:39:36.948Z"
"immutable_lru","https://hex.pm/packages/immutable_lru","Immutable LRU cache","['MIT']","https://github.com/chrstntdd/immutable_lru","[]",93,"2024-07-19T02:15:03.703Z","2024-03-18T07:10:31.175Z","2024-07-23T03:23:25.624Z"
"input","https://hex.pm/packages/input","This package provides a single function, `input`, that prints a prompt and then reads a user's input.","['Apache-2.0']","https://github.com/bcpeinhardt/input","[]",20,"2025-02-27T21:31:55.392Z","2025-02-27T21:31:53.054Z","2025-03-03T10:47:09.984Z"
"integer_complexity","https://hex.pm/packages/integer_complexity","A library for computing integer complexity.","['CC0-1.0']","https://github.com/Master-Bw3/integer_complexity","[]",52,"2024-05-17T21:32:12.937Z","2024-05-15T21:26:55.657Z","2024-07-02T23:54:30.541Z"
"ior","https://hex.pm/packages/ior","Ior (inclusive or) data structure implementation","['Apache-2.0']","https://github.com/xplosunn/ior","[]",26,"2024-04-06T20:27:44.813Z","2024-04-06T20:27:42.637Z","2024-07-03T00:12:52.516Z"
"iox","https://hex.pm/packages/iox","Extra IO features for Gleam.","['Apache-2.0']","https://github.com/Nekika/iox","[]",64,"2024-04-02T12:55:04.422Z","2024-03-27T13:33:36.118Z","2024-07-03T00:15:30.591Z"
"iso_8859","https://hex.pm/packages/iso_8859","Gleam library to decode ISO/IEC 8859 binary data into a native string.","['MIT']","https://github.com/richard-viney/iso_8859","[]",284,"2024-04-17T22:27:27.705Z","2024-01-18T08:45:23.809Z","2024-07-03T00:08:19.946Z"
"iv","https://hex.pm/packages/iv","A fast, safe, batteries-included array for Gleam!","['BSD-3-Clause']","https://gitlab.com/arkandos/iv","[]",445,"2025-04-03T20:44:31.806Z","2025-02-08T16:31:28.478Z","2025-04-07T05:21:24.203Z"
"ivy","https://hex.pm/packages/ivy","Soon to be the Ivy Programming Language!","['MPL-2.0']","","[]",30,"2024-03-21T07:07:01.150Z","2024-03-21T07:06:58.573Z","2024-07-03T00:22:00.918Z"
"jackson","https://hex.pm/packages/jackson","A pure gleam json decoder, encoder, and json pointer resolver","['Apache-2.0']","https://github.com/VioletBuse/jackson","[]",62,"2024-06-11T21:39:03.830Z","2024-06-10T16:34:57.716Z","2024-07-02T23:41:55.277Z"
"jasper","https://hex.pm/packages/jasper","Utilities for parsing and querying JSON data","['AGPL-3.0-only']","https://github.com/LilyRose2798/jasper","[]",385,"2024-03-25T03:21:29.390Z","2024-03-21T11:05:37.849Z","2024-07-03T00:19:37.644Z"
"javascript_dom_parser","https://hex.pm/packages/javascript_dom_parser","Bindings to the JavaScript DOMParser API","['Apache-2.0']","https://github.com/lpil/javascript-dom-parser","[]",86,"2024-04-07T13:22:47.661Z","2024-04-07T13:22:45.248Z","2024-07-03T00:12:43.557Z"
"javascript_mutable_reference","https://hex.pm/packages/javascript_mutable_reference","Mutable references for Gleam JavaScript","['Apache-2.0']","https://github.com/lpil/javascript-mutable-reference","[]",14,"2024-09-26T11:13:08.629Z","2024-09-26T11:13:06.035Z","2024-09-28T11:56:46.100Z"
"jbs","https://hex.pm/packages/jbs","a collection of helper functions that help to convert your data between json, bson, and struct","['Apache-2.0']","https://github.com/bamii/jbs","[]",46,"2023-10-24T21:52:37.972Z","2023-10-24T17:12:16.865Z","2024-07-03T01:11:00.608Z"
"jelly","https://hex.pm/packages/jelly","Gleam library for working with arbitrary JSON structures","['Apache-2.0']","","[]",60,"2025-01-06T04:29:20.903Z","2025-01-03T20:35:27.427Z","2025-01-08T15:56:41.147Z"
"jot","https://hex.pm/packages/jot","A parser for Djot, a markdown-like language","['Apache-2.0']","https://github.com/lpil/jot","[]",4013,"2025-04-02T12:52:06.179Z","2023-12-07T18:29:44.604Z","2025-04-04T15:32:42.099Z"
"jot_to_lustre","https://hex.pm/packages/jot_to_lustre","Convert jot documents or strings to lustre/element/html elements","['Apache-2.0']","https://github.com/ray-delossantos/jot_to_lustre","[]",56,"2024-10-18T06:21:12.129Z","2024-09-16T23:00:06.521Z","2024-10-20T16:40:12.683Z"
"jotkey","https://hex.pm/packages/jotkey","Convert jot documents to lustre elements. Can convert to custom renderers","['Apache-2.0']","https://github.com/ray-delossantos/jotkey","[]",10,"2024-10-23T02:25:43.907Z","2024-10-23T02:02:49.949Z","2024-10-24T12:56:50.102Z"
"js_parser","https://hex.pm/packages/js_parser","A JavaScript parser written in Gleam","['MIT']","https://github.com/desertthunder/js_parser","[]",120,"2025-01-07T05:54:32.603Z","2025-01-02T08:19:28.767Z","2025-01-10T09:04:02.791Z"
"json_blueprint","https://hex.pm/packages/json_blueprint","Simplify JSON encoding/decoding while automatically generating JSON schemas for your data types.","['MIT']","https://github.com/lostbean/json_blueprint","[]",11622,"2025-03-30T01:29:07.769Z","2024-11-29T18:12:44.194Z","2025-04-02T01:42:26.711Z"
"json_canvas","https://hex.pm/packages/json_canvas","JSON Canvas library for Gleam","['MIT']","https://github.com/0918nobita/json_canvas","[]",106,"2024-05-19T08:57:29.923Z","2024-05-16T14:42:00.325Z","2024-07-02T23:54:16.568Z"
"json_typedef","https://hex.pm/packages/json_typedef","Work with JSON using a schema! RFC8927","['Apache-2.0']","https://github.com/lpil/json-typedef","[]",454,"2025-04-27T08:55:16.820Z","2024-09-19T16:23:49.147Z","2025-04-29T23:47:26.960Z"
"jsonrpc","https://hex.pm/packages/jsonrpc","Encoders and decoders for JSON-RPC 2.0","['Apache-2.0']","https://github.com/ryanmiville/jsonrpc","[]",16,"2025-04-29T18:03:52.768Z","2025-04-29T18:03:49.634Z","2025-05-02T23:58:58.769Z"
"juno","https://hex.pm/packages/juno","Flexible JSON decoding for Gleam","['Apache-2.0']","https://github.com/massivefermion/juno","[]",928,"2024-12-19T15:40:34.492Z","2023-11-25T01:30:59.286Z","2024-12-21T16:23:30.508Z"
"just","https://hex.pm/packages/just","A JavaScript lexer and syntax highlighter for Gleam!","['Apache-2.0']","https://github.com/GearsDatapacks/just","[]",34,"2025-04-02T13:51:22.563Z","2025-04-01T09:33:21.747Z","2025-04-05T01:51:15.546Z"
"justin","https://hex.pm/packages/justin","Convert between snake_case, camelCase, and other cases in Gleam","['Apache-2.0']","https://github.com/lpil/justin","[]",3750,"2023-12-31T11:34:30.623Z","2023-12-30T18:55:13.759Z","2024-07-03T00:55:11.465Z"
"keccak_gleam","https://hex.pm/packages/keccak_gleam","Keccak256 hashing algorithm","['Apache-2.0']","","[]",24,"2024-08-19T22:53:00.375Z","2024-08-11T20:24:22.756Z","2024-08-21T23:24:38.933Z"
"kick","https://hex.pm/packages/kick","A Gleam library","['Apache-2.0']","","[]",22,"2024-03-12T19:32:44.399Z","2024-03-12T19:32:41.798Z","2024-07-03T00:32:31.672Z"
"kielet","https://hex.pm/packages/kielet","GNU Gettext implementation for Gleam","['MIT']","https://git.ahlcode.fi//nicd/kielet","[]",99,"2024-10-12T21:30:29.742Z","2024-05-21T20:45:06.316Z","2024-10-15T03:26:25.273Z"
"kirala_bbmarkdown","https://hex.pm/packages/kirala_bbmarkdown","Markdown parser and html renderer written in Gleam language.","['Apache-2.0']","https://github.com/Yasuo-Higano/kirala_bbmarkdown","[]",90,"2024-03-20T09:33:50.228Z","2024-03-20T09:27:13.143Z","2024-07-03T00:22:36.403Z"
"kirala_l4u","https://hex.pm/packages/kirala_l4u","An embedded lisp interpreter based on the gleam implementation of MAL lisp.","['Apache-2.0']","https://github.com/Yasuo-Higano/kirala_l4u","[]",26,"2024-03-20T08:55:21.332Z","2024-03-20T08:55:18.542Z","2024-07-03T00:22:37.496Z"
"kirala_markdown","https://hex.pm/packages/kirala_markdown","Markdown parser and html renderer written in Gleam language both Erlang and Javascript target.","['Apache-2.0']","https://github.com/Yasuo-Higano/kirala_markdown","[]",325,"2024-03-20T09:45:42.458Z","2024-03-20T09:45:40.056Z","2024-07-03T00:22:35.257Z"
"kitten","https://hex.pm/packages/kitten","A minimalistic in-browser game engine.","['MIT']","https://github.com/synchro0001/kitten-engine","[]",173,"2025-02-01T21:20:32.430Z","2024-12-30T14:40:06.864Z","2025-02-04T10:43:39.735Z"
"klubok_gleam","https://hex.pm/packages/klubok_gleam","Do notation pipes for functions which easy to mock","['MIT']","https://github.com/darky/klubok-gleam","[]",69,"2025-03-30T10:51:45.270Z","2024-12-29T17:50:17.787Z","2025-04-02T01:42:22.823Z"
"kmh","https://hex.pm/packages/kmh","Gleam implementation of Knuth’s multiplicative hashing.","['LGPL-2.1']","https://github.com/mdarse/kmh","[]",10,"2024-09-08T18:08:37.143Z","2024-09-08T18:08:34.602Z","2024-09-11T00:07:04.538Z"
"knit_string","https://hex.pm/packages/knit_string","A composable, Gleamy string formatting library!","['Apache-2.0']","https://github.com/SaphiraKai/knit","[]",16,"2025-04-24T20:26:22.228Z","2025-04-24T19:52:34.858Z","2025-04-28T16:52:13.789Z"
"kreator","https://hex.pm/packages/kreator","A SQL query builder built in pure gleam","['MIT']","https://github.com/brunoti/kreator","[]",257,"2024-03-21T16:03:25.319Z","2024-03-11T18:03:56.533Z","2024-07-03T00:21:40.648Z"
"kv_sessions","https://hex.pm/packages/kv_sessions","Session management library for Wisp. Manage user sessions in a simple key-value store.","['Apache-2.0']","https://github.com/MaxHill/kv_sessions","[]",148,"2025-01-06T13:09:46.757Z","2024-12-19T18:34:37.572Z","2025-01-09T02:13:26.530Z"
"kv_sessions_postgres_adapter","https://hex.pm/packages/kv_sessions_postgres_adapter","Postgres driver for kv_sessions","['Apache-2.0']","https://github.com/MaxHill/kv_sessions","[]",62,"2025-01-06T13:14:18.062Z","2024-12-19T22:08:07.874Z","2025-01-09T02:13:25.433Z"
"lamb","https://hex.pm/packages/lamb","ETS and MatchSpecs for Gleam.","['Apache-2.0']","https://github.com/chouzar/lamb","[]",382,"2024-12-12T01:52:36.897Z","2024-10-24T03:33:26.719Z","2024-12-13T13:12:26.862Z"
"lap","https://hex.pm/packages/lap","Quick'n dirty timing of your Gleam code.","['Apache-2.0']","https://github.com/JosephTLyons/lap","[]",132,"2024-12-24T20:54:40.895Z","2024-12-21T08:33:52.729Z","2024-12-28T23:03:28.684Z"
"lazy_const","https://hex.pm/packages/lazy_const","Lazily initialised constants for Gleam","['BSD-3-Clause']","https://gitlab.com/arkandos/lazy-const","[]",12,"2024-10-08T21:52:29.848Z","2024-10-08T21:52:27.044Z","2024-10-12T13:58:04.672Z"
"le_ids","https://hex.pm/packages/le_ids","✨ Unique IDs for Gleam","['Apache-2.0']","https://github.com/Sliden101/le_ids","[]",34,"2025-01-25T19:10:44.939Z","2025-01-25T19:05:44.075Z","2025-01-28T03:49:44.624Z"
"lenient_parse","https://hex.pm/packages/lenient_parse","Lenient parsing functions for Gleam, modeled after Python's `int()` and `float()` built-ins.","['Apache-2.0']","https://github.com/JosephTLyons/lenient_parse","[]",430,"2025-02-01T16:03:37.759Z","2024-10-10T21:45:43.026Z","2025-02-04T10:43:54.961Z"
"leviathan","https://hex.pm/packages/leviathan","A small library that implements the State Monad in gleam","['MIT']","https://github.com/tttardigrado/leviathan","[]",10,"2024-09-17T21:36:20.848Z","2024-09-17T21:36:18.070Z","2024-09-20T09:21:31.947Z"
"libsql","https://hex.pm/packages/libsql","An unofficial Gleam port of turso's libSQL library","['MIT']","https://github.com/brunoti/libsql","[]",50,"2024-03-16T04:00:59.928Z","2024-03-16T04:00:57.376Z","2024-07-03T00:25:43.024Z"
"lifeguard","https://hex.pm/packages/lifeguard","A simple actor pool for Gleam!","['MIT']","https://github.com/Pevensie/lifeguard","[]",44,"2025-01-03T17:19:49.633Z","2024-12-30T16:56:40.810Z","2025-01-06T12:32:04.990Z"
"lite_fs","https://hex.pm/packages/lite_fs","litefs event stream client for gleam.","['Apache-2.0']","https://github.com/VioletBuse/lite_fs","[]",16,"2024-06-18T21:47:58.046Z","2024-06-18T21:47:55.233Z","2024-07-02T23:36:37.672Z"
"loan","https://hex.pm/packages/loan","Loan calculation tools","['Apache-2.0']","https://github.com/camray/gleam-loan","[]",22,"2024-12-16T03:09:23.896Z","2024-12-16T02:17:59.043Z","2024-12-18T06:12:15.117Z"
"logging","https://hex.pm/packages/logging","Configuration for the Erlang logger","['Apache-2.0']","https://github.com/lpil/logging","[]",13919,"2024-07-15T14:45:22.958Z","2024-02-17T15:54:57.007Z","2024-07-18T00:54:45.429Z"
"lotta","https://hex.pm/packages/lotta","package with maybe a lotta javascript stuff to use with Gleam","['Apache-2.0']","https://github.com/Enderchief/lotta","[]",65,"2023-12-14T05:37:47.918Z","2023-12-14T04:52:03.575Z","2024-07-03T00:58:51.988Z"
"lucid","https://hex.pm/packages/lucid","A little logic library for Gleam!","['Apache-2.0']","https://github.com/RyanBrewer317/lucid","[]",12,"2025-04-21T08:17:17.369Z","2025-04-21T08:17:14.376Z","2025-04-24T09:47:30.788Z"
"lucide_lustre","https://hex.pm/packages/lucide_lustre","A library providing https://lucide.dev icons to lustre","['MIT']","https://github.com/dinkelspiel/lucide_lustre","[]",521,"2025-04-29T19:34:06.249Z","2024-10-17T13:19:06.615Z","2025-05-02T23:58:55.625Z"
"lumi","https://hex.pm/packages/lumi","Color space conversion","['Apache-2.0']","https://github.com/0xca551e/lumi","[]",31,"2024-04-16T11:24:38.218Z","2024-04-16T11:24:35.321Z","2024-07-03T00:08:52.276Z"
"lustre","https://hex.pm/packages/lustre","An Gleam web framework for building HTML templates, single page applications, and real-time server components.","['MIT']","https://github.com/lustre-labs/lustre","[]",92261,"2025-04-20T15:54:11.303Z","2022-05-21T08:46:51.977Z","2025-04-23T13:09:56.712Z"
"lustre_alpine","https://hex.pm/packages/lustre_alpine","Lustre Alpine is a Gleam library for working with Alpine JS through Lustre attributes.","['MIT']","https://github.com/renatillas/lustre_alpine","[]",12,"2025-02-06T22:16:54.394Z","2025-02-06T22:04:33.974Z","2025-02-10T00:25:33.128Z"
"lustre_animation","https://hex.pm/packages/lustre_animation","Animations for lustre, utilizing JS requestAnimationFrame and setTimeout","['MIT']","https://codeberg.org/kero/lustre_animation","[]",485,"2025-04-26T12:30:27.887Z","2023-03-22T09:17:14.314Z","2025-04-29T13:28:36.628Z"
"lustre_carousel","https://hex.pm/packages/lustre_carousel","Image Carousel for lustre","['MIT']","https://github.com/codemonkey76/lustre_carousel","[]",12,"2024-06-27T05:19:55.117Z","2024-06-27T05:19:52.586Z","2024-07-02T23:27:44.938Z"
"lustre_dev_tools","https://hex.pm/packages/lustre_dev_tools","Lustre's official CLI and development tooling.","['MIT']","https://github.com/lustre-labs/dev-tools","[]",28957,"2025-04-19T14:29:19.223Z","2024-03-24T20:14:33.361Z","2025-04-22T16:32:03.128Z"
"lustre_hash_state","https://hex.pm/packages/lustre_hash_state","lustre effects for maintaining application state in the hash fragment","['Apache-2.0']","https://github.com/jshawl/lustre_hash_state","[]",186,"2024-06-07T00:52:20.469Z","2024-06-05T00:50:11.355Z","2024-07-02T23:44:05.927Z"
"lustre_http","https://hex.pm/packages/lustre_http","HTTP requests from lustre","['MIT']","https://codeberg.org/kero/lustre_http","[]",9116,"2025-04-26T11:52:03.173Z","2023-01-09T09:58:39.462Z","2025-04-29T13:28:39.177Z"
"lustre_http_lib","https://hex.pm/packages/lustre_http_lib","HTTP requests from lustre","['MIT']","https://codeberg.org/kero/lustre_http","[]",14,"2024-11-17T04:10:36.809Z","2024-11-17T04:10:33.919Z","2024-11-19T14:27:50.459Z"
"lustre_hx","https://hex.pm/packages/lustre_hx","HTMX attributes for lustre","['Apache-2.0']","https://github.com/renatillas/lustre_hx","[]",896,"2025-03-01T12:07:53.864Z","2024-06-03T09:17:36.406Z","2025-03-04T07:22:30.924Z"
"lustre_limiter","https://hex.pm/packages/lustre_limiter","Bringing debounce and throttle utilities to Lustre for the erlang target.","['MIT']","https://github.com/7verdy/lustre-limiter","[]",16,"2024-07-30T11:52:52.301Z","2024-07-30T11:25:44.265Z","2024-08-01T12:17:32.338Z"
"lustre_omnistate","https://hex.pm/packages/lustre_omnistate","Use Remote State, Locally","['MIT']","https://github.com/weedonandscott/lustre_omnistate","[]",56,"2024-11-19T22:20:29.392Z","2024-11-10T13:52:31.978Z","2024-11-22T04:01:16.291Z"
"lustre_pipes","https://hex.pm/packages/lustre_pipes","Write Lustre template using Gleam's pipes","['MIT']","https://github.com/weedonandscott/lustre_pipes","[]",44,"2024-11-22T18:04:04.066Z","2024-11-15T01:05:50.402Z","2024-11-26T10:33:25.945Z"
"lustre_routed","https://hex.pm/packages/lustre_routed","A minimal router for lustre SPAs","['MIT']","https://gitlab.com/kgroat/lustre_routed","[]",161,"2024-03-21T12:16:55.613Z","2024-03-19T01:56:41.674Z","2024-07-03T00:21:44.933Z"
"lustre_ssg","https://hex.pm/packages/lustre_ssg","A simple static site generator for Lustre projects.","['MIT']","https://github.com/lustre-labs/ssg","[]",3449,"2025-04-26T20:10:40.687Z","2023-09-18T20:51:54.566Z","2025-04-29T13:28:25.721Z"
"lustre_tauri","https://hex.pm/packages/lustre_tauri","Gleam bindings to Tauri commands for Lustre web applications","['Apache-2.0']","https://github.com/ethanthoma/lustre_tauri","[]",13,"2024-11-10T10:03:46.961Z","2024-11-10T09:33:30.463Z","2024-11-12T18:23:16.355Z"
"lustre_touch_events","https://hex.pm/packages/lustre_touch_events","👇 Lustre bindings for the TouchEvent Web API","['Apache-2.0']","https://github.com/okkdev/lustre_touch_events","[]",60,"2025-04-24T09:15:08.818Z","2025-03-31T12:28:00.161Z","2025-04-27T20:15:39.139Z"
"lustre_transition","https://hex.pm/packages/lustre_transition","Transitions for lustre, designed for use with Tailwind","['MIT']","https://github.com/codemonkey76/lustre_transition","[]",46,"2024-06-24T00:41:26.524Z","2024-06-23T10:48:28.016Z","2024-07-02T23:31:13.615Z"
"lustre_ui","https://hex.pm/packages/lustre_ui","A collection of components and design tokens for building Lustre apps.","['MIT']","https://github.com/lustre-labs/lustre_ui","[]",4899,"2024-12-08T22:41:27.342Z","2023-11-11T18:30:47.030Z","2024-12-11T20:07:15.354Z"
"lustre_virtual_list","https://hex.pm/packages/lustre_virtual_list","A virtual list component for lustre.","['Apache-2.0']","https://github.com/schurhammer/lustre_virtual_list","[]",71,"2024-10-29T00:00:30.085Z","2023-10-14T13:48:05.898Z","2024-10-31T09:02:37.886Z"
"lustre_websocket","https://hex.pm/packages/lustre_websocket","Web Socket requests from lustre","['MIT']","https://codeberg.org/kero/lustre_websocket","[]",1417,"2025-04-26T11:46:08.574Z","2023-01-30T12:59:38.347Z","2025-04-29T13:28:40.490Z"
"lww_register","https://hex.pm/packages/lww_register","The last-write-wins register CRDT","['Apache-2.0']","https://github.com/lpil/lww-register-crdt","[]",24,"2024-11-10T22:52:00.430Z","2024-11-10T22:39:15.846Z","2024-11-13T14:54:07.868Z"
"lzf_gleam","https://hex.pm/packages/lzf_gleam","LZF Compression library","['Apache-2.0']","https://github.com/codemonkey76/gleam_lzf","[]",78,"2024-06-02T01:08:54.786Z","2024-06-01T11:51:58.881Z","2024-07-02T23:47:23.327Z"
"mapped","https://hex.pm/packages/mapped","An implementation of a Bidirectional Map in Gleam","['Apache-2.0']","https://github.com/GearsDatapacks/gleam-mapped","[]",8,"2025-02-05T14:27:05.760Z","2025-02-05T14:27:01.617Z","2025-02-07T00:27:26.373Z"
"marceau","https://hex.pm/packages/marceau","A MIME types library for Gleam","['Apache-2.0']","https://github.com/lpil/marceau","[]",33756,"2024-10-18T20:51:46.975Z","2023-10-22T21:00:43.586Z","2024-10-21T13:09:51.656Z"
"mat","https://hex.pm/packages/mat","A simple and ergonomic string formatter for Gleam","['MIT']","https://github.com/loipesmas/mat","[]",18,"2024-07-08T18:26:24.335Z","2024-07-08T18:26:21.779Z","2024-07-11T05:38:20.640Z"
"meadow","https://hex.pm/packages/meadow","A server side for glare, the web framework based on SolidJS, adding server signals and more.","['MIT']","https://github.com/JoelVerm/meadow","[]",38,"2024-05-12T11:07:55.044Z","2024-05-06T18:50:52.261Z","2024-07-02T23:56:37.706Z"
"melon","https://hex.pm/packages/melon","A Gleam library for running test containers via Docker.","['MIT']","","[]",100,"2024-10-17T19:11:39.566Z","2024-07-23T19:31:12.972Z","2024-10-20T06:25:39.059Z"
"messua","https://hex.pm/packages/messua","A bit of a server framework.","['MIT']","https://codeberg.org//d2718/messua","[]",247,"2025-04-13T19:54:28.167Z","2024-11-10T01:41:25.896Z","2025-04-16T05:53:40.885Z"
"midas","https://hex.pm/packages/midas","Task definition and runners for Gleam","['Apache-2.0']","https://github.com/midas-framework/midas","[]",781,"2024-12-20T09:28:40.210Z","2020-04-22T13:10:56.327Z","2024-12-22T23:13:00.406Z"
"midas_browser","https://hex.pm/packages/midas_browser","Run midas tasks in the browser.","['Apache-2.0']","https://github.com/midas-framework/midas_browser","[]",149,"2025-02-18T20:47:13.777Z","2024-09-26T12:15:15.075Z","2025-02-21T13:58:49.075Z"
"midas_node","https://hex.pm/packages/midas_node","Run midas tasks in a nodejs environment. ","['Apache-2.0']","https://github.com/midas-framework/midas_node","[]",340,"2025-04-26T20:27:25.747Z","2024-11-15T08:49:17.087Z","2025-04-29T13:28:24.267Z"
"midas_sdk","https://hex.pm/packages/midas_sdk","A bag of SDK's that can be used with midas.","['Apache-2.0']","https://github.com/midas-framework/midas_sdk","[]",348,"2024-12-20T10:27:06.814Z","2024-09-26T12:52:15.424Z","2024-12-22T23:12:53.868Z"
"migrant","https://hex.pm/packages/migrant","Database migrations for SQLite in Gleam","['Apache-2.0']","https://github.com/aosasona/migrant","[]",429,"2024-02-19T16:24:09.393Z","2023-10-21T21:35:58.337Z","2024-07-03T00:42:28.926Z"
"mineflayer","https://hex.pm/packages/mineflayer","Mineflayer bindings for gleam","['MIT']","https://github.com/wygsh/gleam_mineflayer","[]",48,"2024-01-26T18:08:45.351Z","2024-01-26T18:08:42.881Z","2024-07-03T00:48:52.046Z"
"minigen","https://hex.pm/packages/minigen","Pure random data generation, appropriate for realistic simulations","['Apache-2.0']","https://github.com/mrdimosthenis/minigen","[]",654,"2024-09-26T06:10:45.220Z","2021-03-15T13:47:24.819Z","2024-09-28T01:42:17.062Z"
"mist","https://hex.pm/packages/mist","a misty Gleam web server","['Apache-2.0']","https://github.com/rawhat/mist","[]",88482,"2025-02-27T03:16:54.479Z","2022-04-19T15:47:40.546Z","2025-03-02T03:54:57.410Z"
"mockth","https://hex.pm/packages/mockth","Erlang modules mocking library for Gleam","['Apache-2.0']","https://github.com/bondiano/mockth","[]",687,"2025-03-13T15:36:06.698Z","2024-03-26T19:10:58.554Z","2025-03-18T21:33:10.596Z"
"modem","https://hex.pm/packages/modem","A friendly Lustre package to help you handle routing, links, and manage URLs.","['MIT']","https://github.com/hayleigh-dot-dev/modem","[]",29017,"2025-04-17T21:42:19.324Z","2024-03-19T12:40:29.261Z","2025-04-21T09:36:50.937Z"
"mon","https://hex.pm/packages/mon","Parser combinators for Gleam, inspired by Rust's nom.","['MIT']","https://github.com/kappq/mon","[]",12,"2025-04-03T07:07:50.576Z","2025-04-02T20:57:30.156Z","2025-04-06T08:45:31.477Z"
"monies","https://hex.pm/packages/monies","WIP library for working with monies","['Apache-2.0']","https://github.com/chris-windsor/monies","[]",50,"2024-03-12T16:54:20.024Z","2024-03-11T05:48:31.512Z","2024-07-03T00:32:34.009Z"
"morse_code_translator","https://hex.pm/packages/morse_code_translator","Morse Code Translator","['MIT']","https://codeberg.org/salif/morse-code-translator","[]",131,"2024-08-23T17:51:43.653Z","2024-03-18T17:33:28.774Z","2024-08-26T15:50:08.925Z"
"morsey","https://hex.pm/packages/morsey","A package for encoding and decoding Morse code in Gleam.","['GPL-2.0-or-later']","https://github.com/FrostyX/gleam-morse","[]",72,"2024-12-22T23:21:21.036Z","2024-12-11T16:35:47.552Z","2024-12-27T05:57:30.409Z"
"mote","https://hex.pm/packages/mote","A Gleam project","['Apache-2.0']","https://github.com/PROMETHIA-27/mote","[]",72,"2023-06-19T20:23:57.757Z","2023-06-19T20:23:55.588Z","2024-07-03T01:32:00.967Z"
"mug","https://hex.pm/packages/mug","A TCP client for Gleam!","['Apache-2.0']","https://github.com/lpil/mug","[]",9269,"2024-12-04T14:05:36.916Z","2023-10-13T12:50:13.977Z","2024-12-06T16:53:53.281Z"
"multiformats","https://hex.pm/packages/multiformats","Bindings to the js implementation of multiformats","['Apache-2.0']","https://github.com/crowdhailer/multiformats","[]",69,"2025-02-26T16:26:52.810Z","2025-02-12T14:19:39.052Z","2025-03-01T17:37:21.474Z"
"multipart_form","https://hex.pm/packages/multipart_form","Small library to generate multipart/form-data requests and parse them","['Apache-2.0']","https://github.com/siesta-cat/gleam_multipart_form","[]",52,"2025-02-20T16:42:30.179Z","2025-02-20T16:42:24.555Z","2025-02-23T07:09:46.679Z"
"mumu","https://hex.pm/packages/mumu","Hash strings using the non-cryptographic hash Murmur3 in Gleam","['MIT']","https://github.com/georgesboris/mumu","[]",110,"2024-05-12T13:58:32.038Z","2024-04-26T12:00:44.913Z","2024-07-02T23:56:34.181Z"
"mungo","https://hex.pm/packages/mungo","A MongoDB driver for Gleam (formerly gleam_mongo)","['Apache-2.0']","https://github.com/massivefermion/mungo","[]",975,"2024-12-20T06:19:15.537Z","2023-10-05T16:05:29.844Z","2024-12-22T12:55:58.764Z"
"murmur3a","https://hex.pm/packages/murmur3a","32 bit variant of the Murmur3 non-cryptographic hash function","['MIT']","https://codeberg.org/eaon/murmur3a","[]",43,"2025-01-21T19:30:51.194Z","2025-01-19T14:46:06.844Z","2025-01-24T07:15:40.132Z"
"mysig","https://hex.pm/packages/mysig","Tookit for building web (sites, apps or pages) with Gleam","['Apache-2.0']","https://github.com/crowdhailer/mysig","[]",398,"2025-04-25T13:58:50.160Z","2024-11-25T13:31:51.878Z","2025-04-29T03:10:30.763Z"
"nakai","https://hex.pm/packages/nakai","HTML generation for Gleam, on the server or anywhere else","['MIT']","https://github.com/aslilac/nakai","[]",6310,"2024-11-28T17:32:06.875Z","2022-05-20T02:24:42.725Z","2024-12-02T10:14:42.583Z"
"nanoworker","https://hex.pm/packages/nanoworker","Lightweight JavaScript Workers for Gleam","['MIT']","https://github.com/joshgillies/nanoworker","[]",139,"2024-03-20T10:41:48.422Z","2024-03-14T13:16:53.088Z","2024-07-03T00:22:32.894Z"
"nbeet","https://hex.pm/packages/nbeet","An NBT encoder and decoder for gleam","['Apache-2.0']","https://github.com/zwubs/nbeet","[]",318,"2025-04-18T22:17:28.062Z","2024-06-13T23:59:39.188Z","2025-04-22T16:32:16.697Z"
"nephrotoma","https://hex.pm/packages/nephrotoma","Checking whether a path exists in a tree","['0BSD']","https://codeberg.org/pixl_xip/nephrotoma","[]",28,"2025-02-19T00:05:52.797Z","2025-02-16T18:28:33.231Z","2025-02-21T13:58:47.927Z"
"nerf","https://hex.pm/packages/nerf","Gleam bindings to gun, the HTTP/1.1, HTTP/2 and Websocket client","['Apache-2.0']","https://github.com/lpil/nerf","[]",397,"2023-05-24T09:50:53.279Z","2021-12-11T22:52:06.210Z","2024-07-03T01:35:24.619Z"
"nessie","https://hex.pm/packages/nessie","Gleam bindings for Erlang's built-in DNS resolution modules.","['Apache-2.0','MIT']","https://github.com/ckreiling/nessie","[]",76,"2024-04-07T01:51:57.981Z","2024-04-07T01:51:55.725Z","2024-07-03T00:12:48.890Z"
"nessie_cluster","https://hex.pm/packages/nessie_cluster","A small DNS clustering library for Gleam applications.","['Apache-2.0']","https://github.com/ckreiling/nessie_cluster","[]",298,"2025-01-27T22:15:02.629Z","2024-04-15T02:01:56.154Z","2025-01-30T17:33:32.955Z"
"next_door","https://hex.pm/packages/next_door","Utility for ARP, getting the IP for a MAC address","['MIT']","","[]",12,"2025-04-13T05:39:53.087Z","2025-04-13T05:37:31.083Z","2025-04-16T05:54:01.538Z"
"ngs","https://hex.pm/packages/ngs","Offload weight to nginx, implement HTTP server with gleam bindings to njs","['Apache-2.0']","https://github.com/kaiwu/ngs","[]",40,"2025-01-26T04:05:20.881Z","2024-08-02T10:26:29.580Z","2025-01-28T14:07:04.099Z"
"nibble","https://hex.pm/packages/nibble","A string parsing library combining a traditional lexer with parser combinators..","['MIT']","https://github.com/hayleigh-dot-dev/gleam-nibble","[]",7847,"2024-12-28T09:52:08.755Z","2022-07-24T23:45:06.677Z","2024-12-31T12:40:53.148Z"
"nimiq_gleam","https://hex.pm/packages/nimiq_gleam","Various modules and helpers for working with Nimiq primitives in the Gleam programming language or as a CLI","['Apache-2.0']","https://github.com/sisou/nimiq_gleam","[]",76,"2024-08-07T12:38:36.723Z","2024-07-30T12:17:29.066Z","2024-08-09T04:09:44.728Z"
"nimiq_rpc","https://hex.pm/packages/nimiq_rpc","Nimiq JSON-RPC Client Library for Gleam","['MIT']","https://github.com/sisou/gleam-nimiq-rpc","[]",52,"2025-03-19T16:42:57.363Z","2025-03-14T14:25:45.994Z","2025-03-22T08:01:41.646Z"
"node_socket_client","https://hex.pm/packages/node_socket_client","Bindings to Node's TCP socket client","['Apache-2.0']","https://github.com/lpil/node-socket-client","[]",12,"2024-07-16T09:30:51.397Z","2024-07-16T09:30:48.970Z","2024-07-18T11:06:41.433Z"
"node_tags","https://hex.pm/packages/node_tags","A ditributed gleam service to dynamically give nodes labels and filter by said labels.","['Apache-2.0']","https://github.com/VioletBuse/node_tags","[]",14,"2024-06-23T21:02:45.333Z","2024-06-23T20:59:15.459Z","2024-07-02T23:31:54.948Z"
"non_empty_list","https://hex.pm/packages/non_empty_list","Non-empty lists in Gleam","['Apache-2.0']","https://github.com/giacomocavalieri/non_empty_list","[]",459,"2024-08-14T06:28:34.382Z","2023-05-26T11:12:04.288Z","2024-08-16T09:54:06.253Z"
"novdom","https://hex.pm/packages/novdom","An easy to use frontend framework written in Gleam.","['MIT']","https://gitlab.com/TobiasBinnewies/novdom","[]",100,"2024-09-10T07:44:11.731Z","2024-07-22T11:29:48.878Z","2024-09-12T06:48:58.756Z"
"novdom_dev_tools","https://hex.pm/packages/novdom_dev_tools","Development Tooling and CLI for the novdom framework.","['MIT']","https://github.com/TobiasBinnewies/novdom_dev_tools","[]",392,"2024-09-10T07:52:24.781Z","2024-07-31T11:50:59.609Z","2024-09-12T06:48:50.133Z"
"novdom_testing","https://hex.pm/packages/novdom_testing","Testing utilities for the novdom fromework","['MIT']","https://github.com/TobiasBinnewies/novdom-testing","[]",20,"2024-08-02T21:18:04.323Z","2024-08-02T20:55:28.488Z","2024-08-05T18:26:43.165Z"
"oas","https://hex.pm/packages/oas","Parse an open api (previously swagger) spec.","['Apache-2.0']","https://github.com/crowdhailer/oas","[]",284,"2025-04-29T15:09:22.728Z","2024-11-06T12:58:34.976Z","2025-05-02T23:59:36.183Z"
"observatory","https://hex.pm/packages/observatory","A Gleam client library for Prometheus","['MIT']","https://github.com/lazorgurl/observatory","[]",26,"2024-03-13T23:00:14.060Z","2024-03-13T23:00:11.721Z","2024-07-03T00:32:00.881Z"
"okay","https://hex.pm/packages/okay","Data validation library for Gleam","['Apache-2.0']","https://github.com/gmartsenkov/okay","[]",72,"2024-12-31T09:36:29.993Z","2024-12-30T11:08:09.343Z","2025-01-04T09:08:59.649Z"
"olive","https://hex.pm/packages/olive","A gleam dev proxy to enable live reload and smoother DX","['Apache-2.0']","https://github.com/fravan/olive","[]",355,"2025-03-03T15:22:56.619Z","2025-02-21T09:59:25.929Z","2025-03-05T14:16:12.550Z"
"ollama_gleam","https://hex.pm/packages/ollama_gleam","A client for Ollama","['Apache-2.0']","https://github.com/ddanielsantos/ollama_gleam","[]",26,"2024-08-22T21:24:37.646Z","2024-08-21T02:33:47.068Z","2024-08-25T19:23:02.965Z"
"omnimessage_lustre","https://hex.pm/packages/omnimessage_lustre","Use Remote State, Locally","['MIT']","https://github.com/weedonandscott/omnimessage","[]",41,"2025-01-19T15:49:37.365Z","2024-11-18T13:59:44.173Z","2025-01-21T17:31:35.064Z"
"omnimessage_server","https://hex.pm/packages/omnimessage_server","Use Remote State, Locally","['MIT']","https://github.com/weedonandscott/omnimessage","[]",43,"2025-01-19T15:50:08.170Z","2024-11-18T14:00:20.072Z","2025-01-21T17:31:33.988Z"
"open_color","https://hex.pm/packages/open_color","Gleam implementation of the Open Color scheme","['MIT']","https://github.com/salif/gleam-open-color","[]",26,"2024-03-10T19:45:28.347Z","2024-03-10T19:45:26.097Z","2024-07-03T00:33:46.940Z"
"openfeature","https://hex.pm/packages/openfeature","The Gleam SDK for the OpenFeature specification.","['Apache-2.0']","https://github.com/horvathandris/openfeature-gleam-sdk","[]",200,"2024-07-23T18:09:52.993Z","2024-07-03T22:40:03.024Z","2024-07-26T03:01:07.160Z"
"openrouter_client","https://hex.pm/packages/openrouter_client","A simple and incomplete client library for OpenRouter","['MIT']","https://codeberg.org/cmooon/openrouter_client","[]",24,"2024-11-19T17:44:02.348Z","2024-11-19T16:23:45.280Z","2024-11-21T07:29:42.191Z"
"opt_args_with_defs_for_gleam","https://hex.pm/packages/opt_args_with_defs_for_gleam","Optional Arguments with Defaults for Gleam - A cursed workaround","['Apache-2.0']","https://github.com/inoas/opt_args_with_defs_for_gleam","[]",44,"2024-05-03T11:58:17.507Z","2024-05-03T11:58:14.962Z","2024-07-03T00:01:35.793Z"
"optimist","https://hex.pm/packages/optimist","A simple package for modelling optimistic ui updates.","['MIT']","https://github.com/hayleigh-dot-dev/optimist","[]",6,"2024-11-26T11:34:50.813Z","2024-11-26T11:34:48.373Z","2024-11-27T17:20:09.132Z"
"ordered_dict","https://hex.pm/packages/ordered_dict","Ordered Dict implementation in gleam","['MIT']","https://github.com/alpvax/gleam_ordered_dict","[]",38,"2024-12-04T18:02:52.150Z","2024-11-30T01:42:09.541Z","2024-12-07T03:10:22.590Z"
"ormlette","https://hex.pm/packages/ormlette","A delightful ORM (?) for Gleam! 🍳","['Apache-2.0']","https://github.com/ashercn97/ormlette","[]",28,"2024-10-13T02:09:59.943Z","2024-10-11T18:33:25.270Z","2024-10-15T03:26:22.024Z"
"oteap","https://hex.pm/packages/oteap","A Gleam project","['Apache-2.0']","","[]",50,"2023-07-11T02:35:26.313Z","2023-07-11T02:35:23.868Z","2024-07-03T01:28:41.394Z"
"outcome","https://hex.pm/packages/outcome","Error handling for Gleam applications","['Apache-2.0']","https://github.com/sporto/gleam-outcome","[]",1013,"2025-04-09T05:49:36.217Z","2024-07-23T01:13:23.164Z","2025-04-11T22:42:07.695Z"
"outil","https://hex.pm/packages/outil","A Gleam library for writing command line tools.","['Apache-2.0']","https://github.com/fabjan/outil","[]",963,"2023-11-16T21:21:03.867Z","2023-02-05T21:10:30.802Z","2024-07-03T01:04:54.306Z"
"outkeep","https://hex.pm/packages/outkeep","Some help ingesting Keep data obtained via Takeout…","['Apache-2.0']","https://github.com/awseward/outkeep","[]",72,"2024-09-16T00:44:20.666Z","2024-09-08T09:12:57.086Z","2024-09-18T16:23:43.284Z"
"owoify_gleam","https://hex.pm/packages/owoify_gleam","Turning your worst nightmare into a Gleam package on Hex.","['MIT']","https://github.com/deadshot465/owoify_gleam","[]",22,"2024-03-21T05:57:47.426Z","2024-03-21T05:57:44.592Z","2024-07-03T00:22:02.244Z"
"p5js_gleam","https://hex.pm/packages/p5js_gleam","A simple game library providing p5.js bindings for Gleam in a functional style to make basic games and animations. Heavily inspired by the Racket library 2htdp/universe","['MIT']","https://github.com/Acepie/p5js_gleam","[]",587,"2024-07-28T14:52:37.925Z","2024-03-21T03:26:37.878Z","2024-07-31T05:38:43.328Z"
"paint","https://hex.pm/packages/paint","Make drawings, animations, and games with Gleam","['MIT']","https://github.com/adelhult/paint","[]",98,"2024-09-20T18:30:43.693Z","2024-09-03T14:39:50.507Z","2024-09-23T19:18:02.161Z"
"palabres","https://hex.pm/packages/palabres","Opinionated logger for Gleam, targetting both BEAM and JS","['MIT']","https://github.com/ghivert/palabres","[]",7230,"2025-03-07T13:38:00.946Z","2024-12-17T09:56:38.763Z","2025-03-10T07:32:01.843Z"
"palabres_wisp","https://hex.pm/packages/palabres_wisp","Wisp integration for palabres, an opinionated logger for Gleam","['MIT']","https://github.com/ghivert/palabres","[]",14,"2025-03-07T12:43:03.984Z","2025-03-07T12:43:01.213Z","2025-03-10T07:32:02.887Z"
"palindrome","https://hex.pm/packages/palindrome","A simple Gleam project that checks if a string is a palindrome.","['Apache-2.0']","https://github.com/nkpgardose/palindrome","[]",28,"2024-05-22T13:49:27.635Z","2024-05-22T13:46:14.133Z","2024-07-02T23:52:27.876Z"
"panel","https://hex.pm/packages/panel","Basic building blocks helping you compose your mozilla or chrome add-ons.","['Unlicense']","https://base.bingo/code/panel","[]",52,"2024-03-14T22:30:59.395Z","2024-03-14T22:27:56.453Z","2024-07-03T00:31:34.404Z"
"parallel_map","https://hex.pm/packages/parallel_map","A simple parallel map library in Gleam","['Apache-2.0']","https://github.com/PastMoments/parallel_map","[]",1526,"2025-03-06T10:33:43.983Z","2024-04-19T07:39:53.245Z","2025-03-08T04:03:24.816Z"
"parrot","https://hex.pm/packages/parrot","🦜 type-safe SQL in gleam for sqlite, postgresql & mysql","['Apache-2.0']","https://github.com/daniellionel01/parrot","[]",14,"2025-03-16T18:19:57.431Z","2025-03-16T18:16:33.247Z","2025-03-18T21:31:24.734Z"
"parser_gleam","https://hex.pm/packages/parser_gleam","A porting of parser-ts, purescript-eulalie to Gleam","['AGPL-3.0-or-later']","https://github.com/lucasavila00/parser_gleam","[]",386,"2022-08-21T21:18:17.752Z","2022-08-17T23:54:58.681Z","2024-07-03T02:12:46.448Z"
"parsley","https://hex.pm/packages/parsley","A parser combinator library","['Apache-2.0']","https://github.com/Phandal/parsley","[]",40,"2025-03-30T17:07:06.215Z","2025-03-29T03:12:36.699Z","2025-04-02T12:01:06.791Z"
"party","https://hex.pm/packages/party","A little parser combinator library in Gleam.","['MPL-2.0']","https://github.com/RyanBrewer317/party","[]",1676,"2024-12-12T05:38:11.814Z","2023-08-08T05:09:31.740Z","2024-12-13T13:12:20.092Z"
"parz","https://hex.pm/packages/parz","A simple parser combinator library","['Apache-2.0']","https://github.com/sftsrv/parz","[]",24,"2024-07-20T06:32:43.846Z","2024-07-19T22:34:02.529Z","2024-07-23T23:48:38.119Z"
"pathern","https://hex.pm/packages/pathern","A URL path pattern matching library for the Gleam programming language","['Apache-2.0']","https://github.com/ramkarthik/pathern","[]",54,"2025-01-24T18:46:28.598Z","2025-01-20T20:49:12.185Z","2025-01-27T17:32:23.588Z"
"pb_lite","https://hex.pm/packages/pb_lite","protobuf lite library","['Apache-2.0']","https://github.com/xenomorphtech/pb_lite","[]",67,"2022-10-04T10:58:46.880Z","2022-10-04T10:58:42.710Z","2024-07-03T02:07:41.672Z"
"pcl","https://hex.pm/packages/pcl","A simple and minimal config language","['Apache-2.0']","https://github.com/mine-tech-oficial/pcl_gleam","[]",34,"2024-08-25T15:45:26.057Z","2024-08-23T22:44:44.828Z","2024-08-27T22:30:45.087Z"
"pears","https://hex.pm/packages/pears","A parser combinator library for Gleam","['MIT']","https://github.com/lukad/pears","[]",384,"2024-07-16T09:14:26.251Z","2024-03-13T22:12:36.414Z","2024-07-18T11:06:42.626Z"
"pegasus_crypto","https://hex.pm/packages/pegasus_crypto","A modern cryptography library for Gleam, built with safety and ease of use in mind.","['MIT']","https://codeberg.org/cmooon/pegasus","[]",12,"2025-02-27T16:00:56.634Z","2025-02-27T15:32:27.660Z","2025-03-03T00:29:26.242Z"
"peggy","https://hex.pm/packages/peggy","Helper for working with FFmmpeg in Gleam","['Apache-2.0']","https://github.com/jackjohn7/peggy","[]",167,"2024-05-03T23:54:35.985Z","2024-04-29T04:19:21.394Z","2024-07-03T00:01:31.256Z"
"persevero","https://hex.pm/packages/persevero","Execute fallible operations multiple times.","['Apache-2.0']","https://github.com/JosephTLyons/persevero","[]",88,"2024-12-21T09:18:22.403Z","2024-11-27T00:06:27.405Z","2024-12-25T12:51:42.594Z"
"pevensie","https://hex.pm/packages/pevensie","The backend application framework for Gleam!","['MIT']","https://github.com/Pevensie/pevensie","[]",54,"2024-12-22T17:30:13.426Z","2024-10-10T22:42:05.030Z","2024-12-26T19:41:05.900Z"
"pevensie_postgres","https://hex.pm/packages/pevensie_postgres","The official Postgres driver for the Pevensie framework","['MIT']","https://github.com/Pevensie/pevensie_postgres","[]",19,"2024-12-22T17:39:04.158Z","2024-12-22T17:39:01.422Z","2024-12-26T19:41:03.727Z"
"pevensie_redis","https://hex.pm/packages/pevensie_redis","The official Redis-compatible driver for the Pevensie framework","['MIT']","https://github.com/Pevensie/pevensie_redis","[]",14,"2024-12-30T11:37:01.846Z","2024-12-30T11:36:59.056Z","2025-01-03T12:35:48.939Z"
"phonetic_gleam","https://hex.pm/packages/phonetic_gleam","A collection of gleam algorithms dealing with phonetics.","['MIT']","https://github.com/leobm/phonetic_gleam","[]",49,"2024-03-08T20:06:35.431Z","2024-03-04T19:53:17.439Z","2024-07-03T00:34:13.369Z"
"phony","https://hex.pm/packages/phony","An international phone number validator","['Apache-2.0']","https://github.com/massivefermion/phony","[]",1582,"2024-12-19T15:19:14.167Z","2023-09-22T21:01:13.976Z","2024-12-21T16:23:34.120Z"
"phosphor_lustre","https://hex.pm/packages/phosphor_lustre","A package of lustre compatible phosphor icons","['Apache-2.0']","https://github.com/brettkolodny/phosphor-lustre","[]",22,"2024-08-09T01:38:14.327Z","2024-08-09T01:19:18.633Z","2024-08-12T03:40:39.320Z"
"pickle","https://hex.pm/packages/pickle","A parser combinator library for Gleam.","['MIT']","","[]",164,"2024-10-17T19:24:49.190Z","2024-07-14T07:39:07.154Z","2024-10-20T06:25:37.926Z"
"pika_id","https://hex.pm/packages/pika_id","Gleam implementation of Pika ID","['Apache-2.0']","","[]",50,"2024-09-11T10:07:16.150Z","2024-07-06T16:24:20.765Z","2024-09-13T13:31:02.866Z"
"pine","https://hex.pm/packages/pine","configurable logger for gleam","['MIT']","https://gitea.attum.co/wqtt/pine.git","[]",56,"2024-08-02T02:39:03.158Z","2024-07-30T03:40:35.412Z","2024-08-04T22:00:42.262Z"
"pink","https://hex.pm/packages/pink","Bindings to Ink. A library for building terminal UIs.","['Apache-2.0']","https://github.com/Massolari/pink","[]",59,"2024-08-26T09:31:25.538Z","2024-06-27T19:47:01.186Z","2024-08-28T18:58:02.900Z"
"pinkdf2","https://hex.pm/packages/pinkdf2","Gleam bindings to fast_pbkdf2 NIF of PBKDF2 (Password-Based Key Derivation Function 2) for Erlang.","['Apache-2.0']","https://github.com/yazatamorph/pinkdf2","[]",50,"2025-02-21T14:09:52.211Z","2025-02-15T07:21:43.786Z","2025-02-24T14:02:35.510Z"
"platform","https://hex.pm/packages/platform","Zero dependency platform detection library for gleam","['Apache-2.0']","https://github.com/ditherwither/platform","[]",68,"2024-08-22T12:53:17.982Z","2024-08-22T12:53:14.687Z","2024-08-24T22:56:24.806Z"
"playground","https://hex.pm/packages/playground","I am playing with publishing a package.","['Apache-2.0']","","[]",40,"2024-11-07T11:16:52.290Z","2024-11-05T03:11:04.841Z","2024-11-10T04:52:44.309Z"
"plex_pin_auth","https://hex.pm/packages/plex_pin_auth","Authenticate with Plex via the Plex pin authentication method","['MIT']","https://github.com/harrisonhoward/plex_pin_auth","[]",44,"2024-05-04T05:03:55.872Z","2024-05-04T03:45:23.408Z","2024-07-03T00:01:24.447Z"
"plinth","https://hex.pm/packages/plinth","Bindings to Node.js and browser platform APIs","['Apache-2.0']","https://github.com/Crowdhailer/plinth","[]",34440,"2025-02-28T09:25:42.530Z","2023-08-13T15:52:26.877Z","2025-03-03T10:46:59.504Z"
"plunk","https://hex.pm/packages/plunk","Library for interacting with Plunk's API (https://useplunk.com) in Gleam - supports both the Erlang and Javascript targets","['MIT']","https://github.com/aosasona/plunk.gleam","[]",647,"2024-12-11T23:01:27.675Z","2023-10-15T00:27:09.255Z","2024-12-13T13:12:33.374Z"
"pngleam","https://hex.pm/packages/pngleam","PNG image library for Gleam","['AGPL-3.0-only']","https://github.com/LilyRose2798/pngleam","[]",70,"2024-06-09T14:14:17.867Z","2024-06-04T08:44:38.505Z","2024-07-02T23:42:49.278Z"
"pocket_watch","https://hex.pm/packages/pocket_watch","Easily time execution of a block or function!","['Apache-2.0']","https://github.com/SaphiraKai/pocket_watch","[]",10,"2024-08-22T01:26:02.007Z","2024-08-22T01:25:57.868Z","2024-08-24T02:29:49.059Z"
"pog","https://hex.pm/packages/pog","A PostgreSQL database client for Gleam, based on PGO","['Apache-2.0']","https://github.com/lpil/pog","[]",7944,"2025-01-16T19:00:06.411Z","2024-11-11T14:28:08.008Z","2025-01-20T00:23:57.315Z"
"pojo","https://hex.pm/packages/pojo","Plain object encoding for some common Gleam types","['Apache-2.0']","https://github.com/crowdhailer/gleamtours","[]",33,"2024-06-10T16:55:37.105Z","2024-06-10T14:27:35.605Z","2024-07-02T23:42:26.509Z"
"polly","https://hex.pm/packages/polly","A polling file-system watcher","['BSD-3-Clause']","https://gitlab.com/arkandos/polly","[]",154,"2024-10-06T09:21:19.110Z","2024-08-22T22:03:06.515Z","2024-10-09T14:14:51.337Z"
"pona","https://hex.pm/packages/pona","A library for toki pona","['Apache-2.0']","https://github.com/teesh3rt/pona","[]",83,"2024-03-24T17:45:37.280Z","2024-03-22T10:47:19.117Z","2024-07-03T00:20:23.049Z"
"popcicle","https://hex.pm/packages/popcicle","Simple to use, styleable popovers for Lustre","['Apache-2.0']","https://github.com/dinkelspiel/popcicle","[]",204,"2025-01-11T18:49:34.640Z","2025-01-04T04:12:51.660Z","2025-01-14T21:02:25.646Z"
"porter_stemmer","https://hex.pm/packages/porter_stemmer","Porter word stemming in Gleam","['Apache-2.0']","https://github.com/lpil/porter_stemmer","[]",12,"2024-10-20T15:37:18.038Z","2024-10-20T15:37:15.500Z","2024-10-23T06:10:40.716Z"
"postglide","https://hex.pm/packages/postglide","Gleam bindings to PGlite, a WASM build of Postgres for client-side browser applications","['Apache-2.0']","https://github.com/george-grec/postglide","[]",12,"2024-09-11T20:27:52.702Z","2024-09-11T19:24:31.721Z","2024-09-13T23:45:39.788Z"
"postgresql_protocol","https://hex.pm/packages/postgresql_protocol","PostgreSQL protocol encoding and decoding","['Apache-2.0']","https://github.com/grodaus/postgresql_protocol","[]",35,"2024-03-22T16:34:37.627Z","2024-03-22T16:34:35.239Z","2024-07-03T00:21:12.997Z"
"pprint","https://hex.pm/packages/pprint","Pretty print values with style!","['Apache-2.0']","https://github.com/MystPi/pprint","[]",29620,"2025-04-03T19:21:11.597Z","2024-03-05T17:52:50.523Z","2025-04-07T05:21:28.962Z"
"prequel","https://hex.pm/packages/prequel","A markup language to define ER schemas","['MIT']","https://github.com/giacomocavalieri/prequel","[]",76,"2023-07-23T09:04:30.809Z","2023-07-23T08:57:37.374Z","2024-07-03T01:26:27.061Z"
"pretty_diff","https://hex.pm/packages/pretty_diff","⚖️ Pretty diffing of Gleam values","['Apache-2.0']","https://github.com/giacomocavalieri/pretty_diff","[]",36,"2024-06-05T07:10:07.154Z","2024-06-04T15:02:22.701Z","2024-07-02T23:45:11.050Z"
"priorityq","https://hex.pm/packages/priorityq","A priority queue implementation based on max pairing heaps. Written in pure Gleam.","['MIT']","https://github.com/nicklimmm/priorityq","[]",116,"2024-05-03T10:07:51.915Z","2024-04-23T05:41:48.271Z","2024-07-03T00:01:38.259Z"
"prng","https://hex.pm/packages/prng","A Pure Random Number Generator","['Apache-2.0']","https://github.com/giacomocavalieri/prng","[]",6574,"2025-01-01T17:42:30.715Z","2023-09-24T19:46:05.278Z","2025-01-05T15:59:28.115Z"
"problem","https://hex.pm/packages/problem","Error handling for Gleam applications","['MIT']","https://github.com/sporto/gleam-problem","[]",56,"2025-04-24T02:05:41.515Z","2025-04-24T00:35:15.113Z","2025-04-27T20:15:43.497Z"
"probly","https://hex.pm/packages/probly","Probabilistic functional programming in Gleam","['MIT']","https://github.com/raquentin/probly","[]",30,"2025-01-02T18:28:42.873Z","2025-01-02T08:11:29.605Z","2025-01-05T15:58:46.992Z"
"process_waiter","https://hex.pm/packages/process_waiter","Wait for Erlang processes to exit","['Apache-2.0']","https://github.com/lpil/process-waiter","[]",56,"2024-01-02T22:01:32.386Z","2024-01-02T22:01:30.116Z","2024-07-03T00:54:52.639Z"
"processgroups","https://hex.pm/packages/processgroups","Process Groups for gleam","['Apache-2.0']","https://github.com/RudolfVonKrugstein/gleam_processgroups","[]",192,"2025-02-08T17:30:20.828Z","2024-05-16T09:10:33.873Z","2025-02-11T07:16:56.924Z"
"promgleam","https://hex.pm/packages/promgleam","A Prometheus client library for Gleam","['Apache-2.0']","https://github.com/dios-david/promgleam","[]",44,"2024-07-07T23:34:26.083Z","2024-07-06T12:49:16.870Z","2024-07-10T09:13:26.746Z"
"promptly","https://hex.pm/packages/promptly","Validated user input.","['Apache-2.0']","https://github.com/JosephTLyons/promptly","[]",32,"2025-04-26T19:00:48.542Z","2025-04-26T02:37:41.765Z","2025-04-29T13:28:29.033Z"
"psg","https://hex.pm/packages/psg","An unofficial Gleam port of PlanetScale's DatabaseJS driver","['Apache-2.0']","https://github.com/kathrindc/galaxyscale","[]",24,"2024-03-15T14:56:15.973Z","2024-03-15T14:56:13.570Z","2024-07-03T00:31:13.543Z"
"puddle","https://hex.pm/packages/puddle","A resource pool manager for gleam","['Apache-2.0']","https://github.com/massivefermion/puddle","[]",398,"2023-11-14T16:20:28.466Z","2023-10-01T09:17:16.337Z","2024-07-03T01:05:23.368Z"
"punycode","https://hex.pm/packages/punycode","Gleam implementation of punycode encoding and decoding","['Apache-2.0']","https://codeberg.org/sotolf/gleam_punycode/","[]",86,"2023-12-13T12:55:36.226Z","2023-12-13T12:37:35.376Z","2024-07-03T00:58:57.620Z"
"qcheck","https://hex.pm/packages/qcheck","QuickCheck-inspired property testing with integrated shrinking","['Apache-2.0','MIT']","https://github.com/mooreryan/gleam_qcheck","[]",1283,"2025-03-01T18:33:26.766Z","2024-04-28T04:53:45.448Z","2025-03-04T07:22:18.607Z"
"qcheck_gleeunit_utils","https://hex.pm/packages/qcheck_gleeunit_utils","Utility functions for working with Gleam's gleeunit test framework","['Apache-2.0','MIT']","https://github.com/mooreryan/qcheck_gleeunit_utils","[]",66,"2024-05-05T20:50:15.786Z","2024-05-05T20:50:13.532Z","2024-07-03T00:00:08.586Z"
"qs","https://hex.pm/packages/qs","Parse and encode URL query strings","['MIT']","https://github.com/sporto/gleam-qs","[]",305,"2025-02-25T12:15:52.003Z","2024-07-21T01:27:13.976Z","2025-02-28T10:44:27.400Z"
"quaternion","https://hex.pm/packages/quaternion","A simple quaternion implementation made with and for Gleam. Heavily inspired by the Rust quaternion crate.","['Apache-2.0','MIT']","https://github.com/PiaCOS/quaternion_gleam","[]",52,"2025-02-23T10:24:59.309Z","2025-02-21T19:23:36.179Z","2025-02-25T10:37:22.960Z"
"queryb","https://hex.pm/packages/queryb","A very limited RDMS query builder library","['Apache-2.0']","https://github.com/lpil/queryb","[]",10,"2024-08-05T16:46:25.090Z","2024-08-05T16:43:34.001Z","2024-08-08T07:43:55.577Z"
"question","https://hex.pm/packages/question","Prompt user with question and return answer in callback","['Apache-2.0']","https://github.com/antonioxdias/question","[]",30,"2024-03-21T14:04:54.839Z","2024-03-21T13:06:56.612Z","2024-07-03T00:21:43.709Z"
"rad","https://hex.pm/packages/rad","A task runner for Gleam projects","['Apache-2.0']","https://github.com/tynanbe/rad","[]",989,"2024-06-14T04:25:48.954Z","2022-05-02T15:15:04.610Z","2024-07-02T23:39:06.658Z"
"rada","https://hex.pm/packages/rada","A library for dates with no times or time zones","['BSD-3-Clause']","https://github.com/michaeljones/rada","[]",838,"2025-01-12T16:13:53.343Z","2024-06-30T09:05:27.380Z","2025-01-15T07:19:16.690Z"
"radiate","https://hex.pm/packages/radiate","Hot reloading while in development for Gleam","['Apache-2.0']","https://github.com/pta2002/gleam-radiate","[]",1611,"2024-04-21T11:36:33.574Z","2023-10-21T17:12:04.206Z","2024-07-03T00:06:27.081Z"
"radish","https://hex.pm/packages/radish","A Gleam client for Valkey, KeyDB, Redis and other tools with compatible APIs","['Apache-2.0']","https://github.com/massivefermion/radish","[]",2181,"2025-01-25T19:50:26.162Z","2023-11-04T19:59:51.102Z","2025-01-28T03:49:43.549Z"
"radish_fork","https://hex.pm/packages/radish_fork","A Gleam client for Valkey, KeyDB, Redis and other tools with compatible APIs","['Apache-2.0']","https://github.com/rojnwa/radish","[]",47,"2024-05-06T14:00:55.275Z","2024-05-06T14:00:52.892Z","2024-07-02T23:58:51.600Z"
"ramble","https://hex.pm/packages/ramble","A Gleam library","['MPL-2.0']","","[]",66,"2024-04-11T23:52:24.208Z","2024-04-11T23:52:21.966Z","2024-07-03T00:10:41.012Z"
"randomlib","https://hex.pm/packages/randomlib","A random number library for Gleam","['Apache-2.0']","https://github.com/pendletong/randomlib","[]",129,"2025-02-24T02:22:13.256Z","2024-09-04T20:03:19.986Z","2025-02-26T07:14:15.236Z"
"ranged_int","https://hex.pm/packages/ranged_int","Type safe ranged integer operations for Gleam.","['MIT']","https://gitlab.com/Nicd/ranged_int","[]",103,"2024-04-11T15:36:35.902Z","2024-02-18T18:16:58.480Z","2024-07-03T00:10:47.310Z"
"ranger","https://hex.pm/packages/ranger","create ranges over any type","['Apache-2.0']","https://github.com/massivefermion/ranger","[]",76475,"2024-12-18T06:36:30.886Z","2023-03-27T15:09:55.448Z","2024-12-19T23:17:48.393Z"
"rank","https://hex.pm/packages/rank","Ordinals for numbers, e.g. 1st, 2nd, 3rd","['Apache-2.0']","https://github.com/lpil/glance","[]",2873,"2024-04-15T18:30:54.666Z","2023-12-30T17:23:42.778Z","2024-07-03T00:09:00.765Z"
"ratioed","https://hex.pm/packages/ratioed","A rational number library for gleam.","['Apache-2.0']","https://github.com/schurhammer/ratioed","[]",12,"2024-10-25T10:10:57.429Z","2024-10-25T10:10:54.105Z","2024-10-28T09:14:41.576Z"
"react_gleam","https://hex.pm/packages/react_gleam","React bindings for Gleam","['MIT']","https://github.com/brettkolodny/react-gleam","[]",395,"2023-05-21T15:54:29.769Z","2022-11-26T23:50:26.525Z","2024-07-03T01:36:22.993Z"
"reactive_signal","https://hex.pm/packages/reactive_signal","A Gleam library for cross-process reactive signal","['MIT']","https://github.com/yukikurage/reactive_signal","[]",41,"2024-03-20T11:05:03.857Z","2024-03-20T11:05:01.272Z","2024-07-03T00:22:31.703Z"
"ream","https://hex.pm/packages/ream","REAM is an event sourcing system","['Apache-2.0']","https://github.com/altenwald/ream","[]",63,"2023-05-29T23:47:06.792Z","2023-05-29T23:47:03.899Z","2024-07-03T01:34:52.549Z"
"recursive","https://hex.pm/packages/recursive","User friendly Fixed-point combinator functions. Any block or anonymous function can run recursively!","['MIT']","https://github.com/olian04/gleam_recursive","[]",22,"2024-07-11T13:11:50.763Z","2024-07-11T12:46:17.220Z","2024-07-14T15:15:40.049Z"
"redraw","https://hex.pm/packages/redraw","React bindings for Gleam! Supports everything modern React provides, with full Gleam Type-Checking system!","['MIT']","https://github.com/ghivert/redraw","[]",624,"2025-04-16T20:36:56.954Z","2024-07-21T17:21:35.374Z","2025-04-19T06:04:50.013Z"
"redraw_dom","https://hex.pm/packages/redraw_dom","Redraw DOM renderer. Take a look at Redraw to use it.","['MIT']","https://github.com/ghivert/redraw","[]",130,"2024-12-24T00:31:45.985Z","2024-07-21T17:23:04.592Z","2024-12-27T16:13:48.442Z"
"ref","https://hex.pm/packages/ref","A ref cell library for gleam. The mutable references for the erlang target are implemented with Actors, so are not very performant. They should only be used if immutability is not an option","['MIT']","https://github.com/Robert4S/gleam_ref","[]",92,"2024-06-26T20:39:48.874Z","2024-06-25T15:07:21.224Z","2024-07-02T23:27:58.603Z"
"reference_this","https://hex.pm/packages/reference_this","A development tool to reference other gleam files","['MIT']","https://github.com/adelhult/reference_this","[]",42,"2025-01-03T15:28:27.539Z","2025-01-03T15:23:56.839Z","2025-01-06T12:32:07.439Z"
"releam","https://hex.pm/packages/releam","Releam is an opinionated gleam release and changelog generation tool based on conventional commit","['Apache-2.0']","https://github.com/pedraal/releam","[]",26,"2024-08-25T14:41:34.587Z","2024-08-25T07:06:11.251Z","2024-08-27T22:30:46.167Z"
"rememo","https://hex.pm/packages/rememo","Simple memoization for Gleam","['Apache-2.0']","https://github.com/hunkyjimpjorps/rememo","[]",290,"2024-12-11T14:25:03.933Z","2024-04-16T17:04:08.175Z","2024-12-13T02:55:54.329Z"
"remote_data","https://hex.pm/packages/remote_data","A package to deal with remote data in Gleam","['Apache-2.0']","https://github.com/Massolari/remote_data","[]",77,"2024-04-05T12:05:43.424Z","2024-04-04T15:58:58.447Z","2024-07-03T00:14:02.242Z"
"render_md","https://hex.pm/packages/render_md","A dead simple markdown renderer for gleam","['Apache-2.0']","https://github.com/gastonche/gleam_md","[]",34,"2024-03-27T14:37:48.905Z","2024-03-27T14:17:31.551Z","2024-07-03T00:18:25.633Z"
"repeatedly","https://hex.pm/packages/repeatedly","Call a function repeatedly with a delay between each call","['Apache-2.0']","https://github.com/lpil/repeatedly","[]",10545,"2024-10-21T14:03:49.456Z","2024-01-05T14:24:15.543Z","2024-10-24T02:41:32.372Z"
"report","https://hex.pm/packages/report","Create informative & beautiful source code reports.","['Apache-2.0']","https://github.com/MystPi/report","[]",12,"2024-11-20T16:29:41.632Z","2024-11-20T16:27:05.236Z","2024-11-23T21:02:10.257Z"
"rexen","https://hex.pm/packages/rexen","Compile and evaluate regular expressions using Non-deterministic Finite Automata (NFAs).","['Apache-2.0']","https://github.com/tonievictor/rexen","[]",18,"2025-04-23T21:25:38.183Z","2025-04-21T10:54:46.829Z","2025-04-28T06:34:02.774Z"
"rizzo","https://hex.pm/packages/rizzo","A basic rational number library for Gleam","['Apache-2.0']","https://github.com/username/project","[]",168,"2024-05-01T18:22:37.232Z","2023-10-27T00:46:41.717Z","2024-07-03T00:02:05.114Z"
"rosetta","https://hex.pm/packages/rosetta","An effort to bring all Erlang Standard Libraries to Gleam.","['Apache-2.0']","https://github.com/mjwhodur/rosetta","[]",40,"2024-09-04T12:22:43.401Z","2024-08-28T20:36:09.324Z","2024-09-06T17:46:00.085Z"
"rsa_keys","https://hex.pm/packages/rsa_keys","A small library to help with rsa keys and message signing","['Apache-2.0']","https://github.com/jmrflora/rsa_keys","[]",216,"2025-02-01T22:46:44.819Z","2024-08-29T18:38:32.523Z","2025-02-04T10:43:38.598Z"
"rsvp","https://hex.pm/packages/rsvp","Send HTTP requests from Lustre applications and server components.","['MIT']","https://github.com/hayleigh-dot-dev/rsvp","[]",634,"2025-04-17T21:30:05.893Z","2025-01-04T23:52:26.220Z","2025-04-21T09:36:53.513Z"
"runetracer","https://hex.pm/packages/runetracer","A gleam import sorter.","['WTFPL']","https://github.com/lunarmagpie/runetracer","[]",55,"2023-03-29T21:38:17.024Z","2023-03-29T21:38:14.161Z","2024-07-03T01:42:52.452Z"
"scaffold_gleam","https://hex.pm/packages/scaffold_gleam","CLI tool used to scaffold a web application","['MIT']","https://github.com/codemonkey76/gleam_scaffold","[]",18,"2024-06-28T04:29:38.787Z","2024-06-28T03:07:34.083Z","2024-07-02T23:25:31.066Z"
"scrapbook","https://hex.pm/packages/scrapbook","Gleam package that can scrape parts of Facebook.","['MIT']","https://codeberg.org/szelbi/scrapbook","[]",100,"2024-12-23T17:03:24.365Z","2024-11-07T17:03:56.676Z","2024-12-27T05:57:04.329Z"
"scriptorium","https://hex.pm/packages/scriptorium","A simple Gleam blog generator","['AGPL-3.0-or-later']","https://git.ahlcode.fi//nicd/scriptorium","[]",337,"2024-12-13T05:45:23.126Z","2024-04-20T20:14:56.444Z","2024-12-15T06:18:00.437Z"
"secp256k1_gleam","https://hex.pm/packages/secp256k1_gleam","A Gleam wrapper for the secp256k1 library","['Apache-2.0']","https://github.com/gusinacio/secp256k1_gleam","[]",38,"2024-08-19T23:11:25.225Z","2024-08-17T20:37:37.264Z","2024-08-21T23:24:37.851Z"
"sequin","https://hex.pm/packages/sequin","A FABULOUS Gleam library","['Apache-2.0']","https://github.com/lpil/sequin","[]",62,"2022-08-31T17:32:04.236Z","2022-08-31T17:31:59.681Z","2024-07-03T02:11:21.727Z"
"shakespeare","https://hex.pm/packages/shakespeare","General-purpose OTP actors.","['MIT']","https://github.com/maxdeviant/shakespeare","[]",640,"2024-12-07T00:29:20.861Z","2024-04-12T02:43:24.706Z","2024-12-09T16:47:22.162Z"
"shamir","https://hex.pm/packages/shamir","An implementation of Shamir Secret Sharing in Gleam","['AGPL-3.0-only']","https://github.com/LilyRose2798/shamir","[]",16,"2024-06-24T08:22:00.676Z","2024-06-24T08:21:57.662Z","2024-07-02T23:31:03.121Z"
"sheen","https://hex.pm/packages/sheen","Fully typed library for constructing command line parsers using gleam","['MPL-2.0']","https://github.com/ehllie/sheen","[]",160,"2024-03-14T13:31:54.690Z","2024-03-07T21:45:39.069Z","2024-07-03T00:31:46.036Z"
"shellout","https://hex.pm/packages/shellout","A Gleam library for cross-platform shell operations","['Apache-2.0']","https://github.com/tynanbe/shellout","[]",32909,"2025-03-22T19:12:52.607Z","2021-01-25T23:23:13.431Z","2025-03-24T21:51:25.849Z"
"shimmer","https://hex.pm/packages/shimmer","A Gleam library for interacting with the Discord API","['Apache-2.0']","https://github.com/HarryET/shimmer","[]",350,"2023-02-04T22:15:03.677Z","2022-01-11T16:33:25.508Z","2024-07-03T01:50:19.957Z"
"shimmy","https://hex.pm/packages/shimmy","Gleam lexer in gleam","['Apache-2.0']","https://github.com/leonardo-toffalini/shimmy","[]",10,"2025-02-09T22:11:42.780Z","2025-02-09T17:45:07.125Z","2025-02-11T17:33:59.592Z"
"shine_tree","https://hex.pm/packages/shine_tree","A `FingerTree` implementation for general purpose functional programming in Gleam!","['MIT']","https://github.com/shine-coders/shine_tree","[]",450,"2024-12-29T00:54:58.710Z","2024-09-09T21:18:16.048Z","2025-01-01T19:29:44.619Z"
"shork","https://hex.pm/packages/shork","A MySQL / MariaDB database client for Gleam, based on MySQL-OTP. Heavily inspired by POG.","['LGPL-3.0']","https://github.com/ninanomenon/shork","[]",132,"2025-02-05T20:46:01.345Z","2025-01-06T16:44:40.109Z","2025-02-07T10:44:08.740Z"
"showtime","https://hex.pm/packages/showtime","A Gleam Testing Framework","['Apache-2.0']","https://github.com/JohnBjrk/showtime","[]",1157,"2024-03-17T08:16:30.889Z","2023-02-03T14:59:57.459Z","2024-07-03T00:24:46.421Z"
"signal","https://hex.pm/packages/signal","A simple event sourcing library for gleam!","['Apache-2.0']","https://github.com/DominikBB/signal","[]",95,"2024-08-26T20:20:36.275Z","2024-08-09T16:50:58.360Z","2024-08-29T05:11:13.541Z"
"signal_pgo","https://hex.pm/packages/signal_pgo","A postgres persistance layer for the Signal event sourcing library.","['Apache-2.0']","https://github.com/DominikBB/signal","[]",62,"2024-08-26T20:55:57.542Z","2024-08-12T19:09:08.396Z","2024-08-29T05:11:05.139Z"
"silk","https://hex.pm/packages/silk","Gleam binding to the builtin Erlang wxWidgets","['Apache-2.0']","https://github.com/enderchief/silk","[]",12,"2025-02-24T07:28:43.776Z","2025-02-24T07:10:37.402Z","2025-02-26T07:14:06.155Z"
"simple_pubsub","https://hex.pm/packages/simple_pubsub","Simple pubsub (publish-subscribe) system for gleam based on process groups","['Apache-2.0']","https://github.com/RudolfVonKrugstein/gleam_simple_pubsub","[]",107,"2025-03-29T08:57:29.302Z","2024-05-20T19:09:39.900Z","2025-04-01T05:05:00.061Z"
"simplejson","https://hex.pm/packages/simplejson","Native gleam json parser/generator","['Apache-2.0']","https://github.com/pendletong/simplejson","[]",18,"2024-09-24T20:00:12.054Z","2024-09-23T21:52:31.872Z","2024-09-26T08:44:24.751Z"
"simplifile","https://hex.pm/packages/simplifile","Basic file operations that work on all targets","['Apache-2.0']","https://github.com/bcpeinhardt/simplifile","[]",147898,"2025-03-25T19:30:04.497Z","2023-05-31T06:07:39.125Z","2025-03-27T22:02:17.312Z"
"singularity","https://hex.pm/packages/singularity","Singleton OTP actor registry for Gleam","['Apache-2.0']","https://github.com/jhillyerd/singularity","[]",387,"2025-03-08T22:44:23.315Z","2024-04-08T19:54:49.977Z","2025-03-11T14:25:19.249Z"
"sketch","https://hex.pm/packages/sketch","A CSS-in-Gleam package, foundation for CSS packages!","['MIT']","https://github.com/ghivert/sketch","[]",19999,"2025-01-17T10:58:09.598Z","2024-04-05T17:38:30.180Z","2025-01-20T10:40:42.669Z"
"sketch_css","https://hex.pm/packages/sketch_css","A Sketch runtime package, made to generate CSS!","['MIT']","https://github.com/ghivert/sketch","[]",132,"2025-01-12T16:51:03.581Z","2024-08-05T12:45:16.215Z","2025-01-15T17:36:26.463Z"
"sketch_lustre","https://hex.pm/packages/sketch_lustre","A Sketch runtime package, made to work with Lustre!","['MIT']","https://github.com/ghivert/sketch","[]",11100,"2025-01-12T16:52:32.516Z","2024-08-05T12:45:51.796Z","2025-01-15T17:36:25.334Z"
"sketch_lustre_experimental","https://hex.pm/packages/sketch_lustre_experimental","An experimental Sketch runtime package, made to work with Lustre!","['MIT']","https://github.com/ghivert/sketch","[]",231,"2025-02-12T17:56:06.562Z","2025-01-12T16:54:49.250Z","2025-02-16T00:28:07.860Z"
"sketch_redraw","https://hex.pm/packages/sketch_redraw","A Sketch runtime package, made to work with Redraw!","['MIT']","https://github.com/ghivert/sketch","[]",66,"2025-01-12T16:56:11.517Z","2024-08-21T15:21:12.338Z","2025-01-15T17:36:23.146Z"
"slackin","https://hex.pm/packages/slackin","A library for interacting with Slack.","['MIT']","https://github.com/maxdeviant/slackin","[]",20,"2024-05-04T02:21:38.615Z","2024-05-04T02:21:36.259Z","2024-07-03T00:01:30.026Z"
"smol","https://hex.pm/packages/smol","A tiny webserver supporting all Javascript runtimes","['BSD-3-Clause']","https://gitlab.com/arkandos/smol","[]",34,"2025-04-19T10:43:03.517Z","2025-04-18T19:52:13.258Z","2025-04-22T16:32:07.685Z"
"snag","https://hex.pm/packages/snag","A boilerplate-free ad-hoc error type","['Apache-2.0']","https://github.com/gleam-experiments/snag","[]",41486,"2025-02-09T13:22:56.944Z","2021-03-22T18:58:26.016Z","2025-02-11T07:16:08.174Z"
"snowgleam","https://hex.pm/packages/snowgleam","Gleam version of the Twitter's snowflake format for unique IDs.","['Apache-2.0']","https://github.com/ezegros/snowgleam","[]",42,"2024-06-26T22:54:18.112Z","2024-06-25T20:55:07.428Z","2024-07-02T23:27:52.886Z"
"sol","https://hex.pm/packages/sol","A tiny Gleam library for calculating sun positions and phases.","['BSD-2-Clause']","https://github.com/1-bit-wonder/sol","[]",22,"2024-03-28T21:48:50.959Z","2024-03-28T21:48:48.836Z","2024-07-03T00:18:03.441Z"
"sonatina","https://hex.pm/packages/sonatina","A Gleam library for composing declarative state and imperative behaviors in JavaScript and on the BEAM","['Apache-2.0']","https://github.com/gisikw/sonatina","[]",10,"2025-04-01T02:40:05.025Z","2025-04-01T02:40:02.355Z","2025-04-03T08:37:34.728Z"
"sorbet","https://hex.pm/packages/sorbet","A simple key-value configuration format parser and formatter for Gleam with support for multi-line values.","['MIT']","https://github.com/gleemers/glee-sorbet","[]",142,"2025-03-07T23:56:28.483Z","2025-03-02T19:01:44.197Z","2025-03-11T04:07:40.237Z"
"sparkle","https://hex.pm/packages/sparkle","lib","['Apache-2.0']","https://github.com/tomaszbawor/https://github.com/tomaszbawor/sparkle","[]",52,"2024-03-15T16:32:19.839Z","2024-03-13T19:15:50.014Z","2024-07-03T00:31:12.332Z"
"sparkleplug","https://hex.pm/packages/sparkleplug","A Gleam library for working with the Sparkplug IoT protocol.","['MIT']","https://github.com/KavanPrice/sparkleplug","[]",92,"2025-04-05T17:12:08.225Z","2025-01-11T23:10:29.404Z","2025-04-08T12:15:36.966Z"
"spectator","https://hex.pm/packages/spectator","BEAM observer tool","['MIT']","https://github.com/JonasGruenwald/spectator","[]",455,"2025-02-22T13:24:12.843Z","2024-10-19T16:26:07.470Z","2025-02-25T10:38:03.095Z"
"spell_out","https://hex.pm/packages/spell_out","Spells out numbers in english","['MIT']","https://github.com/BlockListed/spell_out","[]",89,"2025-03-03T20:13:19.347Z","2024-11-03T09:32:23.780Z","2025-03-05T14:15:43.701Z"
"spinner","https://hex.pm/packages/spinner","Animated progress spinners for your console","['Apache-2.0']","https://github.com/lpil/spinner","[]",17151,"2025-01-08T12:21:08.431Z","2024-01-08T11:41:45.769Z","2025-01-11T15:54:21.668Z"
"splitter","https://hex.pm/packages/splitter","Efficiently slice prefixes from strings. Good for parsers!","['Apache-2.0']","https://github.com/lpil/splitter","[]",40,"2025-03-31T14:28:13.854Z","2025-03-31T13:52:53.953Z","2025-04-03T08:38:17.892Z"
"spoke","https://hex.pm/packages/spoke","A Gleam MQTT 3.1.1 client for the Erlang runtime.","['Apache-2.0']","https://github.com/sbergen/spoke","[]",117,"2025-04-16T16:12:01.983Z","2025-01-18T13:28:25.542Z","2025-04-18T19:46:06.296Z"
"spoke_tcp","https://hex.pm/packages/spoke_tcp","A TCP transport channel for the spoke MQTT client.","['Apache-2.0']","https://github.com/sbergen/spoke","[]",10,"2025-01-18T13:28:57.997Z","2025-01-18T13:28:55.339Z","2025-01-20T20:57:27.152Z"
"spotify_client","https://hex.pm/packages/spotify_client","A Gleam client for the Spotify API","['MIT']","https://github.com/adaminglehart/gleam_spotify_client","[]",68,"2025-02-24T04:48:49.943Z","2025-02-16T22:58:15.948Z","2025-02-26T07:14:09.607Z"
"spotless","https://hex.pm/packages/spotless","Instant OAuth integration for personal projects.","['Apache-2.0']","https://github.com/crowdhailer/spotless","[]",150,"2025-05-02T13:52:06.941Z","2025-04-21T10:28:04.908Z","2025-05-02T23:56:48.704Z"
"sprinkle","https://hex.pm/packages/sprinkle","A simple to use string formatting library","['AGPL-3.0-only']","https://github.com/LilyRose2798/sprinkle","[]",69,"2024-03-19T08:42:17.531Z","2024-03-19T08:29:17.100Z","2024-07-03T00:23:45.827Z"
"sprocket","https://hex.pm/packages/sprocket","A library for building live views and real-time server components in Gleam","['MIT']","https://github.com/bitbldr/sprocket","[]",1707,"2025-03-10T00:08:29.852Z","2023-07-16T04:00:20.495Z","2025-03-12T00:43:25.527Z"
"sprocket_mist","https://hex.pm/packages/sprocket_mist","A library for serving sprocket apps using the mist web server","['MIT']","https://github.com/bitbldr/sprocket_mist","[]",26,"2025-03-10T00:20:53.225Z","2025-03-10T00:20:51.053Z","2025-03-12T11:01:41.096Z"
"sqlc_gen_gleam","https://hex.pm/packages/sqlc_gen_gleam","A sqlc plugin for gleam that generates type-safe gleam code for your SQL statements.","['Apache-2.0']","https://github.com/daniellionel01/sqlc-gen-gleam","[]",12,"2024-12-14T23:09:18.581Z","2024-12-14T22:37:54.897Z","2024-12-17T19:56:04.669Z"
"sqlight","https://hex.pm/packages/sqlight","Use SQLite from Gleam!","['Apache-2.0']","https://github.com/lpil/sqlight","[]",12964,"2025-02-02T17:36:27.724Z","2022-12-31T12:16:57.907Z","2025-02-05T07:19:05.802Z"
"squeal","https://hex.pm/packages/squeal","SQL-Formatter for Gleam","['MIT']","https://github.com/MoeDevelops/squeal","[]",190,"2025-04-13T10:45:26.935Z","2024-10-21T13:02:08.514Z","2025-04-16T05:53:56.142Z"
"squirrel","https://hex.pm/packages/squirrel","🐿️ Type safe SQL in Gleam","['Apache-2.0']","https://github.com/giacomocavalieri/squirrel","[]",5254,"2025-04-28T18:19:53.803Z","2024-08-03T15:51:58.831Z","2025-05-01T17:02:41.127Z"
"stacky","https://hex.pm/packages/stacky","BEAM stack trace in Gleam: a stack trace of stack frames with module name, function name, arity, file name and line number.","['MPL-2.0']","https://github.com/inoas/stacky","[]",147,"2024-06-06T17:28:40.982Z","2024-05-15T20:08:51.020Z","2024-07-02T23:44:16.826Z"
"staff_ai","https://hex.pm/packages/staff_ai","Become the CEO of your own AI workforce, efficiently managing countless intelligent agents with minimal resources.","['Apache-2.0']","https://github.com/chainyo/staff-ai","[]",113,"2024-03-16T12:01:14.439Z","2024-03-15T18:54:58.475Z","2024-07-03T00:25:38.634Z"
"stardate","https://hex.pm/packages/stardate","A library for converting a calendar date to a stardate","['Apache-2.0']","https://codeberg.org/hoanga/stardate","[]",22,"2024-09-18T22:44:32.752Z","2024-09-14T02:09:05.188Z","2024-09-21T05:50:39.473Z"
"starfeeds","https://hex.pm/packages/starfeeds","Star feeds is a gleam package for json/rss/atom feed generator","['BSD-3-Clause']","https://github.com/Proqpine/starfeeds","[]",10,"2024-08-24T14:37:00.865Z","2024-08-24T14:20:31.491Z","2024-08-27T12:17:20.198Z"
"starflow","https://hex.pm/packages/starflow","A library for building stateful chains of LLM interactions!","['Apache-2.0']","https://github.com/ethanthoma/starflow","[]",30,"2025-01-11T00:42:42.389Z","2024-11-14T18:13:41.050Z","2025-01-14T10:45:21.207Z"
"starmap","https://hex.pm/packages/starmap","Type-Safe, ORM-like SQL Library for gleam","['MIT']","https://github.com/MoeDevelops/starmap","[]",10,"2024-07-04T17:46:18.462Z","2024-07-04T17:46:15.032Z","2024-07-08T16:25:57.559Z"
"startest","https://hex.pm/packages/startest","A testing framework to help you shoot for the stars","['MIT']","https://github.com/maxdeviant/startest","[]",4240,"2025-01-11T02:19:02.533Z","2024-04-20T02:47:42.065Z","2025-01-14T10:45:19.093Z"
"stdin","https://hex.pm/packages/stdin","This package provides a synchronous iterator for consuming stdin. It supports all the non-browser targets, Erlang, Node, Deno, and Bun.","['MIT']","https://github.com/olian04/gleam-stdin","[]",748,"2025-01-02T18:00:30.109Z","2024-06-03T12:25:48.610Z","2025-01-05T15:58:49.381Z"
"stego","https://hex.pm/packages/stego","Deno.serve for Gleam (","['MIT']","https://github.com/aslilac/stego","[]",45,"2024-01-10T02:38:05.317Z","2024-01-10T02:38:02.744Z","2024-07-03T00:53:21.338Z"
"stoiridh_version","https://hex.pm/packages/stoiridh_version","Semantic Versioning 2.0.0","['Apache-2.0']","https://gitlab.com/stoiridh-project/stoiridh-version","[]",306,"2024-07-07T05:35:59.039Z","2024-04-25T05:11:02.728Z","2024-07-09T23:01:29.652Z"
"storail","https://hex.pm/packages/storail","A simple on-disc JSON based data store","['Apache-2.0']","https://github.com/lpil/storail","[]",206,"2024-12-22T19:42:53.735Z","2024-10-21T16:53:55.131Z","2024-12-26T19:40:57.827Z"
"storch","https://hex.pm/packages/storch","A migration runner for gleam & sqlight","['Apache-2.0']","https://github.com/VioletBuse/storch","[]",711,"2024-06-28T16:51:05.776Z","2024-05-29T14:52:58.637Z","2024-07-02T23:24:56.880Z"
"stratus","https://hex.pm/packages/stratus","A Gleam WebSocket client","['Apache-2.0']","https://github.com/rawhat/stratus","[]",1834,"2025-03-16T17:19:51.143Z","2024-03-10T14:31:17.761Z","2025-03-18T21:31:28.636Z"
"string_format","https://hex.pm/packages/string_format","A string formatter library inspired by Python's .format() method","['Apache-2.0']","https://github.com/tkanerva/string_format","[]",13,"2024-08-04T21:39:57.010Z","2024-08-04T20:52:56.464Z","2024-08-07T11:18:05.588Z"
"string_width","https://hex.pm/packages/string_width","Layout and measure the sizes of a strings printed in the terminal!","['BSD-3-Clause']","https://gitlab.com/arkandos/string-width","[]",582,"2024-12-01T18:54:58.106Z","2024-09-13T11:33:05.085Z","2024-12-04T13:34:44.929Z"
"sturnidae","https://hex.pm/packages/sturnidae","Binding to Starling Bank's API","['Apache-2.0']","https://github.com/lpil/sturnidae","[]",14,"2024-05-08T10:27:48.863Z","2024-05-08T10:27:46.220Z","2024-07-02T23:58:21.844Z"
"subdued","https://hex.pm/packages/subdued","A dom manipulation library for gleam","['Apache-2.0']","","[]",24,"2024-11-22T23:11:30.696Z","2024-11-22T20:06:59.735Z","2024-11-26T10:33:17.376Z"
"sunny","https://hex.pm/packages/sunny","A gleam Open-meteo API client to get weather forecasts.","['MIT']","https://github.com/leo-210/sunny","[]",23,"2024-08-07T21:22:43.831Z","2024-08-07T11:29:42.482Z","2024-08-09T14:22:45.361Z"
"supa","https://hex.pm/packages/supa","An isomorphic Gleam library for Supabase (Auth only so far).","['Apache-2.0']","https://github.com/crowdhailer/supa","[]",34,"2024-12-20T10:24:09.601Z","2024-12-13T16:57:09.135Z","2024-12-22T23:12:54.939Z"
"surreal_gleam","https://hex.pm/packages/surreal_gleam","A SurrealDB Orm for Gleam!","['MIT']","","[]",12,"2024-07-02T15:54:01.777Z","2024-07-02T15:53:59.385Z","2024-07-05T17:04:25.006Z"
"survey","https://hex.pm/packages/survey","A library to easily create rich and interactive prompts in the terminal","['Apache-2.0']","https://github.com/calvinmclean/survey","[]",166,"2024-03-24T00:21:35.459Z","2024-03-23T21:22:19.306Z","2024-07-03T00:20:38.653Z"
"swen_jwt","https://hex.pm/packages/swen_jwt","json web tokens in gleam","['MIT']","","[]",20,"2024-07-30T13:57:03.780Z","2024-07-29T20:32:41.230Z","2024-08-01T12:17:24.325Z"
"systemd_status","https://hex.pm/packages/systemd_status","Inspect the status of running systemd units","['Apache-2.0']","https://github.com/lpil/systemd_status","[]",51,"2024-02-29T10:01:27.219Z","2024-02-28T16:22:59.418Z","2024-07-03T00:36:59.237Z"
"tagg","https://hex.pm/packages/tagg","An HTML templating engine that uses XML/HTML tag syntax to render HTML.","['MIT']","https://github.com/jasonprogrammer/tagg","[]",158,"2024-09-21T17:10:40.018Z","2024-09-03T03:21:25.861Z","2024-09-24T15:46:53.162Z"
"tallgrass","https://hex.pm/packages/tallgrass","Gleam wrapper for the PokeAPI.","['MIT']","https://github.com/stevetoro/tallgrass","[]",194,"2024-10-04T01:52:09.173Z","2024-09-01T21:02:25.000Z","2024-10-06T14:32:08.512Z"
"tardis","https://hex.pm/packages/tardis","Time traveller debugger, tailor-made for Lustre","['MIT']","https://github.com/ghivert/tardis","[]",1174,"2024-12-26T00:09:08.135Z","2024-04-26T09:29:54.998Z","2024-12-29T09:19:45.876Z"
"task_limiter","https://hex.pm/packages/task_limiter","A library which manages a list of tasks, running then N at a time.","['MIT']","https://github.com/devries/task_limiter","[]",16,"2025-04-14T17:15:54.311Z","2025-04-14T17:15:51.650Z","2025-04-16T05:53:06.524Z"
"tcpea","https://hex.pm/packages/tcpea","A TCP library for Gleam.","['MIT']","https://github.com/orvitpng/tcpea","[]",24,"2024-07-03T00:44:43.741Z","2024-07-02T04:40:46.306Z","2024-07-06T23:39:42.984Z"
"telega","https://hex.pm/packages/telega","Gleam Telegram Bot Library","['Apache-2.0']","https://github.com/bondiano/telega-gleam","[]",1046,"2025-04-28T11:54:20.813Z","2024-03-22T14:38:26.613Z","2025-05-01T06:44:03.105Z"
"temporary","https://hex.pm/packages/temporary","Temporary files in Gleam","['Apache-2.0']","https://github.com/giacomocavalieri/temporary","[]",34,"2024-06-04T08:13:31.154Z","2024-06-04T08:01:24.538Z","2024-07-02T23:45:36.738Z"
"tenthash","https://hex.pm/packages/tenthash","Gleam based implementation of TentHash for Erlang targets","['Apache-2.0']","https://github.com/pendletong/tenthash","[]",20,"2024-10-21T18:29:50.862Z","2024-10-20T20:09:59.159Z","2024-10-24T02:41:12.367Z"
"term_size","https://hex.pm/packages/term_size","Retrieve the terminal's size in rows and columns on all targets","['Apache-2.0']","https://github.com/MystPi/term_size","[]",1794,"2024-04-13T11:58:28.994Z","2024-04-12T20:21:55.582Z","2024-07-03T00:09:31.514Z"
"terminal_link","https://hex.pm/packages/terminal_link","Easily create clickable terminal hyperlinks","['MIT']","https://github.com/hougesen/terminal_link","[]",12,"2025-03-20T04:06:05.684Z","2025-03-20T04:06:03.140Z","2025-03-23T04:38:16.401Z"
"testbldr","https://hex.pm/packages/testbldr","A library for programatically building and running test cases","['Apache-2.0']","https://github.com/bcpeinhardt/testbldr","[]",284,"2024-02-01T17:50:54.097Z","2023-09-05T17:41:11.008Z","2024-07-03T00:47:39.473Z"
"testcontainers_gleam","https://hex.pm/packages/testcontainers_gleam","Gleam TestContainers wrapper around Elixir TestContainers","['MIT']","https://github.com/darky/testcontainers-gleam","[]",32,"2024-06-11T18:21:12.385Z","2024-06-11T18:17:50.527Z","2024-07-02T23:42:02.300Z"
"the_stars","https://hex.pm/packages/the_stars","A terminal styling and logging framework based off the Golang Charm Lipgloss framework.","['Apache-2.0']","https://github.com/Genekkion/theStars","[]",31,"2024-06-01T15:55:45.597Z","2024-06-01T15:55:42.664Z","2024-07-02T23:47:26.124Z"
"themis","https://hex.pm/packages/themis","Prometheus client in pure Gleam!","['MIT']","https://github.com/guillheu/Themis","[]",225,"2025-02-12T05:48:33.245Z","2024-12-19T18:42:25.910Z","2025-02-15T03:53:38.579Z"
"tickle","https://hex.pm/packages/tickle","Gleam Testing utility for simulating send_after delays and defining synchronization points","['Apache-2.0']","https://github.com/sbergen/tickle","[]",10,"2025-04-05T20:35:50.239Z","2025-04-05T20:35:47.629Z","2025-04-08T12:15:33.603Z"
"timestamps","https://hex.pm/packages/timestamps","timestamps in Gleam","['Apache-2.0']","https://github.com/pswsm/timestamps","[]",249,"2025-01-27T01:08:29.809Z","2024-11-12T17:38:35.299Z","2025-01-29T10:41:33.900Z"
"tinyroute","https://hex.pm/packages/tinyroute","A tiny http routing library","['MIT']","https://github.com/matteac/tinyroute_gl","[]",287,"2024-12-17T23:15:03.015Z","2024-05-25T06:30:52.769Z","2024-12-19T23:17:57.052Z"
"tobble","https://hex.pm/packages/tobble","A simple table library for Gleam","['BSD-3-Clause']","https://github.com/ollien/tobble","[]",322,"2025-03-16T16:12:58.062Z","2024-12-01T00:05:23.324Z","2025-03-18T21:31:29.848Z"
"tom","https://hex.pm/packages/tom","A pure Gleam TOML parser!","['Apache-2.0']","https://github.com/lpil/tom","[]",35387,"2025-01-02T14:57:22.259Z","2023-11-12T17:12:16.989Z","2025-01-06T02:16:04.713Z"
"totally","https://hex.pm/packages/totally","TOTP (Time-based One-Time Password) for Gleam","['Apache-2.0']","https://github.com/okkdev/totally","[]",120,"2025-03-25T12:42:34.907Z","2024-08-22T11:18:47.635Z","2025-03-27T11:43:24.874Z"
"tote","https://hex.pm/packages/tote","Bags (or multisets) in Gleam","['Apache-2.0']","https://github.com/giacomocavalieri/tote","[]",143,"2024-10-31T06:12:48.202Z","2023-10-23T12:11:42.878Z","2024-11-02T22:34:40.381Z"
"toy","https://hex.pm/packages/toy","Practical composable decoders and validators for Gleam","['Apache-2.0']","https://github.com/Hackder/toy","[]",325,"2024-10-06T19:33:02.845Z","2024-08-29T16:02:16.960Z","2024-10-09T14:14:38.024Z"
"translate","https://hex.pm/packages/translate","Translate gleam applications with locale files","['MIT']","https://github.com/andre-dasilva/translate","[]",58,"2024-06-02T15:50:02.832Z","2024-06-01T21:18:20.376Z","2024-07-02T23:46:43.456Z"
"transparent_http","https://hex.pm/packages/transparent_http","Simple HTTP client to power API wrappers written in Gleam","['Apache-2.0']","https://github.com/HarryET/transparent_http","[]",185,"2023-02-11T12:42:45.893Z","2023-02-11T12:19:27.159Z","2024-07-03T01:49:52.390Z"
"treelist","https://hex.pm/packages/treelist","Fast list implementation using AVL tree","['Apache-2.0']","https://github.com/pendletong/treelist","[]",104,"2025-03-09T12:00:02.001Z","2024-09-11T17:02:55.264Z","2025-03-11T14:24:54.399Z"
"trellis","https://hex.pm/packages/trellis","A simple Gleam library for pretty printing tabular data!","['MIT']","https://github.com/ethanthoma/trellis","[]",128,"2025-02-10T07:32:17.778Z","2025-01-28T08:05:39.973Z","2025-02-12T03:51:34.160Z"
"trie_again","https://hex.pm/packages/trie_again","Tries in Gleam","['Apache-2.0']","https://github.com/giacomocavalieri/trie_again","[]",2838,"2024-02-10T22:22:42.248Z","2023-06-14T20:22:07.241Z","2024-07-03T00:44:54.892Z"
"trust","https://hex.pm/packages/trust","Data validation library for Gleam","['MIT']","https://github.com/krystofrezac/trust","[]",22,"2024-04-04T17:29:05.099Z","2024-04-04T17:29:02.610Z","2024-07-03T00:14:23.750Z"
"tubes","https://hex.pm/packages/tubes","a nice irc library","['MPL-2.0']","https://git.sr.ht/~leah/tubes_core","[]",26,"2024-05-29T21:53:02.839Z","2024-05-29T21:53:00.192Z","2024-07-02T23:48:44.603Z"
"tulip","https://hex.pm/packages/tulip","Tulip is a simple Gleam project for adding color to your terminal output. All 256 ANSI colors are supported.","['MIT']","https://github.com/johnnymayodev/tulip","[]",28,"2024-05-16T20:14:32.963Z","2024-05-16T20:03:33.627Z","2024-07-02T23:55:01.401Z"
"tupler","https://hex.pm/packages/tupler","Use constructors directly with tuples","['MIT']","https://github.com/MoeDevelops/tupler","[]",12,"2024-06-30T16:52:58.265Z","2024-06-30T16:52:55.750Z","2024-07-03T03:54:15.663Z"
"typed_headers","https://hex.pm/packages/typed_headers","Types for HTTP headers","['AGPL-3.0-only']","https://github.com/LilyRose2798/typed_headers","[]",167,"2024-03-20T11:48:21.843Z","2024-03-20T08:47:24.514Z","2024-07-03T00:22:30.599Z"
"unchained","https://hex.pm/packages/unchained","A framework for developing applications powered by large language models (LLMs) in Gleam","['MIT']","https://github.com/lostbean/unchained","[]",10,"2024-11-11T14:55:48.798Z","2024-11-11T14:55:45.894Z","2024-11-14T01:09:18.495Z"
"utilsbr","https://hex.pm/packages/utilsbr","A simple brazillian documents such as CPF and CNPJ utilities library","['Apache-2.0']","https://github.com/malvfr/utilsbr","[]",68,"2024-11-10T13:08:39.650Z","2024-11-02T02:50:52.376Z","2024-11-13T04:38:47.672Z"
"uwu","https://hex.pm/packages/uwu","simple uwu-ifier","['WTFPL']","https://codeberg.org/JevFungus/uwu","[]",110,"2025-03-12T18:55:28.478Z","2025-03-11T23:23:53.455Z","2025-03-18T21:33:31.807Z"
"valid","https://hex.pm/packages/valid","A composable validation library for gleam","['MIT']","https://github.com/sporto/gleam-valid","[]",1899,"2025-04-18T06:42:54.790Z","2024-03-10T05:24:34.196Z","2025-04-21T09:36:43.264Z"
"validate_monadic","https://hex.pm/packages/validate_monadic","Monadic Validation in Gleam!","['ISC']","https://github.com/abradley2/gleam-validate","[]",57,"2024-03-23T14:08:33.340Z","2024-03-23T12:07:18.186Z","2024-07-03T00:20:47.273Z"
"validated","https://hex.pm/packages/validated","Easily accumulate errors in Gleam!","['MIT']","https://github.com/ryanmiville/validated","[]",99,"2025-01-21T20:52:27.801Z","2024-09-26T02:21:43.204Z","2025-01-24T17:33:02.025Z"
"varasto","https://hex.pm/packages/varasto","Typed access to LocalStorage/SessionStorage in Gleam","['MIT']","https://git.ahlcode.fi//nicd/varasto","[]",191,"2024-08-18T10:44:58.483Z","2023-09-14T18:20:40.057Z","2024-08-21T02:58:31.476Z"
"verify","https://hex.pm/packages/verify","Ergonomic data validation library inspired by decode!","['MIT']","https://github.com/tylermeekel/verify","[]",62,"2024-12-21T03:25:00.152Z","2024-12-20T09:04:29.899Z","2024-12-25T12:51:48.118Z"
"vindaloo","https://hex.pm/packages/vindaloo","Spicy curry functions that support a larger function arity","['ISC']","https://github.com/abradley2/vindaloo","[]",25,"2024-03-31T16:19:49.348Z","2024-03-31T16:19:46.840Z","2024-07-03T00:16:22.212Z"
"vleam","https://hex.pm/packages/vleam","Vue composition API bindings for Gleam","['Apache-2.0']","https://github.com/vleam/vleam","[]",855,"2024-12-16T19:07:38.963Z","2024-04-23T12:00:04.041Z","2024-12-19T02:45:30.413Z"
"wasmify","https://hex.pm/packages/wasmify","Load and use WebAssembly in your JavaScript compiled Gleam projects","['Apache-2.0']","https://github.com/endercheif/wasmify","[]",50,"2023-08-04T01:10:39.056Z","2023-08-04T00:56:01.585Z","2024-07-03T01:23:42.808Z"
"wayfinder","https://hex.pm/packages/wayfinder","Typesafe Routing in Gleam","['Apache-2.0']","https://github.com/daniellionel01/wayfinder","[]",36,"2025-05-01T10:10:02.554Z","2025-04-30T20:51:55.075Z","2025-05-02T23:57:36.220Z"
"weapp","https://hex.pm/packages/weapp","Gleam bindings for wechat miniprogram, a.k.a weapp","['Apache-2.0']","https://github.com/kaiwu/weapp","[]",90,"2025-01-25T14:47:05.898Z","2024-07-20T14:52:14.284Z","2025-01-28T03:49:51.098Z"
"webls","https://hex.pm/packages/webls","A simple web utility library for RSS feeds, Sitemaps, Robots.txt, etc.","['Apache-2.0']","https://github.com/versecafe/webls","[]",564,"2025-03-06T20:42:55.617Z","2024-08-09T03:18:07.339Z","2025-03-09T10:57:02.110Z"
"webmidi","https://hex.pm/packages/webmidi","Web MIDI API bindings for Gleam","['Apache-2.0']","https://github.com/enderchief/webmidi","[]",52,"2024-03-26T06:33:45.372Z","2024-03-26T06:33:43.038Z","2024-07-03T00:19:19.586Z"
"wechat_dev_tools","https://hex.pm/packages/wechat_dev_tools","tools to develop wechat miniprogram in gleam","['MIT']","https://github.com/kaiwu/wechat_dev_tools","[]",10,"2024-07-20T15:17:59.498Z","2024-07-20T15:17:55.766Z","2024-07-24T10:01:21.408Z"
"wemote","https://hex.pm/packages/wemote","A gleam package for executing code on remote nodes.","['Apache-2.0']","https://github.com/VioletBuse/wemote","[]",12,"2024-06-25T13:45:07.590Z","2024-06-25T13:45:05.017Z","2024-07-02T23:29:09.729Z"
"wimp","https://hex.pm/packages/wimp","A Gleam client for the Pushover push notification API","['Apache-2.0']","https://github.com/lpil/wimp-pushover","[]",243,"2025-04-27T10:14:21.383Z","2023-10-22T15:24:56.372Z","2025-04-30T10:06:18.353Z"
"wink","https://hex.pm/packages/wink","A simple Gleam box drawing library","['GPL-3.0']","https://github.com/MAHcodes/wink","[]",113,"2024-04-09T06:44:44.074Z","2024-04-09T03:02:02.025Z","2024-07-03T00:11:59.153Z"
"wisp","https://hex.pm/packages/wisp","A practical web framework for Gleam","['Apache-2.0']","https://github.com/gleam-wisp/wisp","[]",81041,"2025-03-21T16:25:39.498Z","2023-07-18T18:17:34.314Z","2025-03-24T11:33:18.585Z"
"wisp_flash","https://hex.pm/packages/wisp_flash","Middleware to use flash messages in Wisp","['Apache-2.0']","https://github.com/sporto/wisp_flash","[]",66,"2024-08-23T23:35:01.856Z","2024-07-26T13:55:19.587Z","2024-08-26T15:49:59.067Z"
"wisp_kv_sessions","https://hex.pm/packages/wisp_kv_sessions","Session management library for Wisp. Manage user sessions in a simple key-value store.","['Apache-2.0']","https://github.com/MaxHill/wisp_kv_sessions","[]",436,"2024-12-19T22:26:50.872Z","2024-09-11T20:45:34.168Z","2024-12-22T12:56:12.284Z"
"wisp_kv_sessions_ets_store","https://hex.pm/packages/wisp_kv_sessions_ets_store","Erlang Term Storage (ETS) driver for wisp_kv_sessions","['Apache-2.0']","","[]",26,"2024-12-19T22:40:40.896Z","2024-09-18T18:35:52.527Z","2024-12-22T12:56:10.132Z"
"wisp_kv_sessions_postgres_store","https://hex.pm/packages/wisp_kv_sessions_postgres_store","Postgres driver for wisp_kv_sessions","['Apache-2.0']","https://github.com/MaxHill/wisp_kv_sessions_postgres_store","[]",26,"2024-12-19T22:34:01.974Z","2024-09-12T17:53:22.188Z","2024-12-22T12:56:11.176Z"
"wolf","https://hex.pm/packages/wolf","An user friendly logger","['Apache-2.0']","","[]",14,"2024-06-25T19:21:06.194Z","2024-06-25T19:18:39.357Z","2024-07-02T23:28:51.201Z"
"worm","https://hex.pm/packages/worm","A library for caching deterministic calculations in Gleam","['MIT']","https://github.com/mscharley/gleam-worm","[]",462,"2024-10-10T08:13:13.027Z","2024-07-12T03:41:07.490Z","2024-10-13T00:12:10.788Z"
"wp_tables","https://hex.pm/packages/wp_tables","A Gleam library","['Apache-2.0']","","[]",19,"2024-06-16T22:40:41.436Z","2024-06-16T22:40:37.524Z","2024-07-02T23:37:48.093Z"
"xdgleam","https://hex.pm/packages/xdgleam","A library to read XDG Base Directory in pure Gleam-lang","['Apache-2.0']","https://github.com/haruki7049/xdgleam","[]",13,"2025-03-31T05:33:45.079Z","2025-03-31T05:33:42.377Z","2025-04-02T12:00:53.606Z"
"xmb","https://hex.pm/packages/xmb","A tiny XML builder for Gleam","['Apache-2.0']","https://github.com/lpil/xmb","[]",712,"2025-04-06T11:17:07.838Z","2024-07-14T16:49:31.767Z","2025-04-08T12:15:22.398Z"
"xmleam","https://hex.pm/packages/xmleam","A lean builder for XML all for Gleam","['Apache-2.0']","https://github.com/tovedetered/xmleam","[]",789,"2025-01-15T17:16:43.212Z","2024-03-12T19:38:00.502Z","2025-01-19T03:50:28.062Z"
"xmljson","https://hex.pm/packages/xmljson","Convert between XML and JSON using the BadgerFish specification","['MIT']","https://codeberg.org/edwinvanl/xmljson","[]",34,"2024-12-21T21:04:19.261Z","2024-12-15T18:49:45.043Z","2024-12-26T09:24:21.725Z"
"xmlm","https://hex.pm/packages/xmlm","An pull-based XML parser for the Gleam programming language","['Apache-2.0','MIT']","https://github.com/mooreryan/gleam_xmlm","[]",10,"2024-07-10T00:36:47.538Z","2024-07-10T00:36:43.942Z","2024-07-12T12:14:57.265Z"
"xo","https://hex.pm/packages/xo","The essentials of Tic-tac-toe extracted into a library.","['BSD-3-Clause']","https://github.com/dwayne/gleam-xo","[]",12,"2025-02-19T00:38:17.826Z","2025-02-19T00:38:14.382Z","2025-02-21T13:58:46.858Z"
"ygleam","https://hex.pm/packages/ygleam","Yjs Gleam Bindings","['Apache-2.0']","https://github.com/weedonandscott/gleam_yjs","[]",1020,"2025-04-07T16:41:53.094Z","2024-05-22T13:20:54.180Z","2025-04-09T19:09:25.968Z"
"yodel","https://hex.pm/packages/yodel","A type-safe configuration loader for Gleam that handles JSON, YAML, and TOML with environment variable resolution.","['Apache-2.0']","https://github.com/fluximus-prime/yodel","[]",485,"2025-04-19T06:56:30.950Z","2025-03-21T06:20:28.187Z","2025-04-22T16:32:10.540Z"
"youid","https://hex.pm/packages/youid","Generate and parse UUIDs","['Apache-2.0']","https://github.com/lpil/youid","[]",50733,"2025-04-03T12:31:05.653Z","2024-02-16T16:19:58.772Z","2025-04-06T08:45:21.882Z"
"zeptomail","https://hex.pm/packages/zeptomail","A wrapper for ZeptoMail's transactional email API","['Apache-2.0']","https://github.com/lpil/zeptomail","[]",496,"2024-09-21T09:34:09.961Z","2022-06-24T15:50:11.499Z","2024-09-24T05:32:10.954Z"
"zip_list","https://hex.pm/packages/zip_list","A list-like data structure that maintains a selected element","['Apache-2.0']","https://github.com/Massolari/zip_list","[]",15,"2024-07-30T13:36:19.613Z","2024-07-29T19:23:16.455Z","2024-08-01T12:17:25.368Z"
"zipnotic","https://hex.pm/packages/zipnotic","A grab bag of zip functions.","['Apache-2.0']","https://github.com/JosephTLyons/zipnotic","[]",40,"2024-12-06T23:07:49.321Z","2024-12-06T07:44:00.016Z","2024-12-09T16:47:26.029Z"
